{"Id":"C3VQ4","Source":{"Latitude":35.73240816024178,"Longitude":139.580064051834},"Target":{"Latitude":35.737517355810745,"Longitude":139.57751658395256},"EdgePath":[106337514,106337514,106337512,106337512,106337512,106337512,134677109,134677109,134677109,134677109,134677109,134677109,134677109,134677109,134677109,134677109,134677109,134677109,134677109,296970597,296970597,296970597,565951165,565951165],"Costs":[13.62267749786098,94.939,7.365,48.359,32.147,72.408,24.667,6.106,39.876,46.625,2.8,47.035,50.931,77.627,1.778,30.982,77.328,13.794,46.173,39.99,38.582,14.423,107.546,21.308164312306413],"CoordinatePath":["(35.73240816024178, 139.580064051834, NaN)","(35.73226636049747, 139.57994109943377, NaN)","(35.73210263398519, 139.57890900773353, NaN)","(35.73208922293982, 139.57882910025484, NaN)","(35.73205606785542, 139.5782948936141, NaN)","(35.73202794191304, 139.57794043223427, NaN)","(35.731935368447054, 139.5771463865894, NaN)","(35.732152925405344, 139.5770929286724, NaN)","(35.73220675585136, 139.57707951762706, NaN)","(35.73255954085051, 139.5770001689419, NaN)","(35.73297304808288, 139.57691448726314, NaN)","(35.73299782126392, 139.57690889932758, NaN)","(35.73341319114148, 139.57681036539697, NaN)","(35.73386395127767, 139.5767101550857, NaN)","(35.73455275746925, 139.57657138801898, NaN)","(35.734568589953376, 139.5765685940512, NaN)","(35.734845006499704, 139.57652538068277, NaN)","(35.735537724246186, 139.57658982820638, NaN)","(35.735661776415895, 139.57658852435475, NaN)","(35.73607342100308, 139.57653208620545, NaN)","(35.73618834621135, 139.57695192643146, NaN)","(35.736297683484054, 139.57735761055406, NaN)","(35.73633866167825, 139.5775092298726, NaN)","(35.73719547846605, 139.57758503953184, NaN)","(35.737332662066656, 139.57774987735772, NaN)"]}
{"Id":"LJTTD","Source":{"Latitude":35.70057170504251,"Longitude":139.55890473483447},"Target":{"Latitude":35.70359638670802,"Longitude":139.55479199115092},"EdgePath":[69350840,69350840,69350840,69350840,69350840],"Costs":[142.6664121947225,79.607,50.488,35.402,63.122986836969375],"CoordinatePath":["(35.70057170504251, 139.55890473483447, NaN)","(35.7027447380739, 139.55712723487156, NaN)","(35.70292113057348, 139.55630748472305, NaN)","(35.70318134210664, 139.5558492740061, NaN)","(35.70337673358716, 139.5555408199625, NaN)","(35.7037786612882, 139.55505142719028, NaN)"]}
{"Id":"UKP1D","Source":{"Latitude":35.73712072426551,"Longitude":139.54826266764644},"Target":{"Latitude":35.740113874195465,"Longitude":139.55724685960146},"EdgePath":[282952711,657882675,657882675,239955919,141781250,141780897,141781124,141781030,141781342,141781342,141781342,141781342,141781342,141781342,141781342,141781342,141781342,141781342,141781342,141781342,141781342,776990358,562908928],"Costs":[2.673716419398401,50.597,15.163,39.258,93.154,125.149,42.334,98.045,64.65,43.524,61.781,34.536,161.656,31.232,124.479,37.864,76.68,47.37,32.978,46.077,18.228,76.804,67.97230545933493],"CoordinatePath":["(35.73712072426551, 139.54826266764644, NaN)","(35.7371442557233, 139.54828879717638, NaN)","(35.73711408087121, 139.5488481495272, NaN)","(35.73710514017429, 139.54901578759439, NaN)","(35.73708409228364, 139.54944997018836, NaN)","(35.73627142018687, 139.5496522534561, NaN)","(35.736328975923264, 139.55103284607156, NaN)","(35.73594881003981, 139.55100751409697, NaN)","(35.73592403685877, 139.55209324997872, NaN)","(35.73638355142735, 139.5525320891857, NaN)","(35.73668995656125, 139.55283216132594, NaN)","(35.737121345187454, 139.55326354995213, NaN)","(35.73735715606862, 139.55351258561416, NaN)","(35.73852522086781, 139.55457894998594, NaN)","(35.73874091518091, 139.55480060476364, NaN)","(35.73960965289793, 139.55567046006777, NaN)","(35.73987507983763, 139.5559332793042, NaN)","(35.74040723756866, 139.55647363267408, NaN)","(35.74073208288995, 139.55681319289238, NaN)","(35.740958766809676, 139.557048817509, NaN)","(35.74127374011145, 139.5573805546175, NaN)","(35.7413981648102, 139.55751205736797, NaN)","(35.74071476028967, 139.55738856399182, NaN)","(35.740110196315726, 139.55727715313452, NaN)"]}
{"Id":"GTGKB","Source":{"Latitude":35.69924374888747,"Longitude":139.55364382043453},"Target":{"Latitude":35.69440761435458,"Longitude":139.5536400908075},"EdgePath":[37586053,145229967,145229967,145229967,145229967,145229967,145229967,145229967,145229967,145229967,145229967,287491706,287491706,145229952,145229952,145229952,145229952,145229952,145229952,145229952,145229952,145229952,148184446,148184446,145229965,145229948,145229948,145229948,145229948,145229973,145229982,145229982,145229982,165955683],"Costs":[160.474,14.325,88.747,23.263,24.471,46.988,14.145,51.464,16.079,9.514,4.676,29.566,27.904,22.188,50.492,26.012,31.224,15.503,18.995,20.46,32.418,68.539,40.605,56.158,5.592,25.828,28.823,10.727,31.758,61.079,54.139,30.057,41.201,402.743],"CoordinatePath":["(35.69924374888747, 139.55364382043453, NaN)","(35.70438945377744, 139.55336245641178, NaN)","(35.704384052106384, 139.55320394530602, NaN)","(35.70435033822843, 139.5522219587614, NaN)","(35.70434158379603, 139.55196454119604, NaN)","(35.70432742769258, 139.55169408511432, NaN)","(35.70431699687951, 139.55117384831252, NaN)","(35.70431066388586, 139.55101738611648, NaN)","(35.70429091984684, 139.55044797548163, NaN)","(35.704285331911265, 139.5502700928659, NaN)","(35.70428104782733, 139.5501648534126, NaN)","(35.704280116504734, 139.55011307187632, NaN)","(35.70426465654965, 139.5497861776453, NaN)","(35.704255343323695, 139.54947735107268, NaN)","(35.704246588891294, 139.54923185443653, NaN)","(35.70422572726516, 139.54867324714377, NaN)","(35.704214923923054, 139.5483854684618, NaN)","(35.70420356178739, 139.54803994777888, NaN)","(35.7041977875873, 139.5478683981568, NaN)","(35.70418921941942, 139.54765829177927, NaN)","(35.70417990619346, 139.54743198038858, NaN)","(35.70416835779328, 139.54707323492482, NaN)","(35.70414395714128, 139.5463147658031, NaN)","(35.7041558780705, 139.54586605457663, NaN)","(35.7042164140392, 139.54524858769585, NaN)","(35.7042212569167, 139.54518693414002, NaN)","(35.70425329441398, 139.5449036258065, NaN)","(35.7042905473178, 139.54458772118213, NaN)","(35.70430563474385, 139.5444703745351, NaN)","(35.704352200873615, 139.54412336373605, NaN)","(35.70443005944259, 139.54345374278992, NaN)","(35.70446433211411, 139.54285564741915, NaN)","(35.70448482121121, 139.54252372404613, NaN)","(35.704505310308306, 139.54206812103246, NaN)","(35.700888612141206, 139.54187887628106, NaN)"]}
{"Id":"DBDJ9","Source":{"Latitude":35.71234429285181,"Longitude":139.53193317928316},"Target":{"Latitude":35.71644872338395,"Longitude":139.52863217661329},"EdgePath":[141764744,141764744,141764744,141764744,177953016,177953016,177953016,177953016,177953016,177953016,177953016,177953016,177953016,177953016,177953016,177953016],"Costs":[46.83231786910824,46.133,68.456,159.407,73.799,30.922,23.136,7.078,30.302,30.934,120.854,29.215,26.913,28.112,28.267,8.368860922269892],"CoordinatePath":["(35.71234429285181, 139.53193317928316, NaN)","(35.712373496123554, 139.53141434933426, NaN)","(35.71240199459498, 139.53090472961003, NaN)","(35.712437012324564, 139.53014775060447, NaN)","(35.712510959338644, 139.52838457066682, NaN)","(35.71317108079428, 139.52846932102298, NaN)","(35.71344805613417, 139.52850005466863, NaN)","(35.71365518227939, 139.52852445532065, NaN)","(35.7137186984804, 139.52852967072718, NaN)","(35.713989154562114, 139.5285708351859, NaN)","(35.71426575737296, 139.52860752929615, NaN)","(35.71534702290625, 139.52874331613057, NaN)","(35.71560835202653, 139.528776843744, NaN)","(35.715849378314225, 139.52880403836377, NaN)","(35.716100649150476, 139.52883849729983, NaN)","(35.716353968896435, 139.528864760597, NaN)","(35.716428849533365, 139.52887409239844, NaN)"]}
{"Id":"MCYUU","Source":{"Latitude":35.72384449438569,"Longitude":139.5393768625775},"Target":{"Latitude":35.729687735219244,"Longitude":139.5329542708068},