{"Id":"EOKS3","Source":{"Latitude":35.719072468546784,"Longitude":139.58405422804657},"Target":{"Latitude":35.71795344691192,"Longitude":139.59011312874688},"EdgePath":[672434101,38324513,38324513,38324513,38324513,91596551],"Costs":[101.564,98.852,30.866,127.989,26.278,100.366],"CoordinatePath":["(35.719072468546784, 139.58405422804657, NaN)","(35.719972343444205, 139.58155377764004, NaN)","(35.71908628312691, 139.5816424395511, NaN)","(35.71880912152251, 139.58166143853205, NaN)","(35.71766266340754, 139.58178698081792, NaN)","(35.71742666626185, 139.581802440773, NaN)","(35.7175402876185, 139.582905126726, NaN)"]}
{"Id":"Y5QHW","Source":{"Latitude":35.73742461136784,"Longitude":139.57519866161562},"Target":{"Latitude":35.73086509275149,"Longitude":139.57734105328254},"EdgePath":[116358188,116358188,116357886,116357886,116357886,116357886,116357886,134677109,134677109,134677109,134677109,134677109,134677109,134677109,134677109,134677109,134677109,134677109,134677109,134677109,134677109,134677109,134677109],"Costs":[9.48788552710865,51.413,56.934,59.561,15.578,29.78,28.508,46.173,13.794,77.328,30.982,1.778,77.627,50.931,47.035,2.8,46.625,39.876,6.106,24.667,55.256,44.613,20.335405154753403],"CoordinatePath":["(35.73742461136784, 139.57519866161562, NaN)","(35.73761867145342, 139.5752803886372, NaN)","(35.73768349150606, 139.57584439760097, NaN)","(35.73722043791161, 139.57611354983106, NaN)","(35.73671957261978, 139.57634489036377, NaN)","(35.73658397204989, 139.57638828999671, NaN)","(35.73632562316192, 139.57647527552714, NaN)","(35.73607342100308, 139.57653208620545, NaN)","(35.735661776415895, 139.57658852435475, NaN)","(35.735537724246186, 139.57658982820638, NaN)","(35.734845006499704, 139.57652538068277, NaN)","(35.734568589953376, 139.5765685940512, NaN)","(35.73455275746925, 139.57657138801898, NaN)","(35.73386395127767, 139.5767101550857, NaN)","(35.73341319114148, 139.57681036539697, NaN)","(35.73299782126392, 139.57690889932758, NaN)","(35.73297304808288, 139.57691448726314, NaN)","(35.73255954085051, 139.5770001689419, NaN)","(35.73220675585136, 139.57707951762706, NaN)","(35.732152925405344, 139.5770929286724, NaN)","(35.731935368447054, 139.5771463865894, NaN)","(35.731446982878005, 139.57725944915248, NaN)","(35.73105191583302, 139.57734568962482, NaN)","(35.730872210720335, 139.5773874904573, NaN)"]}
{"Id":"R5Z02","Source":{"Latitude":35.722820306881296,"Longitude":139.58295739702533},"Target":{"Latitude":35.728129804663354,"Longitude":139.5834677215506},"EdgePath":[149530795,149530795,149530795,149530795,100820774,100820773,149530788,149530788,149530788,149530788,149530788,149530788,116367913,116367913,694901930,694901930,694892831,694892831,694892831,694892831,694892831,694892831,158806449,158806449,100492850,100616873,100616873],"Costs":[42.128,31.496,33.805,41.789,58.83,100.122,24.155,33.786,33.384,8.495,43.949,33.013,34.972,28.985,77.324,79.918,53.685,54.54,87.932,42.858,14.361,33.254,84.322,80.933,58.139,67.801,122.86],"CoordinatePath":["(35.722820306881296, 139.58295739702533, NaN)","(35.721984372779374, 139.58158991295673, NaN)","(35.7219260719849, 139.58124849009323, NaN)","(35.72186181072582, 139.58088248031325, NaN)","(35.721783020834245, 139.58042985753187, NaN)","(35.722311825803935, 139.5804089959057, NaN)","(35.72321166969564, 139.58036932156315, NaN)","(35.72320552296651, 139.58010184571376, NaN)","(35.72319453335988, 139.57972782655943, NaN)","(35.72317963219835, 139.57935846401807, NaN)","(35.7231742305273, 139.57926458670045, NaN)","(35.72316491730135, 139.57877787751207, NaN)","(35.723153927694725, 139.57841242652563, NaN)","(35.72346834220294, 139.5784025545061, NaN)","(35.72372892626514, 139.57839435886729, NaN)","(35.72442406545037, 139.5783740560347, NaN)","(35.72514267396501, 139.57836213510546, NaN)","(35.72562547159848, 139.57835878234414, NaN)","(35.72611590607723, 139.5783496553827, NaN)","(35.72690659896075, 139.57833419542763, NaN)","(35.7272856472571, 139.5782481412198, NaN)","(35.727410071955845, 139.57820548664492, NaN)","(35.727704369896, 139.57814029406325, NaN)","(35.727631726733556, 139.57907012654252, NaN)","(35.72755684839689, 139.57996196105992, NaN)","(35.72807634014062, 139.57988894536842, NaN)","(35.72811098534117, 139.58063884632227, NaN)","(35.728169286135646, 139.58199801851805, NaN)"]}
{"Id":"LTARM","Source":{"Latitude":35.73721108944314,"Longitude":139.56764734134754},"Target":{"Latitude":35.731316577398886,"Longitude":139.56424132993425},"EdgePath":[282926069,282926108,141780855,572529745,141775077,141775077,141775077,141775077,141775077,141775077,141775077,141781273,141781273,141781273,141781273,141781273,141781158,141781158,141780861,141781317,141781156,141781156],"Costs":[11.836458312646027,100.879,40.773,49.822,18.557,30.881,28.479,138.524,54.177,99.649,97.129,37.933,2.64,41.617,42.414,50.666,46.346,47.273,7.708,6.145,18.038,48.00576633518256],"CoordinatePath":["(35.73721108944314, 139.56764734134754, NaN)","(35.73705093719924, 139.5677133925493, NaN)","(35.737141648020035, 139.56660586371882, NaN)","(35.737467797192956, 139.5663996688962, NaN)","(35.737433710785965, 139.5658492572423, NaN)","(35.73726681777686, 139.56584981603584, NaN)","(35.7369890973789, 139.56584981603584, NaN)","(35.73673298366516, 139.56584739459709, NaN)","(35.73548724656151, 139.56583491487433, NaN)","(35.735000723637654, 139.56586732490064, NaN)","(35.734113731997766, 139.56602062059986, NaN)","(35.73326287567458, 139.5662640683263, NaN)","(35.73317663520224, 139.56585745288112, NaN)","(35.733170674737636, 139.56582914067423, NaN)","(35.73307102321992, 139.5653847135317, NaN)","(35.73295907824395, 139.56493562977616, NaN)","(35.73277821539592, 139.56442042211637, NaN)","(35.732368805982965, 139.56432412336002, NaN)","(35.73195120093117, 139.56422596195844, NaN)","(35.73188191053007, 139.56422875592625, NaN)","(35.73187427368479, 139.56429618368216, NaN)","(35.731738486850375, 139.56440552095486, NaN)","(35.731365275844695, 139.56413816695047, NaN)"]}
{"Id":"FC8FB","Source":{"Latitude":35.73266579554029,"Longitude":139.53727490230284},"Target":{"Latitude":35.74026061338513,"Longitude":139.54218572158337},"EdgePath":[719079287,719079287,719079287,719079287,719079287,259684728,141964351,141964351,141964294,141963794,141963794,141781079,141781079,141780856,141963902,141963940,141963686,141964279,141963916,141964326],"Costs":[35.50718562003271,16.835,114.965,48.056,11.11,81.014,21.082,34.759,220.363,87.351,5.136,32.714,36.851,123.113,77.418,105.357,110.296,115.335,77.332,123.68184311416304],"CoordinatePath":["(35.73266579554029, 139.53727490230284, NaN)","(35.73223860708412, 139.53753220746367, NaN)","(35.73219073710272, 139.5377091587568, NaN)","(35.73195231851829, 139.53894688648612, NaN)","(35.73193983879551, 139.53947904421716, NaN)","(35.731935368447054, 139.53960197879974, NaN)","(35.732588598115484, 139.53999704584473, NaN)","(35.732521170359576, 139.5402153478611, NaN)","(35.73240047095121, 139.54056925044736, NaN)","(35.734362953924304, 139.54040496514153, NaN)","(35.73512626592352, 139.5401762323121, NaN)","(35.73517115567262, 139.5401628212667, NaN)","(35.73522163335729, 139.5405198903498, NaN)","(35.73534326408826, 139.54089018421374, NaN)","(35.73641987300858, 139.54057185815063, NaN)","(35.73709787585805, 139.54037683919915, NaN)","(35.73802286545983, 139.54012389198223, NaN)","(35.738313996903166, 139.5412839474071, NaN)","(35.73870496612873, 139.54235887994673, NaN)","(35.73938594921051, 139.54218490888593, NaN)","(35.74027738266599, 139.54228506299697, NaN)"]}
{"Id":"8P1ZX","Source":{"Latitude":35.719335256371366,"Longitude":139.53176312165257},"Target":{"Latitude":35.726166112003604,"Longitude":139.52806335914323},"EdgePath":[141765052,141765230,141765230,141765230,141764843,141764843,141764843,141764843,141764843,141764843,141764843,141764843,141764843,141764843,141764843,141764843,141764843,284237719,284237719,141765271,141765271,141765271,59263533],