{"Id":"OU87A","Source":{"Latitude":35.73571778982671,"Longitude":139.53514721245742},"Target":{"Latitude":35.74126255302012,"Longitude":139.52756857261662},"EdgePath":[283271378,283271378,141964351,141964351,141964351,141964351,141964362,141964362,141964362,141964362,141964362,141964362,141964362,141964362,141964362,141964362,141964362,526892703,526892703,526892703,526892703,423962371,423962372],"Costs":[47.556,85.978,61.742,1.984,75.781,148.462,68.083,9.269,29.008,47.9,29.042,29.552,50.595,50.827,71.268,26.981,21.642,36.084,15.138,30.968,19.265,57.088,7.151],"CoordinatePath":["(35.73571778982671, 139.53514721245742, NaN)","(35.73641055978262, 139.5350088820236, NaN)","(35.73716902890434, 139.53503011617877, NaN)","(35.73747692415439, 139.53446089180844, NaN)","(35.737487913761015, 139.53444356920818, NaN)","(35.73792340020664, 139.53379816264953, NaN)","(35.73882901829844, 139.53259116856586, NaN)","(35.739205272627, 139.53199605342738, NaN)","(35.739256495369744, 139.53191502836157, NaN)","(35.739416869120674, 139.5316615223511, NaN)","(35.7396815510023, 139.53124279971217, NaN)","(35.73984565004361, 139.53099246019852, NaN)","(35.74001515075598, 139.53074025803969, NaN)","(35.740230286275526, 139.53024628453508, NaN)","(35.74047820435043, 139.52977466277275, NaN)","(35.740893387963474, 139.52917321464062, NaN)","(35.7410438896949, 139.52893870761108, NaN)","(35.74116458910326, 139.5287505804468, NaN)","(35.74136053937735, 139.52843188185466, NaN)","(35.741442309501224, 139.5282977714009, NaN)","(35.741609761303884, 139.52802359002882, NaN)","(35.74171388317005, 139.52785297172932, NaN)","(35.741311365544306, 139.5274603261231, NaN)","(35.74126591700165, 139.52751639174335, NaN)"]}
{"Id":"QFAAH","Source":{"Latitude":35.70739398652211,"Longitude":139.5509080006215},"Target":{"Latitude":35.703696132622895,"Longitude":139.55742889850006},"EdgePath":[148052354,148052365,148052350,141764755,158667853,158667852,158667849,158667849,158667849,158667849,158667849,158667849,158667849,158667849,158667849,158667849,158667849,145230427,145230439,148183090,148057714,145230195,148057701,148057741,148057794,145230320,145230320,145230320,145230320,145229952,145229952,145229952,145229952,145229952,145229952,145229952,145229952,145229952,287491706,287491706,145229967,145229967,145229967,145229967,145229967,145229967,145229967,145229967,145229967,145229967,145229967,37586054,37586054,37586054,37586054,37586054,69350232,69351472],"Costs":[704.7252455798545,17.486,30.279,8.165,6.338,6.062,18.207,19.823,3.838,18.333,41.028,42.923,21.019,39.673,67.328,46.189,53.538,35.411,21.641,3.718,28.508,25.118,27.263,27.348,37.292,15.815,25.964,92.178,49.423,68.539,32.418,20.46,18.995,15.503,31.224,26.012,50.492,22.188,27.904,29.566,4.676,9.514,16.079,51.464,14.145,46.988,24.471,23.263,88.747,14.325,100.447,46.52,45.303,37.045,34.248,22.769,69.508,50.06905304004728],"CoordinatePath":["(35.70739398652211, 139.5509080006215, NaN)","(35.70968867934545, 139.5441727238336, NaN)","(35.70973654932685, 139.54399055713395, NaN)","(35.70958548880187, 139.54371153288434, NaN)","(35.70951210058135, 139.54371469938118, NaN)","(35.70945510363851, 139.54371563070376, NaN)","(35.70940071439894, 139.54372028731675, NaN)","(35.709237732944736, 139.54373965882672, NaN)","(35.70906022285805, 139.5437599616593, NaN)","(35.709025763922014, 139.54376256936257, NaN)","(35.70886129235166, 139.54377672546602, NaN)","(35.708493047397425, 139.54379963600186, NaN)","(35.70810785237196, 139.54383074217657, NaN)","(35.70791898014961, 139.54384042793157, NaN)","(35.707563773711705, 139.5438817786548, NaN)","(35.706960090405346, 139.5439395206557, NaN)","(35.70654565185038, 139.54397416585627, NaN)","(35.70606508939114, 139.54401085996653, NaN)","(35.70603994368106, 139.54440164292757, NaN)","(35.70602001337752, 139.54464006151198, NaN)","(35.70601666061617, 139.5446810397062, NaN)","(35.70598033903495, 139.5449935915692, NaN)","(35.70594681142152, 139.54526870426392, NaN)","(35.70591030357578, 139.54556728628802, NaN)","(35.705865600091194, 139.54586512325403, NaN)","(35.70579165307712, 139.54626745461525, NaN)","(35.70564953324905, 139.54627434640247, NaN)","(35.70541614380664, 139.546265219441, NaN)","(35.704587266696706, 139.54628123818966, NaN)","(35.70414395714128, 139.5463147658031, NaN)","(35.70416835779328, 139.54707323492482, NaN)","(35.70417990619346, 139.54743198038858, NaN)","(35.70418921941942, 139.54765829177927, NaN)","(35.7041977875873, 139.5478683981568, NaN)","(35.70420356178739, 139.54803994777888, NaN)","(35.704214923923054, 139.5483854684618, NaN)","(35.70422572726516, 139.54867324714377, NaN)","(35.704246588891294, 139.54923185443653, NaN)","(35.704255343323695, 139.54947735107268, NaN)","(35.70426465654965, 139.5497861776453, NaN)","(35.704280116504734, 139.55011307187632, NaN)","(35.70428104782733, 139.5501648534126, NaN)","(35.704285331911265, 139.5502700928659, NaN)","(35.70429091984684, 139.55044797548163, NaN)","(35.70431066388586, 139.55101738611648, NaN)","(35.70431699687951, 139.55117384831252, NaN)","(35.70432742769258, 139.55169408511432, NaN)","(35.70434158379603, 139.55196454119604, NaN)","(35.70435033822843, 139.5522219587614, NaN)","(35.704384052106384, 139.55320394530602, NaN)","(35.70438945377744, 139.55336245641178, NaN)","(35.704427824268365, 139.55447389679716, NaN)","(35.70442801053289, 139.55498910445695, NaN)","(35.70443676496528, 139.55549071480687, NaN)","(35.70444496060412, 139.55590086927788, NaN)","(35.7044505485397, 139.55628010383873, NaN)","(35.70448239977246, 139.5565246691523, NaN)","(35.70414153570253, 139.55712947004577, NaN)","(35.70369134803317, 139.55714080834727, NaN)"]}
{"Id":"ABNJU","Source":{"Latitude":35.734308064524846,"Longitude":139.5589102964117},"Target":{"Latitude":35.74170658273357,"Longitude":139.55755008778914},"EdgePath":[141781218,141781247,141781247,776990361,776990361,776990361,776990361,562764568,562764573,562764573,562764573,562908929,562908929,141781342,141781342,141781342,562764580,562764579,562764579],"Costs":[22.928084384995344,152.789,10.205,113.75,183.698,67.2,100.1,38.197,19.958,81.105,96.553,12.799,51.485,18.228,47.924,78.536,69.043,34.958,16.52422010533485],"CoordinatePath":["(35.734308064524846, 139.5589102964117, NaN)","(35.73397123964067, 139.5588736510025, NaN)","(35.734434106970596, 139.55733100825543, NaN)","(35.734433920706074, 139.55721794569234, NaN)","(35.73545241509644, 139.55710004025175, NaN)","(35.73709843465161, 139.55692644171998, NaN)","(35.73770174542893, 139.55688602231933, NaN)","(35.73860084426256, 139.55692308895863, NaN)","(35.738942453390564, 139.5569676061787, NaN)","(35.73912052227081, 139.55699535959204, NaN)","(35.739842856075825, 139.55712015681982, NaN)","(35.740701162979775, 139.55728220695144, NaN)","(35.74081497060094, 139.5573034411066, NaN)","(35.74127374011145, 139.5573805546175, NaN)","(35.7413981648102, 139.55751205736797, NaN)","(35.74173176456388, 139.55784826482494, NaN)","(35.7422784509274, 139.5583992352724, NaN)","(35.742161476809414, 139.55765827501546, NaN)","(35.74185078759158, 139.5575990428984, NaN)","(35.74170395726837, 139.55757082488978, NaN)"]}
{"Id":"DJQRR","Source":{"Latitude":35.72062628832651,"Longitude":139.56218421767943},"Target":{"Latitude":35.72404656769992,"Longitude":139.56655965562038},"EdgePath":[145236051,141775042,141774971,141775170,141775170,651066498,149127450,296954898,296954898,296954898,651066499,141774939,116358617,116358617,654444021],"Costs":[39.323468246363355,51.962,44.193,44.8,97.989,75.883,9.816,76.206,212.005,47.413,14.123,38.605,58.231,48.951,65.56483463695102],