{"Id":"RNA46","Source":{"Latitude":35.70495247791118,"Longitude":139.5485174893593},"Target":{"Latitude":35.700839853495495,"Longitude":139.55488149977717},"EdgePath":[243729172,287491717,145229952,287491706,287491706,145229967,145229967,145229967,145229967,145229967,145229967,145229967,145229967,145229967,145229967,145229967,37586054,37586054,37586054,37586054,146847622],"Costs":[65.77812596201852,82.158,22.188,27.904,29.566,4.676,9.514,16.079,51.464,14.145,46.988,24.471,23.263,88.747,14.325,100.447,46.52,45.303,37.045,34.248,170.097],"CoordinatePath":["(35.70495247791118, 139.5485174893593, NaN)","(35.70498512770947, 139.54924563801092, NaN)","(35.704246588891294, 139.54923185443653, NaN)","(35.704255343323695, 139.54947735107268, NaN)","(35.70426465654965, 139.5497861776453, NaN)","(35.704280116504734, 139.55011307187632, NaN)","(35.70428104782733, 139.5501648534126, NaN)","(35.704285331911265, 139.5502700928659, NaN)","(35.70429091984684, 139.55044797548163, NaN)","(35.70431066388586, 139.55101738611648, NaN)","(35.70431699687951, 139.55117384831252, NaN)","(35.70432742769258, 139.55169408511432, NaN)","(35.70434158379603, 139.55196454119604, NaN)","(35.70435033822843, 139.5522219587614, NaN)","(35.704384052106384, 139.55320394530602, NaN)","(35.70438945377744, 139.55336245641178, NaN)","(35.704427824268365, 139.55447389679716, NaN)","(35.70442801053289, 139.55498910445695, NaN)","(35.70443676496528, 139.55549071480687, NaN)","(35.70444496060412, 139.55590086927788, NaN)","(35.7044505485397, 139.55628010383873, NaN)","(35.70292113057348, 139.55630748472305, NaN)"]}
{"Id":"4GJEQ","Source":{"Latitude":35.706773195360995,"Longitude":139.5348327806301},"Target":{"Latitude":35.70300887546096,"Longitude":139.5315035160073},"EdgePath":[155373715,155373715,56197707,56197707,56197707,26202055,68366680,68366680,68366680],"Costs":[60.37909282460767,92.685,85.701,121.255,24.612,84.737,33.168,81.688,72.29],"CoordinatePath":["(35.706773195360995, 139.5348327806301, NaN)","(35.706983187205715, 139.53416324110694, NaN)","(35.70719813646074, 139.53317156880732, NaN)","(35.706429050261434, 139.53310954272246, NaN)","(35.70533977535381, 139.5330463990505, NaN)","(35.705122032131, 139.5329996466562, NaN)","(35.70529451307568, 139.53209402856442, NaN)","(35.70500040140004, 139.53206739273818, NaN)","(35.704265774136765, 139.53206087348002, NaN)","(35.70361589722967, 139.53206217733165, NaN)"]}
{"Id":"1L2F5","Source":{"Latitude":35.70204312022182,"Longitude":139.56092473584005},"Target":{"Latitude":35.70158287900186,"Longitude":139.56679569333474},"EdgePath":[96054587,96054587,96054587,96054587,96054587,96054587,742090625,742090625,742090625,742090625,742090625,742090615,742090615,742090615,145238390,145130502,145130484],"Costs":[150.094,2.17,81.491,15.214,36.254,179.339,61.337,21.607,37.49,22.962,34.903,41.745,47.548,47.253,29.31,118.687,125.341],"CoordinatePath":["(35.70204312022182, 139.56092473584005, NaN)","(35.704184376541924, 139.56292993343465, NaN)","(35.70420188540672, 139.56294055051222, NaN)","(35.70485641892679, 139.5633400879057, NaN)","(35.704973951838326, 139.563426328378, NaN)","(35.70527104374627, 139.56359173127098, NaN)","(35.70672614216937, 139.5644478030007, NaN)","(35.70653373092116, 139.5650844551269, NaN)","(35.70646593063621, 139.5653087176079, NaN)","(35.70635156422149, 139.56569931430442, NaN)","(35.706281342497796, 139.56593847794693, NaN)","(35.70616865246375, 139.5662992723204, NaN)","(35.706045159087594, 139.56673587635314, NaN)","(35.70589614747232, 139.5672294773287, NaN)","(35.70575030235388, 139.5677210293946, NaN)","(35.70566499320414, 139.56802817958658, NaN)","(35.70469027097576, 139.56749248282966, NaN)","(35.70368313872106, 139.56688395664582, NaN)"]}
{"Id":"ADI2L","Source":{"Latitude":35.701035341588366,"Longitude":139.55644816985753},"Target":{"Latitude":35.697160584624264,"Longitude":139.56223913435372},"EdgePath":[69350840,146847622,37586054,146455041,146455041,146455041,146455041,146455041,97200663,161644153,145238399,145238399,150175237,96054586,96054578,145238510,145238510,145238510,96054587],"Costs":[46.457929557885855,170.097,22.769,36.535,20.875,44.258,57.77,44.37,55.126,26.877,58.917,58.859,31.381,39.726,96.794,65.995,40.508,35.954,150.094],"CoordinatePath":["(35.701035341588366, 139.55644816985753, NaN)","(35.70292113057348, 139.55630748472305, NaN)","(35.7044505485397, 139.55628010383873, NaN)","(35.70448239977246, 139.5565246691523, NaN)","(35.70441068793261, 139.55691824608112, NaN)","(35.704351083286504, 139.5571374794201, NaN)","(35.70420505190354, 139.5575934549628, NaN)","(35.704002023577736, 139.55818205084313, NaN)","(35.70382674866528, 139.55862349775336, NaN)","(35.70427136207233, 139.55889358130605, NaN)","(35.704166867677124, 139.55916198847805, NaN)","(35.70463737185234, 139.5594620606183, NaN)","(35.70511718925351, 139.5597373595775, NaN)","(35.70500356789686, 139.56005549937612, NaN)","(35.70500654812917, 139.5604954561702, NaN)","(35.70475360091225, 139.56151674452835, NaN)","(35.70448407615313, 139.56216792528707, NaN)","(35.70432351613768, 139.56257062917734, NaN)","(35.704184376541924, 139.56292993343465, NaN)","(35.70298129401314, 139.5621770522485, NaN)"]}
{"Id":"P2GWE","Source":{"Latitude":35.71342921842844,"Longitude":139.54549791411154},"Target":{"Latitude":35.717088380634216,"Longitude":139.54771926989503},"EdgePath":[145235436,145235436,145235436,145235436,145235398,145235398,141764755,141764755,141764755,141764755,26202054,141759373,141759373,141759373,141759373,141759373,141759373,141759373,141759373,53754096,141759488,141759422],"Costs":[41.73456250919534,21.488,36.887,70.487,36.956,70.37,64.203,1.667,61.712,53.789,27.505,73.465,103.044,107.879,36.148,62.709,24.65,95.082,54.764,18.285,36.077,104.1910451468509],"CoordinatePath":["(35.71342921842844, 139.54549791411154, NaN)","(35.713009030662676, 139.54549073157065, NaN)","(35.71283543213089, 139.54538623717545, NaN)","(35.7125359187842, 139.54521058973395, NaN)","(35.711935588239186, 139.54495987769127, NaN)","(35.7120752866285, 139.5445884662402, NaN)","(35.71233046901965, 139.54387525939663, NaN)","(35.712906398912665, 139.54392592334582, NaN)","(35.712921300074186, 139.54392797225552, NaN)","(35.713474878224915, 139.54397677355954, NaN)","(35.71395767585839, 139.54401402646334, NaN)","(35.714205035139734, 139.5440125363472, NaN)","(35.714530439254574, 139.54472071404876, NaN)","(35.714972631222885, 139.54572374848405, NaN)","(35.71544220407551, 139.54676925122968, NaN)","(35.71559680362635, 139.54712147743527, NaN)","(35.71587918063728, 139.54772273930288, NaN)","(35.71599522343267, 139.54795538368722, NaN)","(35.716439278046174, 139.5488550413144, NaN)","(35.7165430273833, 139.5494464311625, NaN)","(35.716660932823885, 139.54930524265703, NaN)","(35.71657599620318, 139.54891986136704, NaN)","(35.71651525071509, 139.5477682173926, NaN)"]}
{"Id":"O5BAW","Source":{"Latitude":35.717544532146505,"Longitude":139.54768413478334},"Target":{"Latitude":35.71458526808048,"Longitude":139.55315120547053},"EdgePath":[171517669,172483117,147857368,141759426,53754096,779233667,779233667,779233667,779233667,779233667,779233667,779233667,779233667,779233667,779233667,779233667,145235438,145235437,572839485],"Costs":[34.66053494278483,22.198,11.436,10.033,18.285,28.052,14.088,107.569,3.127,30.833,46.881,17.053,20.714,14.983,47.768,43.724,119.933,60.533,62.45910918469491],