{"Id":"97N92","Source":{"Latitude":35.72507815337229,"Longitude":139.56677009815985},"Target":{"Latitude":35.73005470718531,"Longitude":139.57482941799125},"EdgePath":[197127605,259688689,638646001,197127604,197127604,116358545,116358996,116358996,116358996,116357730,282840563,116358229,116357633,116357633,116357633,116357633,116357633,201097100,201097100,201097100,560080431,560080430,116359133,116358892,116357611,116358271,116358271,36504132,560710014,560710014,560710014,259688694,259688694,116357951,116357585],"Costs":[27.939907237178023,21.438,46.754,26.698,19.505,24.48,13.986,19.74,9.065,48.392,145.025,10.901,88.39,24.952,55.265,30.747,43.048,49.906,44.549,53.157,2.223,14.613,26.525,5.422,7.684,45.246,31.459,57.631,23.761,25.327,37.482,112.589,104.402,25.749,11.284695226979338],"CoordinatePath":["(35.72507815337229, 139.56677009815985, NaN)","(35.72490947078711, 139.56738035158918, NaN)","(35.72510113697725, 139.5674060560928, NaN)","(35.725127959068, 139.5679229401333, NaN)","(35.725367495239546, 139.5679026373007, NaN)","(35.72554258388749, 139.56788941251983, NaN)","(35.72557890546871, 139.56815688836926, NaN)","(35.72558449340428, 139.5683116741846, NaN)","(35.72559492421735, 139.56852997620098, NaN)","(35.72559697312706, 139.56863037277677, NaN)","(35.72562006992742, 139.56916569700462, NaN)","(35.72602705790163, 139.57030675344853, NaN)","(35.72612372918704, 139.5702866368805, NaN)","(35.726266035279615, 139.5712499969732, NaN)","(35.72630626841574, 139.57152194317106, NaN)","(35.72637313737809, 139.57212860670973, NaN)","(35.72641839965623, 139.57246462790218, NaN)","(35.7264815433282, 139.5729351320774, NaN)","(35.72693006829016, 139.57291520177384, NaN)","(35.727330350741674, 139.57289415388317, NaN)","(35.72780793296862, 139.572867890586, NaN)","(35.727827863272154, 139.57286584167628, NaN)","(35.727958993493594, 139.57285503833418, NaN)","(35.7281972258135, 139.57284013717265, NaN)","(35.728245840852985, 139.57283548055966, NaN)","(35.72831494498957, 139.57283529429515, NaN)","(35.728721560434735, 139.57281610904968, NaN)","(35.72900412371019, 139.57281592278517, NaN)","(35.72949716589221, 139.57263505993714, NaN)","(35.72969628266311, 139.57253950623883, NaN)","(35.72990955553747, 139.57244097230824, NaN)","(35.73022192113598, 139.57228488264124, NaN)","(35.73027593784651, 139.57352894336424, NaN)","(35.73037186407384, 139.5746794992986, NaN)","(35.73014294497988, 139.57472252640252, NaN)","(35.73004288351562, 139.57474339738732, NaN)"]}
{"Id":"3BKBH","Source":{"Latitude":35.73752017781875,"Longitude":139.5798093224825},"Target":{"Latitude":35.73336751422154,"Longitude":139.57510121722913},"EdgePath":[212600179,296970597,296970597,296970597,296970597,296970597,296970597,296970597,296970597,296970597,296970597,296970597,296970597,134677109,134677109,134677109,134677109,134677109,134677109,134677109,116358433,116358433,116358426,116358426,116358426],"Costs":[62.21534135797445,28.14,5.251,44.344,22.02,41.99,12.891,17.154,28.785,40.343,14.423,38.582,39.99,46.173,13.794,77.328,30.982,1.778,77.627,50.931,48.459,48.82,9.824,31.18,13.139065504027638],"CoordinatePath":["(35.73752017781875, 139.5798093224825, NaN)","(35.73699543037255, 139.58005285814522, NaN)","(35.73691962071329, 139.57975539370824, NaN)","(35.73690546460983, 139.57969988688157, NaN)","(35.736783833878874, 139.57923199040962, NaN)","(35.73672516055536, 139.57899897349623, NaN)","(35.73660967655353, 139.57855603646985, NaN)","(35.736573727501344, 139.57842024963543, NaN)","(35.736525857519936, 139.57823957305192, NaN)","(35.73644948906711, 139.57793484429868, NaN)","(35.73633866167825, 139.5775092298726, NaN)","(35.736297683484054, 139.57735761055406, NaN)","(35.73618834621135, 139.57695192643146, NaN)","(35.73607342100308, 139.57653208620545, NaN)","(35.735661776415895, 139.57658852435475, NaN)","(35.735537724246186, 139.57658982820638, NaN)","(35.734845006499704, 139.57652538068277, NaN)","(35.734568589953376, 139.5765685940512, NaN)","(35.73455275746925, 139.57657138801898, NaN)","(35.73386395127767, 139.5767101550857, NaN)","(35.73341319114148, 139.57681036539697, NaN)","(35.73330869674628, 139.57628975606613, NaN)","(35.73319917320905, 139.57576598023846, NaN)","(35.73317197858927, 139.57566241716583, NaN)","(35.733094306284805, 139.57533049379282, NaN)","(35.73306708250986, 139.57518884412863, NaN)"]}
{"Id":"4D2ER","Source":{"Latitude":35.72076506816611,"Longitude":139.53939773707776},"Target":{"Latitude":35.718125153992325,"Longitude":139.53438625515847},"EdgePath":[149528778,141764814,141759581,141759581,141759581,141759581,141765066,141764976,149705067,149705058,149705043,148789557,148789556,549343146,141765185],"Costs":[27.994270965499968,16.373,54.238,34.178,9.013,61.1,92.097,24.864,51.48,28.632,28.427,146.763,12.124,41.959,23.136621448010906],"CoordinatePath":["(35.72076506816611, 139.53939773707776, NaN)","(35.72074794890168, 139.5390882612561, NaN)","(35.720600986196125, 139.53909962339176, NaN)","(35.72055311621472, 139.5385017142855, NaN)","(35.72052033365936, 139.53812527369243, NaN)","(35.72051176549148, 139.53802599470376, NaN)","(35.72045327843249, 139.5373530209963, NaN)","(35.72042068214165, 139.53633378154785, NaN)","(35.72019735098326, 139.53631999797344, NaN)","(35.720233858829005, 139.5357515186612, NaN)","(35.72025676936485, 139.53543561403683, NaN)","(35.720002332031775, 139.53540488039118, NaN)","(35.71869345125616, 139.5352618292405, NaN)","(35.71870965626932, 139.53512902263842, NaN)","(35.71855487045396, 139.53474420014197, NaN)","(35.71859478393271, 139.53449269935263, NaN)"]}
{"Id":"VH28W","Source":{"Latitude":35.728114723635315,"Longitude":139.5391174298249},"Target":{"Latitude":35.72491151360114,"Longitude":139.5441775973938},"EdgePath":[150057326,291310258,59272317,344286687,344286687,141781304,141781304,141781304,141781304,149116040,149116040,149116040,149116040,149116040,149116040,344286690,344286689,344286689,344286689,344286689,344286689,548848929],"Costs":[41.57223181430142,9.84,136.044,109.729,68.499,47.163,56.598,30.535,52.534,10.853,51.52,47.847,19.08,23.01,15.862,12.251,1.581,48.485,76.622,29.695,136.701,54.905725564753524],"CoordinatePath":["(35.728114723635315, 139.5391174298249, NaN)","(35.72805845874679, 139.5395792545284, NaN)","(35.72797333586156, 139.53954945220536, NaN)","(35.72761924701078, 139.54099207090567, NaN)","(35.72857459772918, 139.541292888104, NaN)","(35.72916002711266, 139.54152907151422, NaN)","(35.729049944781885, 139.54203366209643, NaN)","(35.72891844203141, 139.5426393943125, NaN)","(35.72886032750145, 139.54297001383387, NaN)","(35.72884933789483, 139.5435334640041, NaN)","(35.728752666609424, 139.5435500415463, NaN)","(35.728290358073046, 139.5435880395082, NaN)","(35.727861018356556, 139.54362342976682, NaN)","(35.727689654999, 139.54363441937346, NaN)","(35.72748308764733, 139.54364969306403, NaN)","(35.727340781554744, 139.54366198652227, NaN)","(35.72723088548849, 139.54367167227727, NaN)","(35.727216729385034, 139.54367334865793, NaN)","(35.726782174262006, 139.54371767961348, NaN)","(35.72609541698014, 139.54378734254362, NaN)","(35.72582905871784, 139.54381118440207, NaN)","(35.72460511456293, 139.5438478785123, NaN)","(35.72488803442345, 139.5441125873081, NaN)"]}
{"Id":"60JK1","Source":{"Latitude":35.71455061588289,"Longitude":139.5473491559367},"Target":{"Latitude":35.72275645060877,"Longitude":139.55653977994936},"EdgePath":[145235451,145235451,145235451,145235486,145235486,145235491,145235491,779233667,779233667,141774843,141774843,141774843,141774843,141774843,141774843,141774843,141775038,141775038,141775038,141775112,141774959],"Costs":[24.92174495242597,59.372,67.806,30.317,31.773,30.017,93.663,14.088,28.052,67.654,166.2,40.622,177.071,226.219,32.637,199.677,30.604,75.393,52.708,73.837,10.721173245589313],