{"Id":"09O9A","Source":{"Latitude":35.72127495693242,"Longitude":139.56140006639308},"Target":{"Latitude":35.723360140232025,"Longitude":139.5656753337241},"EdgePath":[34322469,141775042,141774971,141775170,141775170,651066498,149127450,296954898,296954898,296954898,651066499,141774939],"Costs":[49.60066187322707,51.962,44.193,44.8,97.989,75.883,9.816,76.206,212.005,47.413,14.123,29.089484929554274],"CoordinatePath":["(35.72127495693242, 139.56140006639308, NaN)","(35.721416452260684, 139.56205337260783, NaN)","(35.721864977222644, 139.56219884519723, NaN)","(35.722255760183685, 139.56228806590187, NaN)","(35.72265138602223, 139.5623819432195, NaN)","(35.72349479176465, 139.56269654399225, NaN)","(35.723754630768774, 139.56191926215408, NaN)","(35.723836028363614, 139.5619613579354, NaN)","(35.72356799372065, 139.5627382672445, NaN)","(35.723151506255974, 139.56502149771947, NaN)","(35.72311257697148, 139.56554452848906, NaN)","(35.72309879339707, 139.5657000593625, NaN)","(35.723357880117334, 139.56565542904667, NaN)"]}
{"Id":"02WZB","Source":{"Latitude":35.6984573712251,"Longitude":139.57358062567755},"Target":{"Latitude":35.6974685678023,"Longitude":139.5820212899857},"EdgePath":[32618845,178772547,178772547,178772547,178772547,178772547,178772547],"Costs":[115.925,37.35,107.999,23.8,39.682,38.076,139.032],"CoordinatePath":["(35.6984573712251, 139.57358062567755, NaN)","(35.70412290925062, 139.5732154601786, NaN)","(35.704008915364945, 139.57360456675897, NaN)","(35.703674198024146, 139.57472736928003, NaN)","(35.703600251010066, 139.5749747285614, NaN)","(35.70347731642747, 139.57538730447115, NaN)","(35.70335922472237, 139.5757831165742, NaN)","(35.702934169089815, 139.57723095068107, NaN)"]}
{"Id":"YT02B","Source":{"Latitude":35.73700316844885,"Longitude":139.57661403655516},"Target":{"Latitude":35.732962819025424,"Longitude":139.57671850375294},"EdgePath":[700569811,116357886,116357886,116357886,134677109,134677109,134677109,134677109,134677109,134677109,134677109,134677109,638630343],"Costs":[31.49556237788999,15.578,29.78,28.508,46.173,13.794,77.328,30.982,1.778,77.627,50.931,47.035,17.618214891938162],"CoordinatePath":["(35.73700316844885, 139.57661403655516, NaN)","(35.73671957261978, 139.57634489036377, NaN)","(35.73658397204989, 139.57638828999671, NaN)","(35.73632562316192, 139.57647527552714, NaN)","(35.73607342100308, 139.57653208620545, NaN)","(35.735661776415895, 139.57658852435475, NaN)","(35.735537724246186, 139.57658982820638, NaN)","(35.734845006499704, 139.57652538068277, NaN)","(35.734568589953376, 139.5765685940512, NaN)","(35.73455275746925, 139.57657138801898, NaN)","(35.73386395127767, 139.5767101550857, NaN)","(35.73341319114148, 139.57681036539697, NaN)","(35.73299782126392, 139.57690889932758, NaN)","(35.73296544461501, 139.5767178285687, NaN)"]}
{"Id":"YA617","Source":{"Latitude":35.732905612705004,"Longitude":139.57368631305732},"Target":{"Latitude":35.7364892047119,"Longitude":139.57556655544965},"EdgePath":[637951797,116359221,116359221,116359221,116358180,116357835,200943377,200943377,200943377,141774841,116358512,116358512,116358512,116358751,116358751,237324442],"Costs":[19.653,14.466,9.953,18.962,73.084,9.572,63.407,31.604,38.772,52.401,62.684,34.306,23.133,65.323,56.451,15.752022738895874],"CoordinatePath":["(35.732905612705004, 139.57368631305732, NaN)","(35.73333719521769, 139.573546452229, NaN)","(35.733341479301636, 139.57370663971543, NaN)","(35.733348929882396, 139.5738165357817, NaN)","(35.73336308598585, 139.57402589710114, NaN)","(35.7340174332414, 139.57394971491283, NaN)","(35.734008120015446, 139.57384428919505, NaN)","(35.73457771691481, 139.5738109478461, NaN)","(35.73486102524834, 139.57378282190373, NaN)","(35.735208594840955, 139.5737483629677, NaN)","(35.735379771934, 139.57428927513112, NaN)","(35.73594303583972, 139.57431758733804, NaN)","(35.7362513036188, 139.57433304729312, NaN)","(35.7364591748221, 139.5743434781062, NaN)","(35.73639323718235, 139.5750626454144, NaN)","(35.7363489062268, 139.57568570023074, NaN)","(35.736490553208824, 139.57568321519597, NaN)"]}
{"Id":"S5W3U","Source":{"Latitude":35.72948393580079,"Longitude":139.5337224909548},"Target":{"Latitude":35.73590041879144,"Longitude":139.5314396880993},"EdgePath":[59264241,56064047,56064047,284237729,141765462,56064048,56064048,56064048,56064048,719079287,141963975,141964217,141963981,141964231,283271368,283271368,283271368,283271380,141964147,283271370],"Costs":[47.90435626008395,64.942,90.823,79.119,15.075,76.031,46.118,56.079,52.83,215.514,103.587,105.401,106.69,14.181,30.223,26.415,24.339,149.819,35.196,64.77646647823526],"CoordinatePath":["(35.72948393580079, 139.5337224909548, NaN)","(35.7299138396214, 139.533758860836, NaN)","(35.72989856593084, 139.5344780281442, NaN)","(35.72984343163319, 139.5354801312569, NaN)","(35.73050318055979, 139.5357986435845, NaN)","(35.73054155105073, 139.5356384560981, NaN)","(35.73121526981626, 139.53578225230683, NaN)","(35.7316187187646, 139.53590071654097, NaN)","(35.73211380985634, 139.53601769065895, NaN)","(35.73254557101158, 139.53625722683051, NaN)","(35.733119824523925, 139.53397679032332, NaN)","(35.73401519806717, 139.5337899670107, NaN)","(35.73493534479146, 139.53398200572988, NaN)","(35.73491727713311, 139.53280183373693, NaN)","(35.734819674525106, 139.53270069210308, NaN)","(35.735041701831854, 139.53250753579678, NaN)","(35.735235789460745, 139.53233878014248, NaN)","(35.735414603399065, 139.53218324926905, NaN)","(35.73537902687592, 139.5309084549004, NaN)","(35.73567295228704, 139.5307637273691, NaN)","(35.735996781803905, 139.53136030053938, NaN)"]}
{"Id":"HAWBC","Source":{"Latitude":35.712145352058336,"Longitude":139.57445761308264},"Target":{"Latitude":35.713875399351124,"Longitude":139.56268709207146},"EdgePath":[35911282,35911282,276479570,276479570,276479570,276479570,331149483,331149483,331149483,331149483,145236840,145236840,145236840,145236840,145236840,145236840,145236840,145236840,145236840,145236840,145236840,145236840,145236840,145236840,145236840,145236840,145236840,760851972,145236861,381936082,381936082,149113409],"Costs":[127.78741935897409,179.928,52.612,6.965,66.16,23.362,45.537,13.592,29.403,81.924,48.58,26.67,40.408,43.044,57.154,59.383,32.422,27.522,23.691,45.926,9.234,15.789,52.004,63.056,6.862,21.78,57.41,39.071,57.372,21.54,26.139,87.51890278948976],"CoordinatePath":["(35.712145352058336, 139.57445761308264, NaN)","(35.71080105105343, 139.5746802443567, NaN)","(35.70931242501689, 139.57389905096366, NaN)","(35.70946907347744, 139.5733491981033, NaN)","(35.70948974883906, 139.57327636867635, NaN)","(35.70968979693256, 139.57258625863312, NaN)","(35.70976504779827, 139.57234467355187, NaN)","(35.70990735389085, 139.5718717479379, NaN)","(35.70994851834957, 139.5717300006389, NaN)","(35.71003811158325, 139.571423595505, NaN)","(35.71028658845171, 139.57056938642046, NaN)","(35.71044174679611, 139.57006647221894, NaN)","(35.710534692791136, 139.569794153492, NaN)","(35.7106758812966, 139.56938176384676, NaN)","(35.710827873144176, 139.56894329716883, NaN)","(35.711034440495844, 139.56836364198543, NaN)","(35.71123374353127, 139.5677534394209, NaN)","(35.71135071764925, 139.5674244962802, NaN)","(35.711450741696005, 139.56714565829512, NaN)","(35.71153567831671, 139.56690500453647, NaN)","(35.71171058070013, 139.56644418611626, NaN)","(35.71174746107491, 139.56635254397287, NaN)","(35.711807438250055, 139.56619403286712, NaN)","(35.712012888014605, 139.5656765900331, NaN)","(35.71228297156728, 139.56506247591366, NaN)","(35.71231258762582, 139.56499579321584, NaN)","(35.71240721000151, 139.5647845692512, NaN)","(35.71265252037315, 139.56422521690038, NaN)","(35.71281028642081, 139.56383853175876, NaN)","(35.7129067714417, 139.5632143593553, NaN)","(35.712949053487534, 139.56298152870644, NaN)","(35.71300027623028, 139.56269896543097, NaN)","(35.71371186789192, 139.56311320766247, NaN)"]}
{"Id":"29E9Z","Source":{"Latitude":35.73100915636357,