{"Id":"324N0","Source":{"Latitude":35.699620458980164,"Longitude":139.56780398352134},"Target":{"Latitude":35.70144877363448,"Longitude":139.55714587036454},"EdgePath":[32618856,32618859,32618859,32618833,178772547,178772547,178772547,178772547,178772547,145238390,742090615,742090615,742090615,742090625,742090625,742090625,742090625,742090625,175366782,145238342,145238342,145238342,760659652,161716657,161716657,161716657,760659662,702157878,702157878,760659664,145238399,145238399,145238399,145238399,145238399,161644153,97200663,146455041,146455041,146455041,146455041,146455041,69350232,69351472,69350840],"Costs":[133.581,42.22,23.356,80.853,81.288,47.929,22.673,19.216,18.071,29.31,47.253,47.548,41.745,34.903,22.962,37.49,21.607,61.337,154.357,58.009,20.688,81.147,14.451,18.022,43.687,27.433,11.483,28.331,35.411,6.425,33.043,23.584,37.46,58.859,58.917,26.877,55.126,44.37,57.77,44.258,20.875,36.535,69.508,155.419,9.40280584234445],"CoordinatePath":["(35.699620458980164, 139.56780398352134, NaN)","(35.70418158257414, 139.5702661477834, NaN)","(35.7043354370669, 139.56983867071207, NaN)","(35.70442074621664, 139.56960230103735, NaN)","(35.705074907207674, 139.56999327026293, NaN)","(35.705328972011706, 139.56914911946242, NaN)","(35.70547966000765, 139.56865179319647, NaN)","(35.705549322937784, 139.56841579605077, NaN)","(35.70560911384841, 139.5682161204863, NaN)","(35.70566499320414, 139.56802817958658, NaN)","(35.70575030235388, 139.5677210293946, NaN)","(35.70589614747232, 139.5672294773287, NaN)","(35.706045159087594, 139.56673587635314, NaN)","(35.70616865246375, 139.5662992723204, NaN)","(35.706281342497796, 139.56593847794693, NaN)","(35.70635156422149, 139.56569931430442, NaN)","(35.70646593063621, 139.5653087176079, NaN)","(35.70653373092116, 139.5650844551269, NaN)","(35.70672614216937, 139.5644478030007, NaN)","(35.70708600522025, 139.56279936200676, NaN)","(35.70719217599613, 139.56217034672582, NaN)","(35.70723240913225, 139.5619466430384, NaN)","(35.70738365592175, 139.5610674745083, NaN)","(35.70726984830059, 139.5609901747329, NaN)","(35.70712493450474, 139.5609007677637, NaN)","(35.70677624732501, 139.56067780913438, NaN)","(35.70654937714076, 139.56055841357764, NaN)","(35.70645251959083, 139.5605142688866, NaN)","(35.70622490434851, 139.56037326664566, NaN)","(35.705933214111624, 139.56021587312705, NaN)","(35.70587994245916, 139.56018830597822, NaN)","(35.705611162758125, 139.5600322163112, NaN)","(35.70541875150991, 139.55992232024497, NaN)","(35.70511718925351, 139.5597373595775, NaN)","(35.70463737185234, 139.5594620606183, NaN)","(35.704166867677124, 139.55916198847805, NaN)","(35.70427136207233, 139.55889358130605, NaN)","(35.70382674866528, 139.55862349775336, NaN)","(35.704002023577736, 139.55818205084313, NaN)","(35.70420505190354, 139.5575934549628, NaN)","(35.704351083286504, 139.5571374794201, NaN)","(35.70441068793261, 139.55691824608112, NaN)","(35.70448239977246, 139.5565246691523, NaN)","(35.70414153570253, 139.55712947004577, NaN)","(35.7027447380739, 139.55712723487156, NaN)","(35.70273823594546, 139.5570234105626, NaN)"]}
{"Id":"I9ROL","Source":{"Latitude":35.725653730409135,"Longitude":139.56382872599767},"Target":{"Latitude":35.720853554728244,"Longitude":139.5640265507525},"EdgePath":[560080434,560080435,141774880,141775101,149127450,651066498,141774918,141774952,141775010,141775201,54612995,54612995,34322469,145236051],"Costs":[43.45543602386022,23.534,120.31,97.605,9.816,14.847,110.812,16.069,83.366,29.18,9.126,22.878,95.745,188.7930753389466],"CoordinatePath":["(35.725653730409135, 139.56382872599767, NaN)","(35.725868360531365, 139.56261123484248, NaN)","(35.72568824274141, 139.56247433042097, NaN)","(35.724688002273915, 139.56220704083609, NaN)","(35.723836028363614, 139.5619613579354, NaN)","(35.723754630768774, 139.56191926215408, NaN)","(35.72380529471797, 139.561767084042, NaN)","(35.72283485657353, 139.56148787352788, NaN)","(35.72280095643105, 139.5616609132661, NaN)","(35.72206502531614, 139.56148452076653, NaN)","(35.721993127211775, 139.56117364528419, NaN)","(35.72191899393318, 139.56113024565124, NaN)","(35.72172099474939, 139.56106132777919, NaN)","(35.721416452260684, 139.56205337260783, NaN)","(35.72087279818154, 139.56403456210893, NaN)"]}
{"Id":"W3FSG","Source":{"Latitude":35.736679321258,"Longitude":139.58510607735866},"Target":{"Latitude":35.731461059703335,"Longitude":139.58054364103725},"EdgePath":[296970597,296970597,296970597,296970597,296970597,296970597,296970597,296970597,296970597,296970597,296970597,296970597,296970597,296970597,296970597,296970597,296970597,296970597,296970597,296970597,134677109,134677109,134677109,134677109,134677109,134677109,134677109,134677109,134677109,134677109,134677109,134677109,134677109,134677109,560710015,560710015,560710015,100555153,100555153,100555153,100555153,100555151,100555151,106337507,134676906,134676906,100613703,100613703],"Costs":[142.103,66.196,36.083,29.735,14.881,61.923,22.92,10.681,28.14,5.251,44.344,22.02,41.99,12.891,17.154,28.785,40.343,14.423,38.582,39.99,46.173,13.794,77.328,30.982,1.778,77.627,50.931,47.035,2.8,46.625,39.876,6.106,24.667,55.256,116.004,32.716,4.365,68.421,33.757,34.668,43.647,48.467,18.692,69.201,27.179,18.326,19.723,20.83494737553543],"CoordinatePath":["(35.736679321258, 139.58510607735866, NaN)","(35.7376702667252, 139.58260673096643, NaN)","(35.73748921761265, 139.58190805275532, NaN)","(35.737388821036866, 139.58152788687187, NaN)","(35.7373051882678, 139.5812149624798, NaN)","(35.737259925989655, 139.5810598041354, NaN)","(35.73708874889662, 139.58040694699602, NaN)","(35.73702523269561, 139.58016536191477, NaN)","(35.73699543037255, 139.58005285814522, NaN)","(35.73691962071329, 139.57975539370824, NaN)","(35.73690546460983, 139.57969988688157, NaN)","(35.736783833878874, 139.57923199040962, NaN)","(35.73672516055536, 139.57899897349623, NaN)","(35.73660967655353, 139.57855603646985, NaN)","(35.736573727501344, 139.57842024963543, NaN)","(35.736525857519936, 139.57823957305192, NaN)","(35.73644948906711, 139.57793484429868, NaN)","(35.73633866167825, 139.5775092298726, NaN)","(35.736297683484054, 139.57735761055406, NaN)","(35.73618834621135, 139.57695192643146, NaN)","(35.73607342100308, 139.57653208620545, NaN)","(35.735661776415895, 139.57658852435475, NaN)","(35.735537724246186, 139.57658982820638, NaN)","(35.734845006499704, 139.57652538068277, NaN)","(35.734568589953376, 139.5765685940512, NaN)","(35.73455275746925, 139.57657138801898, NaN)","(35.73386395127767, 139.5767101550857, NaN)","(35.73341319114148, 139.57681036539697, NaN)","(35.73299782126392, 139.57690889932758, NaN)","(35.73297304808288, 139.57691448726314, NaN)","(35.73255954085051, 139.5770001689419, NaN)","(35.73220675585136, 139.57707951762706, NaN)","(35.732152925405344, 139.5770929286724, NaN)","(35.731935368447054, 139.5771463865894, NaN)","(35.731446982878005, 139.57725944915248, NaN)","(35.731527262885734, 139.57854076277928, NaN)","(35.73155017342158, 139.5789021159463, NaN)","(35.73155296738937, 139.57895035845675, NaN)","(35.73095263684435, 139.5791166926723, NaN)","(35.73066560322044, 139.5792385096678, NaN)","(35.730374471777104, 139.57937597288287, NaN)","(35.73004292093313, 139.5796337629773, NaN)","(35.73027835928526, 139.5800856407006, NaN)","(35.73037950091912, 139.58025104359353, NaN)","(35.73070844405983, 139.58090185182323, NaN)","(35.73094295108936, 139.58081691520252, NaN)","(35.73110108966606, 139.58075973199516, NaN)","(35.7312771096366, 139.5807327236399, NaN)","(35.731464434927716, 139.58072750516394, NaN)"]}
{"Id":"CTLV3","Source":{"Latitude":35.731477039673265,"Longitude":139.5703164618659},"Target":{"Latitude":35.726866727330396,"Longitude":139.56600650989367},"EdgePath":[141774853,141774853,141781069,141781069,141781069,141781069,141781014,141781014,141774870,141774870,141774870,141774870,141774870,141774870,141774870,141775013,116357728],