{"Id":"Y7N4V","Source":{"Latitude":35.73281523115975,"Longitude":139.5421783169264},"Target":{"Latitude":35.73269148980551,"Longitude":139.53462579333868},"EdgePath":[141780838,259684727,396544868,259684735,141964351,141964351,141964351,259684728,719079287,719079287,719079287,719079287,719079287,719079287],"Costs":[43.85102613084614,59.179,17.951,70.735,53.198,34.759,21.082,81.014,11.11,48.056,114.965,16.835,120.088,145.4577826950841],"CoordinatePath":["(35.73281523115975, 139.5421783169264, NaN)","(35.73317011594408, 139.54168087709726, NaN)","(35.73268228916859, 139.54143649804823, NaN)","(35.73272699265317, 139.54124539065165, NaN)","(35.73211306479826, 139.5410401271516, NaN)","(35.73240047095121, 139.54056925044736, NaN)","(35.732521170359576, 139.5402153478611, NaN)","(35.732588598115484, 139.53999704584473, NaN)","(35.731935368447054, 139.53960197879974, NaN)","(35.73193983879551, 139.53947904421716, NaN)","(35.73195231851829, 139.53894688648612, NaN)","(35.73219073710272, 139.5377091587568, NaN)","(35.73223860708412, 139.53753220746367, NaN)","(35.73254557101158, 139.53625722683051, NaN)","(35.73293326242305, 139.53471812919784, NaN)"]}
{"Id":"VKBPI","Source":{"Latitude":35.70864333642276,"Longitude":139.52891728947458},"Target":{"Latitude":35.7124840287422,"Longitude":139.53119517233398},"EdgePath":[274782842,145228061,148052091,148052091,148052440,148052440,148052440,802549401,802549400,802549400,802549400,145230069,145230069,145230069,145230069,145230069,145230069,145230069,145230069,145230069,802168143,802168142,141764744,141764744,141764744,141764744,141764744],"Costs":[51.78424703438787,58.566,63.647,9.56,28.576,3.365,15.491,5.833,16.913,4.996,44.709,49.677,49.757,2.867,71.57,32.404,33.695,12.891,101.391,4.421,18.04,5.829,44.444,159.232,159.407,68.456,25.714086353212803],"CoordinatePath":["(35.70864333642276, 139.52891728947458, NaN)","(35.708947532824, 139.5285728840956, NaN)","(35.709023528747785, 139.52793101656283, NaN)","(35.70907363390342, 139.52722879932588, NaN)","(35.70908164327774, 139.52712337360808, NaN)","(35.709115915949255, 139.52680970415793, NaN)","(35.709117033536366, 139.52677245125412, NaN)","(35.70913174843338, 139.52660183295464, NaN)","(35.709135473723755, 139.52653738543103, NaN)","(35.709146463330384, 139.52635056211838, NaN)","(35.70914515947875, 139.5262952415562, NaN)","(35.70917328542113, 139.5258012680516, NaN)","(35.7096190164153, 139.5258385209554, NaN)","(35.71006511993852, 139.52588173432383, NaN)","(35.710090824442155, 139.5258843420271, NaN)","(35.71073176065233, 139.52595698518954, NaN)","(35.711022333302104, 139.52598436607386, NaN)","(35.71132464061658, 139.52601007057748, NaN)","(35.711440310882935, 139.5260197563325, NaN)","(35.712349281736074, 139.52610841824355, NaN)","(35.71238876981412, 139.52611419244366, NaN)","(35.712550633681204, 139.52612778975356, NaN)","(35.71260297401107, 139.52613151504394, NaN)","(35.71258453382368, 139.5266232533743, NaN)","(35.712510959338644, 139.52838457066682, NaN)","(35.712437012324564, 139.53014775060447, NaN)","(35.71240199459498, 139.53090472961003, NaN)","(35.712389994207435, 139.53118915437966, NaN)"]}
{"Id":"Y1931","Source":{"Latitude":35.737063865276035,"Longitude":139.53667058941787},"Target":{"Latitude":35.73470543185781,"Longitude":139.54294642520506},"EdgePath":[283271375,141964351,141964351,141964351,141964351,141964351,141964351,141964351,141964351,141964351,141964351,141964351,141964351,141964351,141964351,141964351,141964351,141964351,141964351,141964351,141964351,141781317,141781317,141781254,141781254,141781254,141781253,141781253,141781253,141781253],"Costs":[99.94664742004902,32.875,109.997,24.084,35.315,63.309,5.674,27.319,30.662,5.246,32.925,24.191,37.671,28.567,33.606,61.437,21.082,34.759,53.198,23.77,26.693,73.027,14.314,53.288,13.955,69.142,14.858,22.353,127.336,50.93035730586229],"CoordinatePath":["(35.737063865276035, 139.53667058941787, NaN)","(35.736474448512666, 139.53643306053652, NaN)","(35.736206600134224, 139.53658728755832, NaN)","(35.735308991416744, 139.5370995149858, NaN)","(35.735120864252465, 139.53723176279436, NaN)","(35.734845006499704, 139.53742566415875, NaN)","(35.73435047420153, 139.53777323375135, NaN)","(35.734305956981466, 139.537803967397, NaN)","(35.73409473301682, 139.53795856694785, NaN)","(35.73385761828402, 139.5381319792151, NaN)","(35.73381719888338, 139.5381619678027, NaN)","(35.733563692872906, 139.538350467496, NaN)","(35.73340369165101, 139.53853207540212, NaN)","(35.73317440002801, 139.53883866680053, NaN)","(35.733015330128715, 139.53908714366898, NaN)","(35.732847878326055, 139.53939708782875, NaN)","(35.732588598115484, 139.53999704584473, NaN)","(35.732521170359576, 139.5402153478611, NaN)","(35.73240047095121, 139.54056925044736, NaN)","(35.73211306479826, 139.5410401271516, NaN)","(35.7319778367574, 139.54124408680002, NaN)","(35.73181858059358, 139.54146518278418, NaN)","(35.73178319033496, 139.54227226694536, NaN)","(35.73177927878006, 139.5424307780511, NaN)","(35.73223395047115, 139.54260102382156, NaN)","(35.73233602342761, 139.5426909895843, NaN)","(35.73275921641497, 139.5431968840181, NaN)","(35.73289276807515, 139.5432024719537, NaN)","(35.73309374749125, 139.54320824615377, NaN)","(35.73423815669652, 139.54325946889654, NaN)","(35.73469589561899, 139.54327950235142, NaN)"]}
{"Id":"RMVIK","Source":{"Latitude":35.72505719002985,"Longitude":139.54390859089173},"Target":{"Latitude":35.72347989707367,"Longitude":139.54789280377295},"EdgePath":[344286689,344286689,141765014,141765014,141765118,141765118,141774910,141775134,141775134,282863983,282864005,282864005,282864005,141774963,241572789],"Costs":[50.54977689145751,9.258,46.033,40.429,50.081,35.942,13.042,28.963,6.997,43.565,44.228,41.832,63.002,17.095,47.58477394856672],"CoordinatePath":["(35.72505719002985, 139.54390859089173, NaN)","(35.72460511456293, 139.5438478785123, NaN)","(35.724523530703564, 139.5438273894152, NaN)","(35.72417298087864, 139.54409523779367, NaN)","(35.72387272247388, 139.54434781248156, NaN)","(35.724058428199406, 139.54484681512818, NaN)","(35.72413293400704, 139.5452342453279, NaN)","(35.72403905668942, 139.54532085832926, NaN)","(35.723795236433936, 139.54543373462784, NaN)","(35.72373507299427, 139.54545645889914, NaN)","(35.72377977647885, 139.54593590377127, NaN)","(35.72381982335045, 139.54642335801773, NaN)","(35.72385949769302, 139.54688417643794, NaN)","(35.723919288603646, 139.54757819803606, NaN)","(35.72378424682731, 139.5474876734798, NaN)","(35.72359986163599, 139.54796335689215, NaN)"]}
{"Id":"LOWFW","Source":{"Latitude":35.726808529371716,"Longitude":139.56457039294247},"Target":{"Latitude":35.73172700398202,"Longitude":139.56026626839105},"EdgePath":[141774937,141774914,141775067,560710019,560710019,141781147,141781147,141775177,141775177,141775177,141775177,141781025,141781025,141781199,141781273,141781273,141781273,141781273,141781273,141781273,141781273,141781273,141781273,238513919,238513919],"Costs":[66.15172727370188,40.699,14.36,39.362,13.783,38.917,7.735,32.59,2.411,54.902,65.043,63.806,91.978,173.58,37.933,2.64,41.617,42.414,50.666,75.946,18.278,77.596,66.458,119.593,35.97054601272362],