{"Id":"1WAKM","Source":{"Latitude":35.70908084334891,"Longitude":139.57350756639298},"Target":{"Latitude":35.70566203236684,"Longitude":139.56938169640298},"EdgePath":[276479570,276479570,276479570,276479570,331149483,331149483,33036430,33036430,33036430,33036430,33036430],"Costs":[27.784583912689165,6.965,66.16,23.362,45.537,13.592,215.947,48.439,85.973,81.412,89.88076536046356],"CoordinatePath":["(35.70908084334891, 139.57350756639298, NaN)","(35.70946907347744, 139.5733491981033, NaN)","(35.70948974883906, 139.57327636867635, NaN)","(35.70968979693256, 139.57258625863312, NaN)","(35.70976504779827, 139.57234467355187, NaN)","(35.70990735389085, 139.5718717479379, NaN)","(35.70994851834957, 139.5717300006389, NaN)","(35.70817844662469, 139.57074596518456, NaN)","(35.70778468343134, 139.57051648729703, NaN)","(35.70707948596208, 139.57012607686502, NaN)","(35.7064111688676, 139.5697578319108, NaN)","(35.705675914456236, 139.56934426712314, NaN)"]}
{"Id":"MR706","Source":{"Latitude":35.73198177654511,"Longitude":139.58490205582595},"Target":{"Latitude":35.73598906646408,"Longitude":139.57754584517372},"EdgePath":[560710015,560710015,560710015,560710015,560710015,560710015,134677109,134677109,134677109,134677109,134677109,134677109,134677109,134677109,134677109,134677109,134677109,134677109,134677109,134677109,296970597,296970597,638630346],"Costs":[267.26542348668715,111.268,160.391,4.365,32.716,116.004,55.256,24.667,6.106,39.876,46.625,2.8,47.035,50.931,77.627,1.778,30.982,77.328,13.794,46.173,39.99,38.582,36.80983165121703],"CoordinatePath":["(35.73198177654511, 139.58490205582595, NaN)","(35.73173662420518, 139.58195145238827, NaN)","(35.73166491236534, 139.58072192029778, NaN)","(35.73155296738937, 139.57895035845675, NaN)","(35.73155017342158, 139.5789021159463, NaN)","(35.731527262885734, 139.57854076277928, NaN)","(35.731446982878005, 139.57725944915248, NaN)","(35.731935368447054, 139.5771463865894, NaN)","(35.732152925405344, 139.5770929286724, NaN)","(35.73220675585136, 139.57707951762706, NaN)","(35.73255954085051, 139.5770001689419, NaN)","(35.73297304808288, 139.57691448726314, NaN)","(35.73299782126392, 139.57690889932758, NaN)","(35.73341319114148, 139.57681036539697, NaN)","(35.73386395127767, 139.5767101550857, NaN)","(35.73455275746925, 139.57657138801898, NaN)","(35.734568589953376, 139.5765685940512, NaN)","(35.734845006499704, 139.57652538068277, NaN)","(35.735537724246186, 139.57658982820638, NaN)","(35.735661776415895, 139.57658852435475, NaN)","(35.73607342100308, 139.57653208620545, NaN)","(35.73618834621135, 139.57695192643146, NaN)","(35.736297683484054, 139.57735761055406, NaN)","(35.73597202640081, 139.57743084873607, NaN)"]}
{"Id":"JJ61U","Source":{"Latitude":35.71784791060765,"Longitude":139.57088065535808},"Target":{"Latitude":35.71410469540877,"Longitude":139.57844381710444},"EdgePath":[237328103,145236057,145236057,145236057,145236057,145236059,145236059,145236059,145236059,145236059,145236059,145236059,145236059,145236059,145236059,145236059,145236059,145236059,145236059,145236059,145236059,145236059,145237191,145237191,39687361],"Costs":[99.03334932494892,10.641,28.772,33.841,42.575,72.019,19.98,14.933,13.965,36.074,32.7,33.438,9.161,21.572,41.238,43.554,23.381,58.132,57.643,59.227,48.308,48.42,41.039,49.127,63.46877486558779],"CoordinatePath":["(35.71784791060765, 139.57088065535808, NaN)","(35.71867910888819, 139.5712714173929, NaN)","(35.718643718629565, 139.5713809409301, NaN)","(35.718543322053776, 139.5716746800767, NaN)","(35.7184274655229, 139.57202131834674, NaN)","(35.71828162040446, 139.57245736358593, NaN)","(35.718013958290534, 139.57318379521035, NaN)","(35.717942432715205, 139.57338682353617, NaN)","(35.71788320059813, 139.57353527635786, NaN)","(35.71782769377145, 139.5736740434246, NaN)","(35.71768389756271, 139.5740322300948, NaN)","(35.71755947286396, 139.5743604281774, NaN)","(35.71741921568109, 139.5746880674665, NaN)","(35.717378423751406, 139.57477617058402, NaN)","(35.71727709585303, 139.57497994396792, NaN)","(35.71705022566878, 139.57534129713494, NaN)","(35.71678666137427, 139.5756981799535, NaN)","(35.716648825630145, 139.57589375769854, NaN)","(35.71630758903118, 139.57638158447403, NaN)","(35.71596765628385, 139.57686363704943, NaN)","(35.71561766525249, 139.5773581693476, NaN)","(35.71533193548021, 139.5777612457669, NaN)","(35.71511251587672, 139.57822206418712, NaN)","(35.71477742600688, 139.5780315155841, NaN)","(35.714370251768166, 139.57782029161945, NaN)","(35.71413382491916, 139.57846014400744, NaN)"]}
{"Id":"TO3LO","Source":{"Latitude":35.73093101960712,"Longitude":139.56530473724857},"Target":{"Latitude":35.72814130009974,"Longitude":139.5609529341172},"EdgePath":[637951790,141781148,141775177,141775177,141775177,141775177,141781147,141781147,560710019,560710019,141775067,141774934,141774901,562225708,562225708,141774949,141774947,141774888,141775057,141774982,141775197],"Costs":[41.462168533462496,50.719,65.043,54.902,2.411,32.59,7.735,38.917,13.783,39.362,14.36,22.094,14.311,13.313,12.549,4.679,139.109,1.74,70.862,43.041,61.87342902395975],"CoordinatePath":["(35.73093101960712, 139.56530473724857, NaN)","(35.73053112023766, 139.56528021913647, NaN)","(35.730358453028465, 139.56580008340924, NaN)","(35.729804316084184, 139.5655693016701, NaN)","(35.72933772346387, 139.5653703711637, NaN)","(35.729317234366775, 139.5653616167313, NaN)","(35.72904025902689, 139.56524352502623, NaN)","(35.72897637029684, 139.56520962488375, NaN)","(35.728653946414305, 139.56504198681657, NaN)","(35.7285406975867, 139.56498014699622, NaN)","(35.728324444480045, 139.56463518510688, NaN)","(35.72825943816288, 139.5644977218918, NaN)","(35.72823745894963, 139.56425446042988, NaN)","(35.72831606257668, 139.564128918144, NaN)","(35.72843098778496, 139.56408756742078, NaN)","(35.728539766264106, 139.56405050078146, NaN)","(35.728572735083986, 139.56401827701967, NaN)","(35.72876440127413, 139.5624953783116, NaN)","(35.728769430416136, 139.56247712438875, NaN)","(35.728869826991925, 139.5617018914603, NaN)","(35.7286109193104, 139.5613474300805, NaN)","(35.72822490852004, 139.5608537368202, NaN)"]}
{"Id":"4JV4C","Source":{"Latitude":35.71573656703367,"Longitude":139.58208839925393},"Target":{"Latitude":35.72393375101941,"Longitude":139.58742617987434},"EdgePath":[38324513,38324513,38324513,91596551,91596551,36504129,36504129,36504129,33920606,33920606,33920606,33920606,33920606,33920606,33920606,33920606,149530807,149530788,36504131,36504131,36504131,116368028,100490648,100490648,100490648,674666908,199764705,199764705],"Costs":[65.85051581422893,83.313,40.281,61.048,39.875,80.799,57.583,97.725,12.107,49.943,59.363,79.966,38.479,52.194,9.41,45.673,61.407,33.384,39.822,25.487,82.094,62.329,39.657,8.912,33.263,71.279,59.483,168.071],