{"Id":"C8T6F","Source":{"Latitude":35.70233818570435,"Longitude":139.55488128123528},"Target":{"Latitude":35.699496557344226,"Longitude":139.55179380586628},"EdgePath":[69350840,146847619,37586054,37586054,145229967,145229967,145229967,145229967,145229967,145229967,145229967,145229967,146847634],"Costs":[26.575119637479858,118.008,45.303,46.52,100.447,14.325,88.747,23.263,24.471,46.988,14.145,51.464,163.349],"CoordinatePath":["(35.70233818570435, 139.55488128123528, NaN)","(35.70337673358716, 139.5555408199625, NaN)","(35.70443676496528, 139.55549071480687, NaN)","(35.70442801053289, 139.55498910445695, NaN)","(35.704427824268365, 139.55447389679716, NaN)","(35.70438945377744, 139.55336245641178, NaN)","(35.704384052106384, 139.55320394530602, NaN)","(35.70435033822843, 139.5522219587614, NaN)","(35.70434158379603, 139.55196454119604, NaN)","(35.70432742769258, 139.55169408511432, NaN)","(35.70431699687951, 139.55117384831252, NaN)","(35.70431066388586, 139.55101738611648, NaN)","(35.70429091984684, 139.55044797548163, NaN)","(35.703106650034485, 139.55101738611648, NaN)"]}
{"Id":"XU5M9","Source":{"Latitude":35.72090532429345,"Longitude":139.56931123195923},"Target":{"Latitude":35.72308524578499,"Longitude":139.57464162347077},"EdgePath":[201097318,25588043,25588043,760851971,760851971,760851971,149127459,149127459,149127459,149127459,149127459],"Costs":[62.886833820046476,50.023,147.962,27.123,13.655,11.354,122.986,191.864,79.382,89.204,47.52087740343179],"CoordinatePath":["(35.72090532429345, 139.56931123195923, NaN)","(35.72087926538764, 139.56856108237568, NaN)","(35.721322574943066, 139.5686296277187, NaN)","(35.72265064096415, 139.56873188693967, NaN)","(35.722894088690595, 139.5687506996561, NaN)","(35.72301665074416, 139.56876019914657, NaN)","(35.723118723700615, 139.56876373817244, NaN)","(35.723122448991, 139.57012607686502, NaN)","(35.72308016694517, 139.57225060996973, NaN)","(35.723059305319026, 139.5731295922353, NaN)","(35.72303825742837, 139.57411735298, NaN)","(35.723058329409604, 139.57464318234756, NaN)"]}
{"Id":"S1YI2","Source":{"Latitude":35.73435746683858,"Longitude":139.57382177444154},"Target":{"Latitude":35.734180933406826,"Longitude":139.5663918753362},"EdgePath":[200943377,200943376,564707009,141774841,141774841,141774841,141774841,141774841,141774841,141774841,141774841,141774841,141774841,141774841,141774841,141774841,141774841,141774841,141774841,197982032],"Costs":[24.509471791931798,65.881,53.639,3.777,43.113,30.292,30.181,47.984,23.19,20.676,25.08,83.157,22.295,4.688,72.614,19.558,59.695,42.083,44.057,95.0681647023318],"CoordinatePath":["(35.73435746683858, 139.57382177444154, NaN)","(35.73457771691481, 139.5738109478461, NaN)","(35.73449259402959, 139.5730886140411, NaN)","(35.73496868614038, 139.5729928740783, NaN)","(35.73495620641759, 139.5729539447938, NaN)","(35.734813341531456, 139.5725098901803, NaN)","(35.734722630710664, 139.57219342676237, NaN)","(35.7346332237415, 139.57187770840252, NaN)","(35.73449967208131, 139.5713721864977, NaN)","(35.73444118502232, 139.57112557227444, NaN)","(35.73438530566659, 139.57090708399357, NaN)","(35.73431955429136, 139.57064128452484, NaN)","(35.73409026266836, 139.56976435116897, NaN)","(35.7340300992287, 139.56952872655233, NaN)","(35.7340174332414, 139.56947918019026, NaN)","(35.73382241428992, 139.56871139784258, NaN)","(35.733770260224574, 139.56850445796186, NaN)","(35.73360914141556, 139.56787358003572, NaN)","(35.73351712674313, 139.56742132978337, NaN)","(35.73341673016735, 139.5669491492275, NaN)","(35.734242819156265, 139.56667771149205, NaN)"]}
{"Id":"J5UGA","Source":{"Latitude":35.71493640371904,"Longitude":139.55330670824628},"Target":{"Latitude":35.722458591598205,"Longitude":139.55038960291654},"EdgePath":[779233667,779233667,779233667,779233667,779233667,779233667,779233667,779233667,779233667,779233667,779233667,779233667,53754096,141759426,141759426,141759538,141759413,141759608,144553425,144553421,548848933],"Costs":[16.880410164208207,43.724,47.768,14.983,20.714,17.053,46.881,30.833,3.127,107.569,14.088,28.052,18.285,10.033,12.994,341.297,142.975,55.003,45.529,41.328,97.495],"CoordinatePath":["(35.71493640371904, 139.55330670824628, NaN)","(35.71513468135449, 139.5532007788092, NaN)","(35.71527847756323, 139.552750018673, NaN)","(35.71543121446888, 139.55225548637483, NaN)","(35.71548392732778, 139.55210274946919, NaN)","(35.71555843313541, 139.55189245682715, NaN)","(35.71562027295575, 139.55171960335343, NaN)","(35.71579573413273, 139.55124742279756, NaN)","(35.715911218134565, 139.55093691984422, NaN)","(35.71592295279927, 139.55090544114051, NaN)","(35.716332548476736, 139.5498260382524, NaN)","(35.7163848888066, 139.54968391842434, NaN)","(35.7165430273833, 139.5494464311625, NaN)","(35.716660932823885, 139.54930524265703, NaN)","(35.71674214415421, 139.54925681388207, NaN)","(35.716858932007675, 139.54926184302408, NaN)","(35.719928012488666, 139.5493089679474, NaN)","(35.721213796463914, 139.54931977128953, NaN)","(35.72115773084367, 139.54992513097656, NaN)","(35.72156471881787, 139.54998045153872, NaN)","(35.72150064382331, 139.55043139793943, NaN)","(35.72216560815645, 139.55031796284732, NaN)"]}
{"Id":"C8DU6","Source":{"Latitude":35.73204235715928,"Longitude":139.574411640232},"Target":{"Latitude":35.74162976803691,"Longitude":139.57695137383058},"EdgePath":[116358101,116358101,116358426,116358426,116358426,116358426,116358433,116358433,134677109,134677109,134677109,134677109,134677109,134677109,134677109,116357886,116357886,116357886,116357886,116357886,116357886,116357886,116357886,116357886,116357886,116357886,116357886,116358548,116358570,116358570,243113768,243113768,560465716,560465716,560465716,680499845,680499845,680499845,680499845,680499845,106293838,106293838,106293834,116357818,116357818],"Costs":[24.170024802290797,77.802,26.463,67.613,31.18,9.824,48.82,48.459,50.931,77.627,1.778,30.982,77.328,13.794,46.173,28.508,29.78,15.578,59.561,56.934,25.419,27.031,29.709,37.685,12.753,33.765,40.603,2.734,82.846,25.242,25.117,52.037,19.352,24.614,5.444,29.727,6.494,14.522,18.094,5.007,31.306,26.44,147.46,31.046,2.093193782714701],