{"Coordinate":{"Latitude":35.705075,"Longitude":139.5699933},"Nid":366812668,"Wid":32618833,"Location":{"Latitude":35.70504924712024,"Longitude":139.56997791204418}}
{"Coordinate":{"Latitude":35.705075,"Longitude":139.5699933},"Nid":366812668,"Wid":32618833,"Location":{"Latitude":35.70504857762217,"Longitude":139.56997909232777}}
{"Coordinate":{"Latitude":35.7117687,"Longitude":139.5611261},"Nid":732097112,"Wid":145237028,"Location":{"Latitude":35.71174326005088,"Longitude":139.5611102000318}}
