{"Coordinate":{"Latitude":35.7110346,"Longitude":139.5683638},"Nid":554186576,"Wid":43761472,"Location":{"Latitude":35.711061539946115,"Longitude":139.5683769999736}}
