{"Coordinate":{"Latitude":35.7086099,"Longitude":139.5696316},"Nid":732097106,"Wid":145238536,"Location":{"Latitude":35.708620579372344,"Longitude":139.56960356518226}}
