{"Coordinate":{"Latitude":35.7370941,"Longitude":139.5570483},"Nid":1129805138,"Wid":562764567,"Location":{"Latitude":35.737123858940194,"Longitude":139.55704450454502}}
{"Coordinate":{"Latitude":35.7370941,"Longitude":139.5570483},"Nid":1129805138,"Wid":562764567,"Location":{"Latitude":35.73712392602208,"Longitude":139.55704507379372}}
