{"Coordinate":{"Latitude":35.731665,"Longitude":139.5807221},"Nid":393096191,"Wid":100613703,"Location":{"Latitude":35.73163501162708,"Longitude":139.5807229351584}}
