{"Coordinate":{"Latitude":35.7318186,"Longitude":139.5414652},"Nid":393096263,"Wid":291310247,"Location":{"Latitude":35.73183051867246,"Longitude":139.54143766919458}}
{"Coordinate":{"Latitude":35.7307719,"Longitude":139.543319},"Nid":-1347378968,"Wid":291310247,"Location":{"Latitude":35.73078682781073,"Longitude":139.5432929776929}}
{"Coordinate":{"Latitude":35.7307719,"Longitude":139.543319},"Nid":-1347378968,"Wid":291310247,"Location":{"Latitude":35.730786234651305,"Longitude":139.5432926462949}}
{"Coordinate":{"Latitude":35.7293789,"Longitude":139.5457513},"Nid":1621376820,"Wid":291310247,"Location":{"Latitude":35.72939349206771,"Longitude":139.5457250879501}}
{"Coordinate":{"Latitude":35.7044233,"Longitude":139.5779762},"Nid":372386643,"Wid":33036443,"Location":{"Latitude":35.7044130766847,"Longitude":139.5780044043228}}
