{"Coordinate":{"Latitude":35.7195127,"Longitude":139.5309442},"Nid":1551803064,"Wid":141765230,"Location":{"Latitude":35.71951015600509,"Longitude":139.5309740919402}}
{"Coordinate":{"Latitude":35.719815,"Longitude":139.528064},"Nid":1551803116,"Wid":141765230,"Location":{"Latitude":35.71981109019023,"Longitude":139.52809374413198}}
