{"Coordinate":{"Latitude":35.7111822,"Longitude":139.5370318},"Nid":411293605,"Wid":152180730,"Location":{"Latitude":35.71117189681633,"Longitude":139.53700362475544}}
{"Coordinate":{"Latitude":35.7036004,"Longitude":139.5749748},"Nid":372386955,"Wid":203726548,"Location":{"Latitude":35.703574116425294,"Longitude":139.5749603371614}}
