{"Coordinate":{"Latitude":35.7163129,"Longitude":139.5437645},"Nid":678573893,"Wid":148319849,"Location":{"Latitude":35.716314366498665,"Longitude":139.54379446413492}}
