{"Coordinate":{"Latitude":35.713192,"Longitude":139.541514},"Nid":-461023438,"Wid":145235424,"Location":{"Latitude":35.713179790393966,"Longitude":139.54148659697972}}
{"Coordinate":{"Latitude":35.7142052,"Longitude":139.5440126},"Nid":286903436,"Wid":145235424,"Location":{"Latitude":35.714194010974225,"Longitude":139.5439847646681}}
{"Coordinate":{"Latitude":35.7110443,"Longitude":139.5632335},"Nid":372386369,"Wid":59062077,"Location":{"Latitude":35.71105760346833,"Longitude":139.56320661101097}}
