{"Coordinate":{"Latitude":35.7131567,"Longitude":139.5414348},"Nid":-461023437,"Wid":141764718,"Location":{"Latitude":35.71315655045051,"Longitude":139.54140480037273}}
{"Coordinate":{"Latitude":35.713057,"Longitude":139.5418195},"Nid":393724340,"Wid":141764718,"Location":{"Latitude":35.713070486788745,"Longitude":139.54179270249026}}
