{"Coordinate":{"Latitude":35.7441729,"Longitude":139.5724299},"Nid":-1816472264,"Wid":565455474,"Location":{"Latitude":35.744153836126436,"Longitude":139.57245306395313}}
