{"Coordinate":{"Latitude":35.7094555,"Longitude":139.5622818},"Nid":544469874,"Wid":145238519,"Location":{"Latitude":35.709464071510666,"Longitude":139.56225305057905}}
