{"Coordinate":{"Latitude":35.736784,"Longitude":139.579232},"Nid":444179919,"Wid":106293818,"Location":{"Latitude":35.7368134954785,"Longitude":139.57922652124577}}
