{"Coordinate":{"Latitude":35.7042854,"Longitude":139.5726599},"Nid":366812892,"Wid":33036461,"Location":{"Latitude":35.704259219187236,"Longitude":139.57264525196112}}
