{"Coordinate":{"Latitude":35.7109179,"Longitude":139.5372732},"Nid":1611667057,"Wid":148057793,"Location":{"Latitude":35.71089516476451,"Longitude":139.5372927731721}}
