{"Coordinate":{"Latitude":35.7318845,"Longitude":139.5404765},"Nid":393096266,"Wid":141964145,"Location":{"Latitude":35.7319142154536,"Longitude":139.54048062211325}}
{"Coordinate":{"Latitude":35.7246069,"Longitude":139.5577102},"Nid":1551847671,"Wid":141775214,"Location":{"Latitude":35.724601852164795,"Longitude":139.5577397722735}}
{"Coordinate":{"Latitude":35.7253032,"Longitude":139.5541884},"Nid":1551847810,"Wid":141775214,"Location":{"Latitude":35.72529738081589,"Longitude":139.5542178302072}}
{"Coordinate":{"Latitude":35.7253032,"Longitude":139.5541884},"Nid":1551847810,"Wid":141775214,"Location":{"Latitude":35.725296346681155,"Longitude":139.5542176067119}}
{"Coordinate":{"Latitude":35.7256927,"Longitude":139.552661},"Nid":1551847882,"Wid":141775214,"Location":{"Latitude":35.72568461953462,"Longitude":139.55268989128032}}
