{"Coordinate":{"Latitude":35.723054,"Longitude":139.5650152},"Nid":1621520804,"Wid":651066498,"Location":{"Latitude":35.723051968976186,"Longitude":139.56504513117008}}
{"Coordinate":{"Latitude":35.723054,"Longitude":139.5650152},"Nid":1621520804,"Wid":651066498,"Location":{"Latitude":35.72304990546604,"Longitude":139.56504491926634}}
{"Coordinate":{"Latitude":35.7237547,"Longitude":139.5619194},"Nid":1551847508,"Wid":651066498,"Location":{"Latitude":35.72374518681675,"Longitude":139.56194785170194}}
{"Coordinate":{"Latitude":35.7237547,"Longitude":139.5619194},"Nid":1551847508,"Wid":651066498,"Location":{"Latitude":35.7237452243815,"Longitude":139.56194786423464}}
{"Coordinate":{"Latitude":35.7246069,"Longitude":139.5577102},"Nid":1551847671,"Wid":651066498,"Location":{"Latitude":35.72460274698841,"Longitude":139.55773991115103}}
