{"Coordinate":{"Latitude":35.723054,"Longitude":139.5650152},"Nid":1621520804,"Wid":149127453,"Location":{"Latitude":35.7230240105161,"Longitude":139.56501440573598}}
{"Coordinate":{"Latitude":35.723054,"Longitude":139.5650152},"Nid":1621520804,"Wid":149127453,"Location":{"Latitude":35.72302406429153,"Longitude":139.56501323700274}}
