{"Coordinate":{"Latitude":35.7231188,"Longitude":139.5687639},"Nid":1621520857,"Wid":651066499,"Location":{"Latitude":35.72311856318388,"Longitude":139.56873390093472}}
