{"Coordinate":{"Latitude":35.7320373,"Longitude":139.5574364},"Nid":1138498109,"Wid":563877346,"Location":{"Latitude":35.73200748403786,"Longitude":139.5574397178911}}
