{"Coordinate":{"Latitude":35.7086102,"Longitude":139.5617873},"Nid":1586699245,"Wid":145238478,"Location":{"Latitude":35.70860000725066,"Longitude":139.5618155153834}}
