{"Coordinate":{"Latitude":35.7110346,"Longitude":139.5683638},"Nid":554186576,"Wid":145237154,"Location":{"Latitude":35.71105793556007,"Longitude":139.56838265342503}}
