{"Coordinate":{"Latitude":35.7023592,"Longitude":139.5464537},"Nid":1114307156,"Wid":145230092,"Location":{"Latitude":35.70232924993298,"Longitude":139.54645543016926}}
{"Coordinate":{"Latitude":35.7041441,"Longitude":139.5463149},"Nid":286903461,"Wid":145230092,"Location":{"Latitude":35.704114126958366,"Longitude":139.54631617152475}}
