{"Coordinate":{"Latitude":35.723154,"Longitude":139.5784126},"Nid":388753261,"Wid":149127425,"Location":{"Latitude":35.723168299820976,"Longitude":139.57843897262066}}
{"Coordinate":{"Latitude":35.7229916,"Longitude":139.5754102},"Nid":410119177,"Wid":149127425,"Location":{"Latitude":35.722993048765304,"Longitude":139.57544016499756}}
{"Coordinate":{"Latitude":35.7229916,"Longitude":139.5754102},"Nid":410119177,"Wid":149127425,"Location":{"Latitude":35.72299293655197,"Longitude":139.57544017021235}}
{"Coordinate":{"Latitude":35.7229597,"Longitude":139.5731376},"Nid":313731222,"Wid":149127425,"Location":{"Latitude":35.7229578157963,"Longitude":139.57316754077112}}
{"Coordinate":{"Latitude":35.7229597,"Longitude":139.5731376},"Nid":313731222,"Wid":149127425,"Location":{"Latitude":35.72295893007119,"Longitude":139.57316759011852}}
{"Coordinate":{"Latitude":35.7230168,"Longitude":139.5687602},"Nid":393724370,"Wid":149127425,"Location":{"Latitude":35.7230170963877,"Longitude":139.56879019853588}}
{"Coordinate":{"Latitude":35.7230168,"Longitude":139.5687602},"Nid":393724370,"Wid":149127425,"Location":{"Latitude":35.72301681144165,"Longitude":139.56879019999784}}
{"Coordinate":{"Latitude":35.7095122,"Longitude":139.5437147},"Nid":286903543,"Wid":161644148,"Location":{"Latitude":35.709505602113346,"Longitude":139.5437439654727}}
{"Coordinate":{"Latitude":35.7142052,"Longitude":139.5440126},"Nid":286903436,"Wid":26202054,"Location":{"Latitude":35.71423519937315,"Longitude":139.54401240606467}}
