{"Coordinate":{"Latitude":35.7106639,"Longitude":139.553103},"Nid":1208267872,"Wid":572839485,"Location":{"Latitude":35.71063452248455,"Longitude":139.55309692039592}}
{"Coordinate":{"Latitude":35.7128562,"Longitude":139.5530728},"Nid":726443716,"Wid":572839485,"Location":{"Latitude":35.71282629765554,"Longitude":139.55307521863512}}
{"Coordinate":{"Latitude":35.7128562,"Longitude":139.5530728},"Nid":726443716,"Wid":572839485,"Location":{"Latitude":35.71282630966411,"Longitude":139.55307536277596}}
