{"Coordinate":{"Latitude":35.7058931,"Longitude":139.5604275},"Nid":416773306,"Wid":145238455,"Location":{"Latitude":35.70589871272325,"Longitude":139.5603980297211}}
