{"Coordinate":{"Latitude":35.7095122,"Longitude":139.5437147},"Nid":286903543,"Wid":161644147,"Location":{"Latitude":35.70950306128549,"Longitude":139.54374327418236}}
