{"Coordinate":{"Latitude":35.7091618,"Longitude":139.5524028},"Nid":529473251,"Wid":574506364,"Location":{"Latitude":35.70913593121862,"Longitude":139.55238760769438}}
