{"Coordinate":{"Latitude":35.7256927,"Longitude":139.552661},"Nid":1551847882,"Wid":141775209,"Location":{"Latitude":35.72568461848877,"Longitude":139.5526898909878}}
{"Coordinate":{"Latitude":35.7258529,"Longitude":139.552093},"Nid":-1520364743,"Wid":141775209,"Location":{"Latitude":35.72584381421261,"Longitude":139.55212159105574}}
{"Coordinate":{"Latitude":35.7258529,"Longitude":139.552093},"Nid":-1520364743,"Wid":141775209,"Location":{"Latitude":35.72584374090422,"Longitude":139.55212156765592}}
{"Coordinate":{"Latitude":35.7271922,"Longitude":139.5493577},"Nid":1551848065,"Wid":141775209,"Location":{"Latitude":35.72717714928541,"Longitude":139.54938365141595}}
{"Coordinate":{"Latitude":35.7271922,"Longitude":139.5493577},"Nid":1551848065,"Wid":141775209,"Location":{"Latitude":35.72717650593387,"Longitude":139.54938326748498}}
{"Coordinate":{"Latitude":35.728423,"Longitude":139.5472533},"Nid":623351266,"Wid":141775209,"Location":{"Latitude":35.728407599361866,"Longitude":139.54727904529753}}
{"Coordinate":{"Latitude":35.7124758,"Longitude":139.5144012},"Nid":-2033398082,"Wid":146350953,"Location":{"Latitude":35.71247585765524,"Longitude":139.5144311999446}}
{"Coordinate":{"Latitude":35.7293789,"Longitude":139.5457513},"Nid":1621376820,"Wid":381596415,"Location":{"Latitude":35.729394297542854,"Longitude":139.54572555285117}}
{"Coordinate":{"Latitude":35.7284722,"Longitude":139.5473155},"Nid":1621376774,"Wid":381596415,"Location":{"Latitude":35.72848706350163,"Longitude":139.54728944090715}}
