{"Coordinate":{"Latitude":35.7222558,"Longitude":139.5622881},"Nid":-1643623079,"Wid":141775201,"Location":{"Latitude":35.72226253843424,"Longitude":139.56231733343125}}
{"Coordinate":{"Latitude":35.7222558,"Longitude":139.5622881},"Nid":-1643623079,"Wid":141775201,"Location":{"Latitude":35.722262727659434,"Longitude":139.5623172891681}}
{"Coordinate":{"Latitude":35.7213963,"Longitude":139.5574125},"Nid":313730603,"Wid":141775201,"Location":{"Latitude":35.7214047597795,"Longitude":139.55744128249694}}
