{"Coordinate":{"Latitude":35.7412739,"Longitude":139.5573807},"Nid":1553835706,"Wid":776990359,"Location":{"Latitude":35.741244401845364,"Longitude":139.5573752356727}}
