{"Coordinate":{"Latitude":35.7109567,"Longitude":139.5369572},"Nid":313732122,"Wid":141764722,"Location":{"Latitude":35.71094683784905,"Longitude":139.53698553263098}}
