{"Coordinate":{"Latitude":35.7111727,"Longitude":139.5366839},"Nid":1650160818,"Wid":152180731,"Location":{"Latitude":35.711183218124994,"Longitude":139.53665580428776}}
{"Coordinate":{"Latitude":35.7431313,"Longitude":139.5578288},"Nid":1129805131,"Wid":562764559,"Location":{"Latitude":35.74316082473413,"Longitude":139.5578341188415}}
{"Coordinate":{"Latitude":35.7431313,"Longitude":139.5578288},"Nid":1129805131,"Wid":562764559,"Location":{"Latitude":35.74316087800285,"Longitude":139.55783381415475}}
