{"Coordinate":{"Latitude":35.7123494,"Longitude":139.5261085},"Nid":700848574,"Wid":145230232,"Location":{"Latitude":35.71234869191065,"Longitude":139.5261384916423}}
