{"Coordinate":{"Latitude":35.7048145,"Longitude":139.5812003},"Nid":-1484254452,"Wid":276479573,"Location":{"Latitude":35.70484143391982,"Longitude":139.58121351226563}}
{"Coordinate":{"Latitude":35.7044356,"Longitude":139.5810192},"Nid":990197464,"Wid":276479573,"Location":{"Latitude":35.70446242541153,"Longitude":139.58103263120603}}
{"Coordinate":{"Latitude":35.7044356,"Longitude":139.5810192},"Nid":990197464,"Wid":276479573,"Location":{"Latitude":35.70446223689762,"Longitude":139.58103300129287}}
{"Coordinate":{"Latitude":35.703662,"Longitude":139.5807625},"Nid":516419773,"Wid":276479573,"Location":{"Latitude":35.70369194015151,"Longitude":139.5807643940242}}
