{"Coordinate":{"Latitude":35.7251427,"Longitude":139.5783623},"Nid":410471355,"Wid":100490626,"Location":{"Latitude":35.725144451942704,"Longitude":139.57839224880126}}
