{"Coordinate":{"Latitude":35.7111698,"Longitude":139.5365763},"Nid":700848623,"Wid":26202050,"Location":{"Latitude":35.71117078384551,"Longitude":139.53654631613688}}
{"Coordinate":{"Latitude":35.7111698,"Longitude":139.5365763},"Nid":700848623,"Wid":26202050,"Location":{"Latitude":35.71116899174332,"Longitude":139.53654631088997}}
{"Coordinate":{"Latitude":35.7111727,"Longitude":139.5366839},"Nid":1650160818,"Wid":26202050,"Location":{"Latitude":35.71117188110433,"Longitude":139.5366539111786}}
{"Coordinate":{"Latitude":35.7111822,"Longitude":139.5370318},"Nid":411293605,"Wid":26202050,"Location":{"Latitude":35.71118050778332,"Longitude":139.53700184776463}}
{"Coordinate":{"Latitude":35.7131567,"Longitude":139.5414348},"Nid":-461023437,"Wid":26202050,"Location":{"Latitude":35.71314446870911,"Longitude":139.54140740665184}}
{"Coordinate":{"Latitude":35.7131567,"Longitude":139.5414348},"Nid":-461023437,"Wid":26202050,"Location":{"Latitude":35.7131444869618,"Longitude":139.5414073985092}}
