{"Coordinate":{"Latitude":35.7086099,"Longitude":139.5696316},"Nid":732097106,"Wid":145238543,"Location":{"Latitude":35.70862067735198,"Longitude":139.56960360270222}}
{"Coordinate":{"Latitude":35.7053112,"Longitude":139.5784246},"Nid":372386378,"Wid":145238543,"Location":{"Latitude":35.70532165623829,"Longitude":139.57839648119702}}
{"Coordinate":{"Latitude":35.7280765,"Longitude":139.5798891},"Nid":1161725650,"Wid":106337505,"Location":{"Latitude":35.72807764071592,"Longitude":139.57991907830495}}
