{"Coordinate":{"Latitude":35.7070861,"Longitude":139.5627994},"Nid":544473433,"Wid":43322631,"Location":{"Latitude":35.70706095001344,"Longitude":139.56278304523994}}
{"Coordinate":{"Latitude":35.7320373,"Longitude":139.5574364},"Nid":1138498109,"Wid":776990361,"Location":{"Latitude":35.73200735801265,"Longitude":139.55743826477712}}
{"Coordinate":{"Latitude":35.7344341,"Longitude":139.5572181},"Nid":2081758468,"Wid":776990361,"Location":{"Latitude":35.73440427137495,"Longitude":139.5572213020505}}
{"Coordinate":{"Latitude":35.7344341,"Longitude":139.5572181},"Nid":2081758468,"Wid":776990361,"Location":{"Latitude":35.734404299002584,"Longitude":139.5572215497178}}
{"Coordinate":{"Latitude":35.7370985,"Longitude":139.5569265},"Nid":2081758474,"Wid":776990361,"Location":{"Latitude":35.73706866568174,"Longitude":139.55692964856377}}
{"Coordinate":{"Latitude":35.7370985,"Longitude":139.5569265},"Nid":2081758474,"Wid":776990361,"Location":{"Latitude":35.7370686568257,"Longitude":139.5569295634862}}
