{"Coordinate":{"Latitude":35.7284722,"Longitude":139.5473155},"Nid":1621376774,"Wid":296954898,"Location":{"Latitude":35.728487857626774,"Longitude":139.5472899101832}}
{"Coordinate":{"Latitude":35.7272981,"Longitude":139.5493309},"Nid":1621376740,"Wid":296954898,"Location":{"Latitude":35.72731403510318,"Longitude":139.54930548204402}}
{"Coordinate":{"Latitude":35.7272981,"Longitude":139.5493309},"Nid":1621376740,"Wid":296954898,"Location":{"Latitude":35.72731320635195,"Longitude":139.54930498093114}}
{"Coordinate":{"Latitude":35.7259327,"Longitude":139.5521178},"Nid":1621376723,"Wid":296954898,"Location":{"Latitude":35.72594187258296,"Longitude":139.55208923667172}}
{"Coordinate":{"Latitude":35.7259327,"Longitude":139.5521178},"Nid":1621376723,"Wid":296954898,"Location":{"Latitude":35.72594065800621,"Longitude":139.55208887474913}}
{"Coordinate":{"Latitude":35.7257751,"Longitude":139.5526975},"Nid":1621376721,"Wid":296954898,"Location":{"Latitude":35.72578276438422,"Longitude":139.5526684955656}}
{"Coordinate":{"Latitude":35.7257751,"Longitude":139.5526975},"Nid":1621376721,"Wid":296954898,"Location":{"Latitude":35.72578324766562,"Longitude":139.5526686275989}}
{"Coordinate":{"Latitude":35.7253798,"Longitude":139.5543451},"Nid":1621376712,"Wid":296954898,"Location":{"Latitude":35.725385285490994,"Longitude":139.55431560577364}}
{"Coordinate":{"Latitude":35.7253798,"Longitude":139.5543451},"Nid":1621376712,"Wid":296954898,"Location":{"Latitude":35.72538506939736,"Longitude":139.55431556640133}}
{"Coordinate":{"Latitude":35.7248141,"Longitude":139.5575548},"Nid":1621520984,"Wid":296954898,"Location":{"Latitude":35.724819654451096,"Longitude":139.55752531868262}}
{"Coordinate":{"Latitude":35.7248141,"Longitude":139.5575548},"Nid":1621520984,"Wid":296954898,"Location":{"Latitude":35.72482109433512,"Longitude":139.55752562673695}}
{"Coordinate":{"Latitude":35.7247755,"Longitude":139.5577158},"Nid":-1520364705,"Wid":296954898,"Location":{"Latitude":35.72478071389763,"Longitude":139.5576862565528}}
{"Coordinate":{"Latitude":35.7238361,"Longitude":139.5619614},"Nid":1621520931,"Wid":296954898,"Location":{"Latitude":35.72384510842002,"Longitude":139.5619327844733}}
{"Coordinate":{"Latitude":35.7238361,"Longitude":139.5619614},"Nid":1621520931,"Wid":296954898,"Location":{"Latitude":35.72384608006398,"Longitude":139.5619331086882}}
{"Coordinate":{"Latitude":35.7231516,"Longitude":139.5650216},"Nid":1621520881,"Wid":296954898,"Location":{"Latitude":35.72315394573736,"Longitude":139.56499169184866}}
{"Coordinate":{"Latitude":35.7231516,"Longitude":139.5650216},"Nid":1621520881,"Wid":296954898,"Location":{"Latitude":35.723153824787865,"Longitude":139.56499168260842}}
