{"Coordinate":{"Latitude":35.7142052,"Longitude":139.5440126},"Nid":286903436,"Wid":141759373,"Location":{"Latitude":35.71419267611142,"Longitude":139.5439853391817}}
{"Coordinate":{"Latitude":35.7165432,"Longitude":139.5494466},"Nid":286903426,"Wid":141759373,"Location":{"Latitude":35.71654092756908,"Longitude":139.54941668618952}}
