{"Coordinate":{"Latitude":35.7123494,"Longitude":139.5261085},"Nid":700848574,"Wid":145230318,"Location":{"Latitude":35.712350275101535,"Longitude":139.52607851276608}}
