{"Coordinate":{"Latitude":35.7182817,"Longitude":139.5724575},"Nid":393724380,"Wid":43761468,"Location":{"Latitude":35.71825541832152,"Longitude":139.5724430337159}}
