{"Coordinate":{"Latitude":35.743172,"Longitude":139.557729},"Nid":1110063224,"Wid":220378760,"Location":{"Latitude":35.74314243280184,"Longitude":139.557723922521}}
{"Coordinate":{"Latitude":35.743172,"Longitude":139.557729},"Nid":1110063224,"Wid":220378760,"Location":{"Latitude":35.743142482799016,"Longitude":139.55772363951064}}
