{"Coordinate":{"Latitude":35.7050067,"Longitude":139.5604955},"Nid":683867671,"Wid":96054586,"Location":{"Latitude":35.70500649904757,"Longitude":139.56046550067305}}
