{"Coordinate":{"Latitude":35.7320397,"Longitude":139.5575435},"Nid":1138498110,"Wid":562764561,"Location":{"Latitude":35.732069556922085,"Longitude":139.55754057353388}}
