{"Coordinate":{"Latitude":35.7293295,"Longitude":139.545686},"Nid":411293573,"Wid":295485085,"Location":{"Latitude":35.72931473356425,"Longitude":139.54571211421788}}
{"Coordinate":{"Latitude":35.7307057,"Longitude":139.5433274},"Nid":1551894056,"Wid":295485085,"Location":{"Latitude":35.730689902045654,"Longitude":139.54335290342405}}
{"Coordinate":{"Latitude":35.7307057,"Longitude":139.5433274},"Nid":1551894056,"Wid":295485085,"Location":{"Latitude":35.73069054183136,"Longitude":139.5433532887992}}
{"Coordinate":{"Latitude":35.7318186,"Longitude":139.5414652},"Nid":393096263,"Wid":295485085,"Location":{"Latitude":35.73180048548036,"Longitude":139.54148911368182}}
