{"Coordinate":{"Latitude":35.7178403,"Longitude":139.5290471},"Nid":674766714,"Wid":53355347,"Location":{"Latitude":35.71784926503987,"Longitude":139.52901847085298}}
{"Coordinate":{"Latitude":35.7165823,"Longitude":139.53268},"Nid":674766722,"Wid":53355347,"Location":{"Latitude":35.7165848887612,"Longitude":139.53265011190345}}
{"Coordinate":{"Latitude":35.7413982,"Longitude":139.5575122},"Nid":1129805132,"Wid":776990358,"Location":{"Latitude":35.741427721680544,"Longitude":139.557517535764}}
