{"Coordinate":{"Latitude":35.7063516,"Longitude":139.5656995},"Nid":369672519,"Wid":145238446,"Location":{"Latitude":35.70637771419039,"Longitude":139.56571426648435}}
