{"Coordinate":{"Latitude":35.7117687,"Longitude":139.5611261},"Nid":732097112,"Wid":43761473,"Location":{"Latitude":35.711743070739324,"Longitude":139.56111050702089}}
