{"Coordinate":{"Latitude":35.7252702,"Longitude":139.5805814},"Nid":475856444,"Wid":694892828,"Location":{"Latitude":35.72527172938948,"Longitude":139.58061136099076}}
