{"Coordinate":{"Latitude":35.7091183,"Longitude":139.5524971},"Nid":1208267895,"Wid":572839488,"Location":{"Latitude":35.70914409176159,"Longitude":139.5525124226967}}
