{"Coordinate":{"Latitude":35.7044825,"Longitude":139.5565247},"Nid":440610789,"Wid":161644146,"Location":{"Latitude":35.70450185402193,"Longitude":139.55654762208184}}
{"Coordinate":{"Latitude":35.7176176,"Longitude":139.5435397},"Nid":708697699,"Wid":141759466,"Location":{"Latitude":35.717627780555496,"Longitude":139.54356791978543}}
