{"Coordinate":{"Latitude":35.7344342,"Longitude":139.5573311},"Nid":1129805142,"Wid":562764564,"Location":{"Latitude":35.73446404103203,"Longitude":139.55732801571597}}
{"Coordinate":{"Latitude":35.7344342,"Longitude":139.5573311},"Nid":1129805142,"Wid":562764564,"Location":{"Latitude":35.73446398307374,"Longitude":139.557327498817}}
