{"Coordinate":{"Latitude":35.7330155,"Longitude":139.5390873},"Nid":1553901320,"Wid":141963923,"Location":{"Latitude":35.73304534279832,"Longitude":139.5390903671466}}
{"Coordinate":{"Latitude":35.7319524,"Longitude":139.538947},"Nid":393096670,"Wid":141963923,"Location":{"Latitude":35.73198193944268,"Longitude":139.53895223653757}}
{"Coordinate":{"Latitude":35.7044825,"Longitude":139.5565247},"Nid":440610789,"Wid":37591068,"Location":{"Latitude":35.70445697748026,"Longitude":139.55654046708554}}
