{"Coordinate":{"Latitude":35.734779,"Longitude":139.5291806},"Nid":682898315,"Wid":54144463,"Location":{"Latitude":35.734790167387715,"Longitude":139.52915275597996}}
