{"Coordinate":{"Latitude":35.7319524,"Longitude":139.538947},"Nid":393096670,"Wid":141964264,"Location":{"Latitude":35.73198127689248,"Longitude":139.53895513173293}}
{"Coordinate":{"Latitude":35.7298984,"Longitude":139.5383561},"Nid":1553901166,"Wid":141964264,"Location":{"Latitude":35.72992833095827,"Longitude":139.53835813414278}}
