{"Coordinate":{"Latitude":35.731553,"Longitude":139.5789504},"Nid":1163196268,"Wid":100555153,"Location":{"Latitude":35.73158190953607,"Longitude":139.57894238509363}}
