{"Coordinate":{"Latitude":35.7076169,"Longitude":139.5596909},"Nid":1586699194,"Wid":398670667,"Location":{"Latitude":35.707591361390314,"Longitude":139.55967515898936}}
