{"Coordinate":{"Latitude":35.7398355,"Longitude":139.5572266},"Nid":1129805134,"Wid":562908928,"Location":{"Latitude":35.739865002966276,"Longitude":139.55723203828842}}
{"Coordinate":{"Latitude":35.7398355,"Longitude":139.5572266},"Nid":1129805134,"Wid":562908928,"Location":{"Latitude":35.739865012728345,"Longitude":139.55723198505947}}
{"Coordinate":{"Latitude":35.7061132,"Longitude":139.5818209},"Nid":508477566,"Wid":175352873,"Location":{"Latitude":35.70614030069023,"Longitude":139.5818337667241}}
{"Coordinate":{"Latitude":35.7048145,"Longitude":139.5812003},"Nid":-1484254452,"Wid":175352873,"Location":{"Latitude":35.704841572632546,"Longitude":139.58121322565538}}
