{"Coordinate":{"Latitude":35.7091618,"Longitude":139.5524028},"Nid":529473251,"Wid":572839484,"Location":{"Latitude":35.70913560834725,"Longitude":139.55238817135256}}
{"Coordinate":{"Latitude":35.7106639,"Longitude":139.553103},"Nid":1208267872,"Wid":572839484,"Location":{"Latitude":35.71063457092759,"Longitude":139.55309669083908}}
{"Coordinate":{"Latitude":35.7412739,"Longitude":139.5573807},"Nid":1553835706,"Wid":562908929,"Location":{"Latitude":35.74124431570864,"Longitude":139.55737572308283}}
