{"Coordinate":{"Latitude":35.712013,"Longitude":139.5656766},"Nid":544473436,"Wid":145238423,"Location":{"Latitude":35.711987140322435,"Longitude":139.56566139220342}}
