{"Coordinate":{"Latitude":35.7139577,"Longitude":139.5440142},"Nid":286903430,"Wid":141764755,"Location":{"Latitude":35.71398761035422,"Longitude":139.54401651747926}}
{"Coordinate":{"Latitude":35.7123306,"Longitude":139.5438754},"Nid":286903453,"Wid":141764755,"Location":{"Latitude":35.71236048441606,"Longitude":139.54387803090796}}
{"Coordinate":{"Latitude":35.7123306,"Longitude":139.5438754},"Nid":286903453,"Wid":141764755,"Location":{"Latitude":35.71236047660372,"Longitude":139.5438781181888}}
{"Coordinate":{"Latitude":35.7095122,"Longitude":139.5437147},"Nid":286903543,"Wid":141764755,"Location":{"Latitude":35.70954217497362,"Longitude":139.54371347486483}}
