{"Coordinate":{"Latitude":35.7165432,"Longitude":139.5494466},"Nid":286903426,"Wid":141759386,"Location":{"Latitude":35.716561782985664,"Longitude":139.5494701514892}}
{"Coordinate":{"Latitude":35.7139577,"Longitude":139.5440142},"Nid":286903430,"Wid":141759386,"Location":{"Latitude":35.71396975406956,"Longitude":139.54404167179294}}
{"Coordinate":{"Latitude":35.7139577,"Longitude":139.5440142},"Nid":286903430,"Wid":141759386,"Location":{"Latitude":35.7139689614315,"Longitude":139.5440420061173}}
{"Coordinate":{"Latitude":35.713057,"Longitude":139.5418195},"Nid":393724340,"Wid":141759386,"Location":{"Latitude":35.71306866201962,"Longitude":139.54184714050106}}
{"Coordinate":{"Latitude":35.713057,"Longitude":139.5418195},"Nid":393724340,"Wid":141759386,"Location":{"Latitude":35.71306842249415,"Longitude":139.54184724034295}}
{"Coordinate":{"Latitude":35.7109179,"Longitude":139.5372732},"Nid":1611667057,"Wid":141759386,"Location":{"Latitude":35.7109170059873,"Longitude":139.53730318667604}}
{"Coordinate":{"Latitude":35.7109179,"Longitude":139.5372732},"Nid":1611667057,"Wid":141759386,"Location":{"Latitude":35.71091487297452,"Longitude":139.53730304689458}}
{"Coordinate":{"Latitude":35.7109567,"Longitude":139.5369572},"Nid":313732122,"Wid":141759386,"Location":{"Latitude":35.71095254056466,"Longitude":139.53698691025238}}
