{"Coordinate":{"Latitude":35.7413982,"Longitude":139.5575122},"Nid":1129805132,"Wid":562764579,"Location":{"Latitude":35.74142766065759,"Longitude":139.55751786300752}}
