{"Coordinate":{"Latitude":35.7231188,"Longitude":139.5687639},"Nid":1621520857,"Wid":149127459,"Location":{"Latitude":35.72311866116616,"Longitude":139.56873390032123}}
{"Coordinate":{"Latitude":35.7230899,"Longitude":139.5754147},"Nid":1621520813,"Wid":149127459,"Location":{"Latitude":35.72308866511106,"Longitude":139.57538472542663}}
{"Coordinate":{"Latitude":35.7230899,"Longitude":139.5754147},"Nid":1621520813,"Wid":149127459,"Location":{"Latitude":35.723088851096705,"Longitude":139.57538471834226}}
{"Coordinate":{"Latitude":35.723154,"Longitude":139.5784126},"Nid":388753261,"Wid":149127459,"Location":{"Latitude":35.72315820932941,"Longitude":139.5783828967755}}
