{"Coordinate":{"Latitude":35.7095122,"Longitude":139.5437147},"Nid":286903543,"Wid":158667853,"Location":{"Latitude":35.70954219441523,"Longitude":139.54371412116043}}
