{"Coordinate":{"Latitude":35.7320397,"Longitude":139.5575435},"Nid":1138498110,"Wid":563877348,"Location":{"Latitude":35.732069494292226,"Longitude":139.5575399928429}}
