{"Coordinate":{"Latitude":35.7398429,"Longitude":139.5571202},"Nid":2081758470,"Wid":562764573,"Location":{"Latitude":35.739813337450016,"Longitude":139.5571150955276}}
{"Coordinate":{"Latitude":35.7398429,"Longitude":139.5571202},"Nid":2081758470,"Wid":562764573,"Location":{"Latitude":35.739813421012535,"Longitude":139.55711463319682}}
