{"Coordinate":{"Latitude":35.713057,"Longitude":139.5418195},"Nid":393724340,"Wid":152181631,"Location":{"Latitude":35.7130273762236,"Longitude":139.5418242362297}}
