{"Coordinate":{"Latitude":35.7084932,"Longitude":139.5437998},"Nid":1586623253,"Wid":145230615,"Location":{"Latitude":35.708498138933905,"Longitude":139.54377020934382}}
