{"Coordinate":{"Latitude":35.7048444,"Longitude":139.5811125},"Nid":517392178,"Wid":276479572,"Location":{"Latitude":35.70481734778374,"Longitude":139.5810995316695}}
{"Coordinate":{"Latitude":35.706141,"Longitude":139.581746},"Nid":508477569,"Wid":276479572,"Location":{"Latitude":35.706114162423304,"Longitude":139.58173259311832}}
