{"Coordinate":{"Latitude":35.7320378,"Longitude":139.5619464},"Nid":1125207887,"Wid":238513919,"Location":{"Latitude":35.73204352464084,"Longitude":139.5619758487434}}
