{"Coordinate":{"Latitude":35.728423,"Longitude":139.5472533},"Nid":623351266,"Wid":141774849,"Location":{"Latitude":35.72840797967454,"Longitude":139.5472792690166}}
{"Coordinate":{"Latitude":35.7293295,"Longitude":139.545686},"Nid":411293573,"Wid":141774849,"Location":{"Latitude":35.72931448240633,"Longitude":139.54571197059644}}
