{"Coordinate":{"Latitude":35.7048565,"Longitude":139.5633401},"Nid":1112907156,"Wid":145130469,"Location":{"Latitude":35.70485257677562,"Longitude":139.56336984236557}}
