{"Coordinate":{"Latitude":35.7090304,"Longitude":139.5802622},"Nid":388753214,"Wid":33920597,"Location":{"Latitude":35.70902161122909,"Longitude":139.58029088374985}}
