{"Coordinate":{"Latitude":35.7106413,"Longitude":139.5531892},"Nid":1208267900,"Wid":572839486,"Location":{"Latitude":35.71067077710737,"Longitude":139.55319477675005}}
{"Coordinate":{"Latitude":35.7106413,"Longitude":139.5531892},"Nid":1208267900,"Wid":572839486,"Location":{"Latitude":35.71067053063088,"Longitude":139.5531959505717}}
{"Coordinate":{"Latitude":35.7091183,"Longitude":139.5524971},"Nid":1208267895,"Wid":572839486,"Location":{"Latitude":35.70914477899844,"Longitude":139.55251120186662}}
