{"Coordinate":{"Latitude":35.7438653,"Longitude":139.5505153},"Nid":569062796,"Wid":141878121,"Location":{"Latitude":35.74389284730641,"Longitude":139.5505034195156}}
