{"Coordinate":{"Latitude":35.7386914,"Longitude":139.5821964},"Nid":692532885,"Wid":680499845,"Location":{"Latitude":35.73869933785582,"Longitude":139.58216746921283}}
{"Coordinate":{"Latitude":35.7386914,"Longitude":139.5821964},"Nid":692532885,"Wid":680499845,"Location":{"Latitude":35.738700671698815,"Longitude":139.58216786869085}}
{"Coordinate":{"Latitude":35.738073,"Longitude":139.584101},"Nid":632466622,"Wid":680499845,"Location":{"Latitude":35.738102145945476,"Longitude":139.58409389268954}}
