{"Coordinate":{"Latitude":35.7036606,"Longitude":139.5806502},"Nid":516419847,"Wid":276479571,"Location":{"Latitude":35.703630665492355,"Longitude":139.58064821877508}}
{"Coordinate":{"Latitude":35.7044656,"Longitude":139.5809334},"Nid":990197463,"Wid":276479571,"Location":{"Latitude":35.704439067276006,"Longitude":139.5809193994801}}
{"Coordinate":{"Latitude":35.7044656,"Longitude":139.5809334},"Nid":990197463,"Wid":276479571,"Location":{"Latitude":35.70443853868779,"Longitude":139.58092045066095}}
