{"Coordinate":{"Latitude":35.7163129,"Longitude":139.5437645},"Nid":678573893,"Wid":141759422,"Location":{"Latitude":35.716314253136524,"Longitude":139.54379446946817}}
