{"Coordinate":{"Latitude":35.7048444,"Longitude":139.5811125},"Nid":517392178,"Wid":546964877,"Location":{"Latitude":35.704817041161704,"Longitude":139.58110019171144}}
