{"Coordinate":{"Latitude":35.7287872,"Longitude":139.555259},"Nid":1551848294,"Wid":149127448}
{"Coordinate":{"Latitude":35.7055032,"Longitude":139.5401194},"Nid":1767386185,"Wid":165176302}
{"Coordinate":{"Latitude":35.7442069,"Longitude":139.5494689},"Nid":-2032724754,"Wid":93214145}
{"Coordinate":{"Latitude":35.7427085,"Longitude":139.5588344},"Nid":-2070819764,"Wid":212573962}
{"Coordinate":{"Latitude":35.7424091,"Longitude":139.5599696},"Nid":-2070819771,"Wid":212573962}
{"Coordinate":{"Latitude":35.7424091,"Longitude":139.5599696},"Nid":-2070819771,"Wid":212573962}
{"Coordinate":{"Latitude":35.7209485,"Longitude":139.5344152},"Nid":1551803258,"Wid":141765072}
{"Coordinate":{"Latitude":35.7215187,"Longitude":139.5345774},"Nid":1551803333,"Wid":141765072}
{"Coordinate":{"Latitude":35.7320541,"Longitude":139.5758391},"Nid":1311921852,"Wid":116358963}
{"Coordinate":{"Latitude":35.7139619,"Longitude":139.5303749},"Nid":701730559,"Wid":177953035}
{"Coordinate":{"Latitude":35.7218166,"Longitude":139.5453357},"Nid":1551736922,"Wid":141759441}
{"Coordinate":{"Latitude":35.7214775,"Longitude":139.544298},"Nid":1609658135,"Wid":141759441}
{"Coordinate":{"Latitude":35.744278,"Longitude":139.5784033},"Nid":-2034186592,"Wid":216686493}
{"Coordinate":{"Latitude":35.7123657,"Longitude":139.5813987},"Nid":429229901,"Wid":479291291}
{"Coordinate":{"Latitude":35.7229097,"Longitude":139.5610322},"Nid":1551847373,"Wid":150181334}
{"Coordinate":{"Latitude":35.7283332,"Longitude":139.5452912},"Nid":1621376770,"Wid":149116066}
{"Coordinate":{"Latitude":35.7281164,"Longitude":139.5449394},"Nid":1621376754,"Wid":149116066}
{"Coordinate":{"Latitude":35.7315586,"Longitude":139.5683131},"Nid":1551894223,"Wid":141774853}
{"Coordinate":{"Latitude":35.7314697,"Longitude":139.569519},"Nid":1311923018,"Wid":141774853}
{"Coordinate":{"Latitude":35.7313148,"Longitude":139.5716972},"Nid":393096184,"Wid":141774853}
{"Coordinate":{"Latitude":35.7313148,"Longitude":139.5716972},"Nid":393096184,"Wid":141774853}
{"Coordinate":{"Latitude":35.7313298,"Longitude":139.5724981},"Nid":393096185,"Wid":141774853}
{"Coordinate":{"Latitude":35.7277499,"Longitude":139.5664369},"Nid":1551848134,"Wid":141775013}
{"Coordinate":{"Latitude":35.7272026,"Longitude":139.5661583},"Nid":1184506862,"Wid":141775013}
{"Coordinate":{"Latitude":35.7382699,"Longitude":139.5797118},"Nid":-260000230,"Wid":240074712}
{"Coordinate":{"Latitude":35.7059348,"Longitude":139.5479841},"Nid":1611666873,"Wid":148057653}
{"Coordinate":{"Latitude":35.7141242,"Longitude":139.5349771},"Nid":1551802725,"Wid":141765254}
{"Coordinate":{"Latitude":35.7156309,"Longitude":139.5347556},"Nid":1551802787,"Wid":141765254}
{"Coordinate":{"Latitude":35.7340176,"Longitude":139.5739499},"Nid":1311920895,"Wid":116358742}
{"Coordinate":{"Latitude":35.7342195,"Longitude":139.5753723},"Nid":1311921108,"Wid":116358742}
{"Coordinate":{"Latitude":35.7129067,"Longitude":139.5251819},"Nid":701730461,"Wid":153964918}
