{"Coordinate":{"Latitude":35.7162591,"Longitude":139.5426591},"Nid":1551735806,"Wid":141759496}
{"Coordinate":{"Latitude":35.7354598,"Longitude":139.5706181},"Nid":1311920458,"Wid":116357606}
{"Coordinate":{"Latitude":35.7370121,"Longitude":139.5710812},"Nid":1311926170,"Wid":116357606}
{"Coordinate":{"Latitude":35.7050637,"Longitude":139.5509895},"Nid":1610090889,"Wid":147858885}
{"Coordinate":{"Latitude":35.7252955,"Longitude":139.5270736},"Nid":1551804031,"Wid":284237715}
{"Coordinate":{"Latitude":35.7251922,"Longitude":139.5276759},"Nid":-1415097607,"Wid":284237715}
{"Coordinate":{"Latitude":35.724813,"Longitude":139.547949},"Nid":1551847697,"Wid":153168533}
{"Coordinate":{"Latitude":35.7063099,"Longitude":139.5550885},"Nid":1586634015,"Wid":145233231}
{"Coordinate":{"Latitude":35.7070817,"Longitude":139.5367839},"Nid":700848598,"Wid":145129794}
{"Coordinate":{"Latitude":35.7271542,"Longitude":139.5417619},"Nid":1629902330,"Wid":150057371}
{"Coordinate":{"Latitude":35.7274122,"Longitude":139.5426285},"Nid":1629902431,"Wid":150057371}
{"Coordinate":{"Latitude":35.7120963,"Longitude":139.5522762},"Nid":1586654958,"Wid":145235505}
{"Coordinate":{"Latitude":35.7400222,"Longitude":139.5734123},"Nid":1311923033,"Wid":240074723}
{"Coordinate":{"Latitude":35.731984,"Longitude":139.5439131},"Nid":-1769707872,"Wid":245303717}
{"Coordinate":{"Latitude":35.7328807,"Longitude":139.5439716},"Nid":-1769707859,"Wid":245303717}
{"Coordinate":{"Latitude":35.7137995,"Longitude":139.5666552},"Nid":544473437,"Wid":145236905}
{"Coordinate":{"Latitude":35.7189742,"Longitude":139.5552359},"Nid":1615381237,"Wid":148431906}
{"Coordinate":{"Latitude":35.7187518,"Longitude":139.5552406},"Nid":1586655190,"Wid":148431906}
{"Coordinate":{"Latitude":35.710088,"Longitude":139.5551224},"Nid":1586634161,"Wid":145233243}
{"Coordinate":{"Latitude":35.7104975,"Longitude":139.5537202},"Nid":1610603335,"Wid":145233243}
{"Coordinate":{"Latitude":35.7302581,"Longitude":139.5607383},"Nid":1551893859,"Wid":141780872}
{"Coordinate":{"Latitude":35.7301238,"Longitude":139.5616028},"Nid":1551893812,"Wid":141780872}
{"Coordinate":{"Latitude":35.7306273,"Longitude":139.5266766},"Nid":1850960330,"Wid":174398412}
{"Coordinate":{"Latitude":35.7159747,"Longitude":139.5325962},"Nid":734949272,"Wid":59272264}
{"Coordinate":{"Latitude":35.7403602,"Longitude":139.5710187},"Nid":1311924582,"Wid":116358714}
