{"Coordinate":{"Latitude":35.7283584,"Longitude":139.5223287},"Nid":733936905,"Wid":141764923}
{"Coordinate":{"Latitude":35.7202569,"Longitude":139.5354357},"Nid":1626529084,"Wid":149705054}
{"Coordinate":{"Latitude":35.7080515,"Longitude":139.541011},"Nid":1586623242,"Wid":152303345}
{"Coordinate":{"Latitude":35.7079198,"Longitude":139.5407616},"Nid":1651318496,"Wid":152303345}
{"Coordinate":{"Latitude":35.707276,"Longitude":139.5412882},"Nid":1651318460,"Wid":152303345}
{"Coordinate":{"Latitude":35.7446702,"Longitude":139.5541574},"Nid":734176320,"Wid":141952521}
{"Coordinate":{"Latitude":35.7312535,"Longitude":139.5322442},"Nid":1553901211,"Wid":141964190}
{"Coordinate":{"Latitude":35.7412445,"Longitude":139.5474072},"Nid":1078676809,"Wid":93059776}
{"Coordinate":{"Latitude":35.7347069,"Longitude":139.5220484},"Nid":682898270,"Wid":141964274}
{"Coordinate":{"Latitude":35.7199585,"Longitude":139.5712564},"Nid":-1842359913,"Wid":237347744}
{"Coordinate":{"Latitude":35.7194248,"Longitude":139.5730878},"Nid":-1842359876,"Wid":237347744}
{"Coordinate":{"Latitude":35.739204,"Longitude":139.541065},"Nid":1553901634,"Wid":141963906}
{"Coordinate":{"Latitude":35.7364344,"Longitude":139.5593704},"Nid":1551896644,"Wid":141781208}
{"Coordinate":{"Latitude":35.7359813,"Longitude":139.5614595},"Nid":1551896387,"Wid":141781208}
{"Coordinate":{"Latitude":35.72185,"Longitude":139.5564805},"Nid":1586339495,"Wid":145201221}
{"Coordinate":{"Latitude":35.7059805,"Longitude":139.5449936},"Nid":1586623176,"Wid":145230568}
{"Coordinate":{"Latitude":35.7199237,"Longitude":139.5556848},"Nid":1615381338,"Wid":148431871}
{"Coordinate":{"Latitude":35.7103134,"Longitude":139.53918},"Nid":1586588876,"Wid":145228057}
{"Coordinate":{"Latitude":35.7112468,"Longitude":139.5394752},"Nid":1611667072,"Wid":145228057}
{"Coordinate":{"Latitude":35.7124178,"Longitude":139.5596022},"Nid":1632361146,"Wid":150303349}
{"Coordinate":{"Latitude":35.7198522,"Longitude":139.5782464},"Nid":419796719,"Wid":35911285}
{"Coordinate":{"Latitude":35.7174121,"Longitude":139.5769922},"Nid":1586680869,"Wid":145237063}
{"Coordinate":{"Latitude":35.7178248,"Longitude":139.5765598},"Nid":410471313,"Wid":145237063}
{"Coordinate":{"Latitude":35.7359813,"Longitude":139.5614595},"Nid":1551896387,"Wid":141780955}
{"Coordinate":{"Latitude":35.7201373,"Longitude":139.5558165},"Nid":1615381353,"Wid":148431862}
{"Coordinate":{"Latitude":35.7173501,"Longitude":139.5600757},"Nid":1620122527,"Wid":750327570}
{"Coordinate":{"Latitude":35.7171879,"Longitude":139.559546},"Nid":1620122523,"Wid":750327570}
{"Coordinate":{"Latitude":35.7167737,"Longitude":139.5411849},"Nid":1551735847,"Wid":141765170}
{"Coordinate":{"Latitude":35.7164273,"Longitude":139.540277},"Nid":1551802870,"Wid":141765170}
{"Coordinate":{"Latitude":35.7057803,"Longitude":139.5367033},"Nid":1623721664,"Wid":149385891}
{"Coordinate":{"Latitude":35.732193,"Longitude":139.5516},"Nid":1551894526,"Wid":141781083}
{"Coordinate":{"Latitude":35.7050448,"Longitude":139.5552607},"Nid":1586633993,"Wid":145233226}
{"Coordinate":{"Latitude":35.7132357,"Longitude":139.5462789},"Nid":1609989070,"Wid":147853281}
