{"Coordinate":{"Latitude":35.725158,"Longitude":139.5408563},"Nid":734896443,"Wid":59265546}
{"Coordinate":{"Latitude":35.7299624,"Longitude":139.5506163},"Nid":1551893685,"Wid":239955259}
{"Coordinate":{"Latitude":35.7154411,"Longitude":139.5338329},"Nid":1551802768,"Wid":152300597}
{"Coordinate":{"Latitude":35.7143312,"Longitude":139.5337039},"Nid":734949252,"Wid":152300597}
{"Coordinate":{"Latitude":35.7140835,"Longitude":139.5809824},"Nid":410119160,"Wid":91609723}
{"Coordinate":{"Latitude":35.7404766,"Longitude":139.5274842},"Nid":1339794930,"Wid":119178472}
{"Coordinate":{"Latitude":35.7389963,"Longitude":139.5264126},"Nid":1339795116,"Wid":119178472}
{"Coordinate":{"Latitude":35.7367787,"Longitude":139.5447554},"Nid":1007078795,"Wid":595774666}
{"Coordinate":{"Latitude":35.7143247,"Longitude":139.5354674},"Nid":1551929214,"Wid":141782616}
{"Coordinate":{"Latitude":35.7409375,"Longitude":139.5356783},"Nid":-1787118401,"Wid":249366807}
{"Coordinate":{"Latitude":35.7405255,"Longitude":139.5348108},"Nid":-1787118376,"Wid":249366807}
{"Coordinate":{"Latitude":35.7046903,"Longitude":139.5674926},"Nid":1120806463,"Wid":145130484}
{"Coordinate":{"Latitude":35.7426295,"Longitude":139.5225344},"Nid":1339794617,"Wid":119178470}
{"Coordinate":{"Latitude":35.728732,"Longitude":139.5513243},"Nid":623351319,"Wid":141775024}
{"Coordinate":{"Latitude":35.7281207,"Longitude":139.5515533},"Nid":1551848186,"Wid":141775024}
{"Coordinate":{"Latitude":35.7112432,"Longitude":139.5439601},"Nid":-1767938853,"Wid":727984964}
{"Coordinate":{"Latitude":35.7446365,"Longitude":139.5471557},"Nid":1022912738,"Wid":83913224}
{"Coordinate":{"Latitude":35.7076523,"Longitude":139.5473348},"Nid":1611666974,"Wid":148057779}
{"Coordinate":{"Latitude":35.7080172,"Longitude":139.5463503},"Nid":1611666992,"Wid":148057779}
{"Coordinate":{"Latitude":35.7446702,"Longitude":139.5541574},"Nid":734176320,"Wid":83913201}
{"Coordinate":{"Latitude":35.7385597,"Longitude":139.5499761},"Nid":1553862114,"Wid":141955743}
{"Coordinate":{"Latitude":35.7389553,"Longitude":139.54961},"Nid":1553862257,"Wid":141955743}
{"Coordinate":{"Latitude":35.7146316,"Longitude":139.558747},"Nid":1620122290,"Wid":148951946}
{"Coordinate":{"Latitude":35.7390833,"Longitude":139.5471673},"Nid":734176276,"Wid":141955847}
{"Coordinate":{"Latitude":35.7389556,"Longitude":139.5463142},"Nid":734176330,"Wid":141955847}
{"Coordinate":{"Latitude":35.7216456,"Longitude":139.5442273},"Nid":1551736821,"Wid":152314388}
{"Coordinate":{"Latitude":35.713046,"Longitude":139.5380127},"Nid":734949318,"Wid":141782659}
{"Coordinate":{"Latitude":35.7426156,"Longitude":139.5750076},"Nid":-1816472351,"Wid":565795829}
{"Coordinate":{"Latitude":35.7446684,"Longitude":139.5664393},"Nid":1199532641,"Wid":141877968}
{"Coordinate":{"Latitude":35.7242913,"Longitude":139.5433058},"Nid":-1500457109,"Wid":274783067}
{"Coordinate":{"Latitude":35.7097665,"Longitude":139.5812232},"Nid":504928456,"Wid":171520076}
{"Coordinate":{"Latitude":35.709544,"Longitude":139.5560222},"Nid":1586634147,"Wid":147930899}
{"Coordinate":{"Latitude":35.7070124,"Longitude":139.5488534},"Nid":1611666936,"Wid":148057686}
{"Coordinate":{"Latitude":35.7057803,"Longitude":139.5367033},"Nid":1623721664,"Wid":59277404}
