{"Coordinate":{"Latitude":35.715109,"Longitude":139.5508577},"Nid":1608796592,"Wid":147676561}
{"Coordinate":{"Latitude":35.7146984,"Longitude":139.5439447},"Nid":1614273972,"Wid":141759643}
{"Coordinate":{"Latitude":35.7210678,"Longitude":139.5429028},"Nid":1551736708,"Wid":141759643}
{"Coordinate":{"Latitude":35.704611,"Longitude":139.5399296},"Nid":1114406633,"Wid":145229982}
{"Coordinate":{"Latitude":35.7278612,"Longitude":139.5436236},"Nid":1551893337,"Wid":141781240}
{"Coordinate":{"Latitude":35.7282586,"Longitude":139.5443119},"Nid":1621376760,"Wid":141781240}
{"Coordinate":{"Latitude":35.7052739,"Longitude":139.5399337},"Nid":1767386154,"Wid":165176289}
{"Coordinate":{"Latitude":35.7055099,"Longitude":139.5396909},"Nid":1767386187,"Wid":165176289}
{"Coordinate":{"Latitude":35.7243317,"Longitude":139.5669983},"Nid":1311922189,"Wid":197127604}
{"Coordinate":{"Latitude":35.7255508,"Longitude":139.5485636},"Nid":1658857882,"Wid":153168547}
{"Coordinate":{"Latitude":35.7379271,"Longitude":139.5645774},"Nid":1553861879,"Wid":141955702}
{"Coordinate":{"Latitude":35.7369268,"Longitude":139.5646451},"Nid":1551896914,"Wid":141955702}
{"Coordinate":{"Latitude":35.7207011,"Longitude":139.544623},"Nid":1609658108,"Wid":147778729}
{"Coordinate":{"Latitude":35.7245201,"Longitude":139.5239755},"Nid":699532991,"Wid":141765148}
{"Coordinate":{"Latitude":35.7215272,"Longitude":139.5421349},"Nid":-1780039676,"Wid":244143279}
{"Coordinate":{"Latitude":35.7216038,"Longitude":139.5419294},"Nid":2045633115,"Wid":244143279}
{"Coordinate":{"Latitude":35.7159385,"Longitude":139.5554993},"Nid":-1807019977,"Wid":241100769}
{"Coordinate":{"Latitude":35.7367359,"Longitude":139.5480201},"Nid":-1426415420,"Wid":282910498}
{"Coordinate":{"Latitude":35.7406994,"Longitude":139.5581615},"Nid":1553835670,"Wid":141952475}
{"Coordinate":{"Latitude":35.7407149,"Longitude":139.5573887},"Nid":1129805133,"Wid":141952475}
{"Coordinate":{"Latitude":35.7101093,"Longitude":139.5400631},"Nid":700848685,"Wid":145235460}
{"Coordinate":{"Latitude":35.7103134,"Longitude":139.53918},"Nid":1586588876,"Wid":145235460}
{"Coordinate":{"Latitude":35.713404,"Longitude":139.5253569},"Nid":701730464,"Wid":55885138}
{"Coordinate":{"Latitude":35.7371457,"Longitude":139.5744016},"Nid":1311920859,"Wid":116359047}
{"Coordinate":{"Latitude":35.7090406,"Longitude":139.5626912},"Nid":-1780046047,"Wid":244142409}
{"Coordinate":{"Latitude":35.7245201,"Longitude":139.5239755},"Nid":699532991,"Wid":141764810}
{"Coordinate":{"Latitude":35.7246896,"Longitude":139.5246894},"Nid":700873371,"Wid":141764810}
{"Coordinate":{"Latitude":35.7366008,"Longitude":139.5731786},"Nid":-1426343325,"Wid":637951827}
{"Coordinate":{"Latitude":35.7190818,"Longitude":139.5389459},"Nid":1624970742,"Wid":149528773}
