{"Coordinate":{"Latitude":35.7145366,"Longitude":139.5369587},"Nid":734949285,"Wid":141782656}
{"Coordinate":{"Latitude":35.7051172,"Longitude":139.5597374},"Nid":1112907132,"Wid":150175237}
{"Coordinate":{"Latitude":35.7050036,"Longitude":139.5600555},"Nid":1112907131,"Wid":150175237}
{"Coordinate":{"Latitude":35.7074642,"Longitude":139.5217747},"Nid":1327464569,"Wid":798994408}
{"Coordinate":{"Latitude":35.7302081,"Longitude":139.5271888},"Nid":1850960312,"Wid":174398420}
{"Coordinate":{"Latitude":35.7123924,"Longitude":139.5486262},"Nid":1609999987,"Wid":147855663}
{"Coordinate":{"Latitude":35.7164997,"Longitude":139.5388441},"Nid":674766712,"Wid":148789915}
{"Coordinate":{"Latitude":35.7343024,"Longitude":139.5300791},"Nid":1553901375,"Wid":141963785}
{"Coordinate":{"Latitude":35.7301992,"Longitude":139.576044},"Nid":1311928457,"Wid":116358532}
{"Coordinate":{"Latitude":35.7143704,"Longitude":139.5778203},"Nid":475856455,"Wid":145237191}
{"Coordinate":{"Latitude":35.7434579,"Longitude":139.5560099},"Nid":1553836200,"Wid":141952463}
{"Coordinate":{"Latitude":35.7442419,"Longitude":139.5558874},"Nid":1552913275,"Wid":141952463}
{"Coordinate":{"Latitude":35.7368555,"Longitude":139.5629097},"Nid":1551896885,"Wid":141955849}
{"Coordinate":{"Latitude":35.7381207,"Longitude":139.5619945},"Nid":1553861972,"Wid":141955849}
{"Coordinate":{"Latitude":35.7356816,"Longitude":139.566894},"Nid":1551896276,"Wid":141780871}
{"Coordinate":{"Latitude":35.722801,"Longitude":139.561661},"Nid":1551847345,"Wid":141774952}
{"Coordinate":{"Latitude":35.7109372,"Longitude":139.5384935},"Nid":-1632086029,"Wid":260723546}
{"Coordinate":{"Latitude":35.7223,"Longitude":139.5469925},"Nid":1580971408,"Wid":144553419}
{"Coordinate":{"Latitude":35.7201716,"Longitude":139.5424765},"Nid":1551736421,"Wid":141759411}
{"Coordinate":{"Latitude":35.7201434,"Longitude":139.5419626},"Nid":1551736417,"Wid":141759411}
{"Coordinate":{"Latitude":35.7070359,"Longitude":139.5678621},"Nid":1120806409,"Wid":398667243}
{"Coordinate":{"Latitude":35.7058962,"Longitude":139.5672295},"Nid":369672487,"Wid":398667243}
{"Coordinate":{"Latitude":35.7344288,"Longitude":139.5507904},"Nid":1551895581,"Wid":141780898}
{"Coordinate":{"Latitude":35.7195037,"Longitude":139.5437752},"Nid":1551736235,"Wid":141759579}
{"Coordinate":{"Latitude":35.7360505,"Longitude":139.5340856},"Nid":1553901427,"Wid":141963736}
{"Coordinate":{"Latitude":35.7313298,"Longitude":139.5724981},"Nid":393096185,"Wid":346921231}
{"Coordinate":{"Latitude":35.7132552,"Longitude":139.5236899},"Nid":701730455,"Wid":153964910}
