{"Coordinate":{"Latitude":35.7080782,"Longitude":139.5587296},"Nid":1586699218,"Wid":145235535}
{"Coordinate":{"Latitude":35.7080782,"Longitude":139.5587296},"Nid":1586699218,"Wid":145235535}
{"Coordinate":{"Latitude":35.7091514,"Longitude":139.5565592},"Nid":-2144799557,"Wid":145235535}
{"Coordinate":{"Latitude":35.7187403,"Longitude":139.5392373},"Nid":1551736035,"Wid":141759567}
{"Coordinate":{"Latitude":35.7188469,"Longitude":139.5412024},"Nid":1551736085,"Wid":141759567}
{"Coordinate":{"Latitude":35.7187626,"Longitude":139.5347652},"Nid":687489217,"Wid":54612460}
{"Coordinate":{"Latitude":35.7198249,"Longitude":139.5456168},"Nid":1609649325,"Wid":147778587}
{"Coordinate":{"Latitude":35.7195032,"Longitude":139.5457211},"Nid":1609649283,"Wid":147778587}
{"Coordinate":{"Latitude":35.7255079,"Longitude":139.5491325},"Nid":1551847841,"Wid":274782193}
{"Coordinate":{"Latitude":35.7343024,"Longitude":139.5300791},"Nid":1553901375,"Wid":141964147}
{"Coordinate":{"Latitude":35.7417471,"Longitude":139.5467694},"Nid":1137517823,"Wid":549342133}
{"Coordinate":{"Latitude":35.7212785,"Longitude":139.5663089},"Nid":-1334283826,"Wid":292517575}
{"Coordinate":{"Latitude":35.7202826,"Longitude":139.5702145},"Nid":-1334283822,"Wid":292517575}
{"Coordinate":{"Latitude":35.7202826,"Longitude":139.5702145},"Nid":-1334283822,"Wid":292517575}
{"Coordinate":{"Latitude":35.7201351,"Longitude":139.570716},"Nid":-1842359864,"Wid":292517575}
{"Coordinate":{"Latitude":35.7245673,"Longitude":139.5799142},"Nid":1165206541,"Wid":100818206}
{"Coordinate":{"Latitude":35.725579,"Longitude":139.568157},"Nid":1311923819,"Wid":116358702}
{"Coordinate":{"Latitude":35.7348136,"Longitude":139.5774551},"Nid":-1426097869,"Wid":282952725}
{"Coordinate":{"Latitude":35.724948,"Longitude":139.5468108},"Nid":1658857842,"Wid":153168556}
{"Coordinate":{"Latitude":35.724667,"Longitude":139.546309},"Nid":1551847659,"Wid":153168545}
{"Coordinate":{"Latitude":35.7218136,"Longitude":139.5591807},"Nid":1551847218,"Wid":141775045}
{"Coordinate":{"Latitude":35.7219587,"Longitude":139.5603609},"Nid":1551847227,"Wid":141775045}
{"Coordinate":{"Latitude":35.7070359,"Longitude":139.5678621},"Nid":1120806409,"Wid":742090620}
{"Coordinate":{"Latitude":35.7088928,"Longitude":139.5688991},"Nid":1120806418,"Wid":742090620}
