{"Coordinate":{"Latitude":35.7212601,"Longitude":139.5619362},"Nid":1354252113,"Wid":120877463}
{"Coordinate":{"Latitude":35.7129105,"Longitude":139.5352789},"Nid":734949222,"Wid":152183194}
{"Coordinate":{"Latitude":35.7128461,"Longitude":139.5357161},"Nid":1551929175,"Wid":152183194}
{"Coordinate":{"Latitude":35.7235049,"Longitude":139.570167},"Nid":1311921127,"Wid":116357553}
{"Coordinate":{"Latitude":35.7243981,"Longitude":139.5700757},"Nid":1311920583,"Wid":116357553}
{"Coordinate":{"Latitude":35.7437284,"Longitude":139.5226058},"Nid":827955182,"Wid":119178460}
{"Coordinate":{"Latitude":35.7290993,"Longitude":139.5693346},"Nid":1311927546,"Wid":116357714}
{"Coordinate":{"Latitude":35.7314697,"Longitude":139.569519},"Nid":1311923018,"Wid":116357714}
{"Coordinate":{"Latitude":35.7220704,"Longitude":139.5451683},"Nid":1551803453,"Wid":152314398}
{"Coordinate":{"Latitude":35.7317048,"Longitude":139.54879},"Nid":1551894244,"Wid":141781135}
{"Coordinate":{"Latitude":35.7303367,"Longitude":139.5487135},"Nid":1551893904,"Wid":141781135}
{"Coordinate":{"Latitude":35.7080515,"Longitude":139.541011},"Nid":1586623242,"Wid":145230336}
{"Coordinate":{"Latitude":35.7073425,"Longitude":139.5415462},"Nid":752126048,"Wid":145230336}
{"Coordinate":{"Latitude":35.7290541,"Longitude":139.5671453},"Nid":-1643647249,"Wid":259688679}
{"Coordinate":{"Latitude":35.7303586,"Longitude":139.5658002},"Nid":1551893907,"Wid":141781148}
{"Coordinate":{"Latitude":35.730657,"Longitude":139.5649982},"Nid":1551894021,"Wid":141781148}
{"Coordinate":{"Latitude":35.7085992,"Longitude":139.5348561},"Nid":1774566967,"Wid":165955686}
{"Coordinate":{"Latitude":35.7215187,"Longitude":139.5345774},"Nid":1551803333,"Wid":141765038}
{"Coordinate":{"Latitude":35.7222393,"Longitude":139.5349722},"Nid":1551803465,"Wid":141765038}
{"Coordinate":{"Latitude":35.7216686,"Longitude":139.5574616},"Nid":679185616,"Wid":53754097}
{"Coordinate":{"Latitude":35.7213487,"Longitude":139.556764},"Nid":679185615,"Wid":53754097}
{"Coordinate":{"Latitude":35.7269066,"Longitude":139.5783342},"Nid":1311960331,"Wid":282899419}
{"Coordinate":{"Latitude":35.7333589,"Longitude":139.5301036},"Nid":1553901337,"Wid":141964029}
{"Coordinate":{"Latitude":35.7245989,"Longitude":139.5487092},"Nid":1551847621,"Wid":153168563}
{"Coordinate":{"Latitude":35.7242318,"Longitude":139.5492908},"Nid":1551847598,"Wid":153168563}
{"Coordinate":{"Latitude":35.7437648,"Longitude":139.5233586},"Nid":827955183,"Wid":526892727}
{"Coordinate":{"Latitude":35.726272,"Longitude":139.56855},"Nid":1311925859,"Wid":116357860}
{"Coordinate":{"Latitude":35.7360209,"Longitude":139.5682069},"Nid":-1426343344,"Wid":282926084}
{"Coordinate":{"Latitude":35.7295347,"Longitude":139.578668},"Nid":1162638642,"Wid":100555151}
{"Coordinate":{"Latitude":35.7303796,"Longitude":139.5802512},"Nid":1223788732,"Wid":100555151}
{"Coordinate":{"Latitude":35.7397196,"Longitude":139.5444723},"Nid":-2032724768,"Wid":141963730}
{"Coordinate":{"Latitude":35.7397196,"Longitude":139.5444723},"Nid":-2032724768,"Wid":141963730}
{"Coordinate":{"Latitude":35.7200619,"Longitude":139.5550101},"Nid":1615381351,"Wid":148431901}
{"Coordinate":{"Latitude":35.7198921,"Longitude":139.5554362},"Nid":1615381330,"Wid":148431901}
