{"Coordinate":{"Latitude":35.7225528,"Longitude":139.5336579},"Nid":1625003083,"Wid":149532171}
{"Coordinate":{"Latitude":35.7398395,"Longitude":139.5502717},"Nid":1553835506,"Wid":241576983}
{"Coordinate":{"Latitude":35.7276193,"Longitude":139.5409922},"Nid":734896485,"Wid":59272318}
{"Coordinate":{"Latitude":35.7279734,"Longitude":139.5395496},"Nid":734949538,"Wid":59272318}
{"Coordinate":{"Latitude":35.7075822,"Longitude":139.5462436},"Nid":1611666972,"Wid":148057766}
{"Coordinate":{"Latitude":35.7078263,"Longitude":139.5462637},"Nid":1586623238,"Wid":148057766}
{"Coordinate":{"Latitude":35.7298176,"Longitude":139.5675088},"Nid":1551848366,"Wid":141781142}
{"Coordinate":{"Latitude":35.7301723,"Longitude":139.5664745},"Nid":1551893836,"Wid":141781142}
{"Coordinate":{"Latitude":35.7143312,"Longitude":139.5337039},"Nid":734949252,"Wid":141764890}
{"Coordinate":{"Latitude":35.7154411,"Longitude":139.5338329},"Nid":1551802768,"Wid":141764890}
{"Coordinate":{"Latitude":35.7111005,"Longitude":139.5514818},"Nid":1611617947,"Wid":148052361}
{"Coordinate":{"Latitude":35.7122555,"Longitude":139.5518116},"Nid":1611618051,"Wid":148052361}
{"Coordinate":{"Latitude":35.709457,"Longitude":139.5788829},"Nid":419796689,"Wid":159646856}
{"Coordinate":{"Latitude":35.7206813,"Longitude":139.5401735},"Nid":1580971197,"Wid":144553434}
{"Coordinate":{"Latitude":35.7201172,"Longitude":139.5400264},"Nid":1580971145,"Wid":144553434}
{"Coordinate":{"Latitude":35.7241409,"Longitude":139.5357706},"Nid":1551803937,"Wid":141782682}
{"Coordinate":{"Latitude":35.7243535,"Longitude":139.5364733},"Nid":1551929264,"Wid":141782682}
{"Coordinate":{"Latitude":35.7206509,"Longitude":139.5462918},"Nid":1551736540,"Wid":147778572}
{"Coordinate":{"Latitude":35.7273305,"Longitude":139.5728943},"Nid":393724387,"Wid":34322472}
{"Coordinate":{"Latitude":35.710699,"Longitude":139.5639866},"Nid":732097102,"Wid":59062077}
{"Coordinate":{"Latitude":35.710699,"Longitude":139.5639866},"Nid":732097102,"Wid":59062077}
{"Coordinate":{"Latitude":35.7103624,"Longitude":139.5647059},"Nid":544473435,"Wid":59062077}
{"Coordinate":{"Latitude":35.7132033,"Longitude":139.538023},"Nid":734949334,"Wid":141782623}
{"Coordinate":{"Latitude":35.7052024,"Longitude":139.5399427},"Nid":1767386142,"Wid":165176309}
{"Coordinate":{"Latitude":35.738604,"Longitude":139.538424},"Nid":1553901598,"Wid":141964223}
{"Coordinate":{"Latitude":35.737357,"Longitude":139.537665},"Nid":1553901530,"Wid":141964223}
{"Coordinate":{"Latitude":35.7342529,"Longitude":139.5642161},"Nid":1551895456,"Wid":141781089}
{"Coordinate":{"Latitude":35.733844,"Longitude":139.56436},"Nid":1551895249,"Wid":141781089}
{"Coordinate":{"Latitude":35.7085479,"Longitude":139.5234253},"Nid":-2131083903,"Wid":206381388}
{"Coordinate":{"Latitude":35.723995,"Longitude":139.5567901},"Nid":1621376691,"Wid":149116053}
