{"Coordinate":{"Latitude":35.737175,"Longitude":139.5510397},"Nid":1553861794,"Wid":141955828}
{"Coordinate":{"Latitude":35.7385597,"Longitude":139.5499761},"Nid":1553862114,"Wid":141955828}
{"Coordinate":{"Latitude":35.7167962,"Longitude":139.5739791},"Nid":475856436,"Wid":145237006}
{"Coordinate":{"Latitude":35.7431729,"Longitude":139.573564},"Nid":1311920890,"Wid":116358338}
{"Coordinate":{"Latitude":35.7429262,"Longitude":139.5719266},"Nid":1311926747,"Wid":116358338}
{"Coordinate":{"Latitude":35.7320541,"Longitude":139.5758391},"Nid":1311921852,"Wid":116358103}
{"Coordinate":{"Latitude":35.7096887,"Longitude":139.5441728},"Nid":1611617736,"Wid":148052365}
{"Coordinate":{"Latitude":35.7097367,"Longitude":139.5439907},"Nid":1611617750,"Wid":148052365}
{"Coordinate":{"Latitude":35.7085979,"Longitude":139.527035},"Nid":827982768,"Wid":526895791}
{"Coordinate":{"Latitude":35.7131669,"Longitude":139.5252717},"Nid":701730462,"Wid":55885137}
{"Coordinate":{"Latitude":35.7416091,"Longitude":139.5543632},"Nid":1553835799,"Wid":141952406}
{"Coordinate":{"Latitude":35.7358911,"Longitude":139.5291417},"Nid":1553901419,"Wid":141964112}
{"Coordinate":{"Latitude":35.7261898,"Longitude":139.5802886},"Nid":475856445,"Wid":100661346}
{"Coordinate":{"Latitude":35.7261458,"Longitude":139.5790714},"Nid":1163705793,"Wid":100661346}
{"Coordinate":{"Latitude":35.7366159,"Longitude":139.5614447},"Nid":1551896745,"Wid":241576405}
{"Coordinate":{"Latitude":35.7368555,"Longitude":139.5629097},"Nid":1551896885,"Wid":241576405}
{"Coordinate":{"Latitude":35.7119644,"Longitude":139.5688891},"Nid":536666733,"Wid":145236998}
{"Coordinate":{"Latitude":35.7322341,"Longitude":139.5693777},"Nid":1551894579,"Wid":564717913}
{"Coordinate":{"Latitude":35.7326824,"Longitude":139.5688188},"Nid":1551894734,"Wid":564717913}
{"Coordinate":{"Latitude":35.7087865,"Longitude":139.5546519},"Nid":1610603185,"Wid":147930875}
{"Coordinate":{"Latitude":35.7057313,"Longitude":139.5402881},"Nid":1767386220,"Wid":165176322}
{"Coordinate":{"Latitude":35.7132493,"Longitude":139.557749},"Nid":1620121991,"Wid":148952005}
{"Coordinate":{"Latitude":35.7148672,"Longitude":139.5359478},"Nid":1650196483,"Wid":152183175}
