{"Coordinate":{"Latitude":35.707951,"Longitude":139.55506},"Nid":1586634078,"Wid":145233259}
{"Coordinate":{"Latitude":35.7230594,"Longitude":139.5731297},"Nid":1621520796,"Wid":149127459}
{"Coordinate":{"Latitude":35.7230594,"Longitude":139.5731297},"Nid":1621520796,"Wid":149127459}
{"Coordinate":{"Latitude":35.7284939,"Longitude":139.5533605},"Nid":1621368180,"Wid":149115203}
{"Coordinate":{"Latitude":35.7281585,"Longitude":139.5529196},"Nid":1621368159,"Wid":149115203}
{"Coordinate":{"Latitude":35.738998,"Longitude":139.539879},"Nid":1553901625,"Wid":141964326}
{"Coordinate":{"Latitude":35.739386,"Longitude":139.542185},"Nid":1553901696,"Wid":141964326}
{"Coordinate":{"Latitude":35.7186956,"Longitude":139.5625246},"Nid":1354233485,"Wid":38748022}
{"Coordinate":{"Latitude":35.7186956,"Longitude":139.5625246},"Nid":1354233485,"Wid":38748022}
{"Coordinate":{"Latitude":35.7446245,"Longitude":139.5541734},"Nid":1552913290,"Wid":141878141}
{"Coordinate":{"Latitude":35.7442419,"Longitude":139.5558874},"Nid":1552913275,"Wid":141878141}
{"Coordinate":{"Latitude":35.7142916,"Longitude":139.5362196},"Nid":734949279,"Wid":141782611}
{"Coordinate":{"Latitude":35.7143247,"Longitude":139.5354674},"Nid":1551929214,"Wid":141782611}
{"Coordinate":{"Latitude":35.7143247,"Longitude":139.5354674},"Nid":1551929214,"Wid":141782611}
{"Coordinate":{"Latitude":35.7421131,"Longitude":139.57969},"Nid":1311925051,"Wid":116358747}
{"Coordinate":{"Latitude":35.7059418,"Longitude":139.5509955},"Nid":1600790274,"Wid":147858886}
{"Coordinate":{"Latitude":35.7299729,"Longitude":139.5586869},"Nid":1551893715,"Wid":141781242}
{"Coordinate":{"Latitude":35.7178674,"Longitude":139.5389194},"Nid":1618654706,"Wid":148789925}
{"Coordinate":{"Latitude":35.7197165,"Longitude":139.5517256},"Nid":-1500466173,"Wid":274782187}
{"Coordinate":{"Latitude":35.7119042,"Longitude":139.5607902},"Nid":1632361112,"Wid":221066614}
{"Coordinate":{"Latitude":35.7279141,"Longitude":139.5258384},"Nid":734880126,"Wid":59263526}
{"Coordinate":{"Latitude":35.7081244,"Longitude":139.5262189},"Nid":1611613381,"Wid":543433666}
{"Coordinate":{"Latitude":35.7294524,"Longitude":139.5777218},"Nid":675752205,"Wid":100555149}
{"Coordinate":{"Latitude":35.7311001,"Longitude":139.5266709},"Nid":1850960364,"Wid":174398425}
{"Coordinate":{"Latitude":35.7309498,"Longitude":139.5269665},"Nid":1850960352,"Wid":174398425}
{"Coordinate":{"Latitude":35.7115873,"Longitude":139.5698807},"Nid":1586680604,"Wid":145236947}
