{"Coordinate":{"Latitude":35.7239709,"Longitude":139.5368008},"Nid":1551803858,"Wid":141764970}
{"Coordinate":{"Latitude":35.7237381,"Longitude":139.5365269},"Nid":1551803786,"Wid":141764970}
{"Coordinate":{"Latitude":35.7226506,"Longitude":139.536286},"Nid":1625003086,"Wid":149532155}
{"Coordinate":{"Latitude":35.7164915,"Longitude":139.5335949},"Nid":1618620497,"Wid":148789402}
{"Coordinate":{"Latitude":35.7217832,"Longitude":139.5804299},"Nid":1624992757,"Wid":149530795}
{"Coordinate":{"Latitude":35.744921,"Longitude":139.5622128},"Nid":1199532757,"Wid":141877936}
{"Coordinate":{"Latitude":35.732874,"Longitude":139.5452641},"Nid":1551894790,"Wid":141781002}
{"Coordinate":{"Latitude":35.7424537,"Longitude":139.5302374},"Nid":1553902122,"Wid":283271362}
{"Coordinate":{"Latitude":35.7223994,"Longitude":139.5567565},"Nid":1551847258,"Wid":141774986}
{"Coordinate":{"Latitude":35.722461,"Longitude":139.5556961},"Nid":1551847262,"Wid":141774986}
{"Coordinate":{"Latitude":35.720748,"Longitude":139.5390884},"Nid":1624970792,"Wid":149528768}
{"Coordinate":{"Latitude":35.7118379,"Longitude":139.5578316},"Nid":1632361105,"Wid":150303323}
{"Coordinate":{"Latitude":35.7416739,"Longitude":139.550174},"Nid":734176336,"Wid":141952550}
{"Coordinate":{"Latitude":35.7040531,"Longitude":139.5660054},"Nid":369672540,"Wid":145130497}
{"Coordinate":{"Latitude":35.7149409,"Longitude":139.5503816},"Nid":1586655106,"Wid":145235437}
{"Coordinate":{"Latitude":35.7183811,"Longitude":139.536251},"Nid":1007093518,"Wid":548851159}
{"Coordinate":{"Latitude":35.7080973,"Longitude":139.5441529},"Nid":1586623245,"Wid":148183088}
{"Coordinate":{"Latitude":35.7201312,"Longitude":139.5411881},"Nid":1551736411,"Wid":141759590}
{"Coordinate":{"Latitude":35.7397196,"Longitude":139.5444723},"Nid":-2032724768,"Wid":141963801}
{"Coordinate":{"Latitude":35.7415201,"Longitude":139.553491},"Nid":1553835793,"Wid":141952444}
{"Coordinate":{"Latitude":35.7186115,"Longitude":139.5367732},"Nid":1618654731,"Wid":148789909}
{"Coordinate":{"Latitude":35.7117746,"Longitude":139.5229387},"Nid":1665765921,"Wid":153964906}
{"Coordinate":{"Latitude":35.7108281,"Longitude":139.5525313},"Nid":1586654890,"Wid":145235439}
{"Coordinate":{"Latitude":35.7110298,"Longitude":139.5517798},"Nid":732097096,"Wid":145235439}
{"Coordinate":{"Latitude":35.7131379,"Longitude":139.5362571},"Nid":1650196469,"Wid":152183177}
{"Coordinate":{"Latitude":35.7190844,"Longitude":139.5449687},"Nid":1551736130,"Wid":141759584}
