{"Coordinate":{"Latitude":35.7230175,"Longitude":139.5655531},"Nid":1551847400,"Wid":141775201}
{"Coordinate":{"Latitude":35.7219933,"Longitude":139.5611737},"Nid":1551847229,"Wid":141775201}
{"Coordinate":{"Latitude":35.7219933,"Longitude":139.5611737},"Nid":1551847229,"Wid":141775201}
{"Coordinate":{"Latitude":35.7324006,"Longitude":139.5405693},"Nid":287444636,"Wid":141964294}
{"Coordinate":{"Latitude":35.7080782,"Longitude":139.5587296},"Nid":1586699218,"Wid":145238426}
{"Coordinate":{"Latitude":35.737037,"Longitude":139.53367},"Nid":1553901506,"Wid":141964238}
{"Coordinate":{"Latitude":35.7364983,"Longitude":139.5326713},"Nid":1553901456,"Wid":141964238}
{"Coordinate":{"Latitude":35.7320804,"Longitude":139.5339043},"Nid":1553901268,"Wid":141964322}
{"Coordinate":{"Latitude":35.7177626,"Longitude":139.532476},"Nid":1618620687,"Wid":148789406}
{"Coordinate":{"Latitude":35.7254839,"Longitude":139.5461932},"Nid":1658857881,"Wid":153168541}
{"Coordinate":{"Latitude":35.7417103,"Longitude":139.5757592},"Nid":1311926446,"Wid":116358061}
{"Coordinate":{"Latitude":35.7068949,"Longitude":139.546271},"Nid":286903539,"Wid":148057711}
{"Coordinate":{"Latitude":35.7275399,"Longitude":139.5349353},"Nid":734885835,"Wid":158185475}
{"Coordinate":{"Latitude":35.7165193,"Longitude":139.5641763},"Nid":1621355435,"Wid":149113420}
{"Coordinate":{"Latitude":35.7165204,"Longitude":139.5636391},"Nid":459453893,"Wid":149113420}
{"Coordinate":{"Latitude":35.7195164,"Longitude":139.5731167},"Nid":393724384,"Wid":145237150}
{"Coordinate":{"Latitude":35.7197079,"Longitude":139.5555525},"Nid":1615381297,"Wid":148431851}
{"Coordinate":{"Latitude":35.7295267,"Longitude":139.5684244},"Nid":1311920604,"Wid":116358203}
{"Coordinate":{"Latitude":35.7290993,"Longitude":139.5693346},"Nid":1311927546,"Wid":116358203}
{"Coordinate":{"Latitude":35.7278081,"Longitude":139.5728679},"Nid":1311960513,"Wid":560710013}
{"Coordinate":{"Latitude":35.7072842,"Longitude":139.545757},"Nid":1611666957,"Wid":148057660}
{"Coordinate":{"Latitude":35.7116074,"Longitude":139.5590717},"Nid":1632361095,"Wid":150303325}
{"Coordinate":{"Latitude":35.7308516,"Longitude":139.5263713},"Nid":1850960345,"Wid":174398404}
{"Coordinate":{"Latitude":35.7128636,"Longitude":139.5469166},"Nid":1610000010,"Wid":147853302}
{"Coordinate":{"Latitude":35.7448765,"Longitude":139.5343988},"Nid":752136394,"Wid":245315779}
{"Coordinate":{"Latitude":35.7226416,"Longitude":139.5264835},"Nid":699533021,"Wid":259682587}
{"Coordinate":{"Latitude":35.7102247,"Longitude":139.5375147},"Nid":-1667018600,"Wid":257203180}
{"Coordinate":{"Latitude":35.7097398,"Longitude":139.537622},"Nid":-1667018619,"Wid":257203180}
{"Coordinate":{"Latitude":35.721059,"Longitude":139.5390674},"Nid":734896357,"Wid":398634340}
{"Coordinate":{"Latitude":35.7209501,"Longitude":139.5372986},"Nid":-2014117173,"Wid":398634340}
{"Coordinate":{"Latitude":35.7407013,"Longitude":139.5572823},"Nid":1553835672,"Wid":562908930}
{"Coordinate":{"Latitude":35.7407322,"Longitude":139.5568132},"Nid":734176424,"Wid":562908930}
{"Coordinate":{"Latitude":35.7183395,"Longitude":139.5420847},"Nid":1623748339,"Wid":149387513}
{"Coordinate":{"Latitude":35.7102361,"Longitude":139.5595522},"Nid":1586680501,"Wid":150303303}
{"Coordinate":{"Latitude":35.7253868,"Longitude":139.5271208},"Nid":699533042,"Wid":141765267}
