{"Coordinate":{"Latitude":35.738468,"Longitude":139.5702456},"Nid":1311925379,"Wid":116358381}
{"Coordinate":{"Latitude":35.7198445,"Longitude":139.5349423},"Nid":1626529065,"Wid":149705072}
{"Coordinate":{"Latitude":35.7202931,"Longitude":139.5350497},"Nid":1626529085,"Wid":149705072}
{"Coordinate":{"Latitude":35.7185968,"Longitude":139.5540458},"Nid":726444241,"Wid":145235477}
{"Coordinate":{"Latitude":35.7338398,"Longitude":139.5481873},"Nid":1551895213,"Wid":141781231}
{"Coordinate":{"Latitude":35.7339837,"Longitude":139.5455879},"Nid":1551895301,"Wid":141781231}
{"Coordinate":{"Latitude":35.7042349,"Longitude":139.5605306},"Nid":1112907138,"Wid":146455060}
{"Coordinate":{"Latitude":35.7108714,"Longitude":139.5299254},"Nid":735017589,"Wid":59277390}
{"Coordinate":{"Latitude":35.7130547,"Longitude":139.5322493},"Nid":1732812035,"Wid":161290977}
{"Coordinate":{"Latitude":35.7251304,"Longitude":139.5379418},"Nid":1629231382,"Wid":149986344}
{"Coordinate":{"Latitude":35.7320293,"Longitude":139.5588678},"Nid":1551894456,"Wid":141781073}
{"Coordinate":{"Latitude":35.7313636,"Longitude":139.5593854},"Nid":1551894199,"Wid":141781073}
{"Coordinate":{"Latitude":35.7060167,"Longitude":139.5446812},"Nid":1586623177,"Wid":148057714}
{"Coordinate":{"Latitude":35.7399297,"Longitude":139.551331},"Nid":1553835551,"Wid":141952348}
{"Coordinate":{"Latitude":35.7245876,"Longitude":139.5394436},"Nid":734896394,"Wid":59265547}
{"Coordinate":{"Latitude":35.7398751,"Longitude":139.5559333},"Nid":1553835538,"Wid":141952543}
{"Coordinate":{"Latitude":35.7216456,"Longitude":139.5442273},"Nid":1551736821,"Wid":152314385}
{"Coordinate":{"Latitude":35.7156178,"Longitude":139.5773582},"Nid":419796709,"Wid":35911284}
{"Coordinate":{"Latitude":35.7269066,"Longitude":139.5783342},"Nid":1311960331,"Wid":100661333}
{"Coordinate":{"Latitude":35.7261898,"Longitude":139.5802886},"Nid":475856445,"Wid":100661333}
{"Coordinate":{"Latitude":35.718553,"Longitude":139.5459384},"Nid":1551735974,"Wid":141759514}
{"Coordinate":{"Latitude":35.7058366,"Longitude":139.5410962},"Nid":1767386232,"Wid":165176305}
{"Coordinate":{"Latitude":35.715527,"Longitude":139.569808},"Nid":544473439,"Wid":43322633}
