{"Coordinate":{"Latitude":35.73312,"Longitude":139.5339769},"Nid":1553901326,"Wid":719079287}
{"Coordinate":{"Latitude":35.73312,"Longitude":139.5339769},"Nid":1553901326,"Wid":719079287}
{"Coordinate":{"Latitude":35.7411674,"Longitude":139.5813197},"Nid":1311923770,"Wid":564738866}
{"Coordinate":{"Latitude":35.7411674,"Longitude":139.5813197},"Nid":1311923770,"Wid":564738866}
{"Coordinate":{"Latitude":35.7258686,"Longitude":139.5403468},"Nid":734896448,"Wid":59265548}
{"Coordinate":{"Latitude":35.7320367,"Longitude":139.529528},"Nid":1553901267,"Wid":141964209}
{"Coordinate":{"Latitude":35.7165193,"Longitude":139.5641763},"Nid":1621355435,"Wid":148952035}
{"Coordinate":{"Latitude":35.7229044,"Longitude":139.5423851},"Nid":-1780039613,"Wid":244143282}
{"Coordinate":{"Latitude":35.7116763,"Longitude":139.5302555},"Nid":735017790,"Wid":145228058}
{"Coordinate":{"Latitude":35.7237655,"Longitude":139.5793067},"Nid":425344242,"Wid":36504131}
{"Coordinate":{"Latitude":35.7237655,"Longitude":139.5793067},"Nid":425344242,"Wid":36504131}
{"Coordinate":{"Latitude":35.7251892,"Longitude":139.5791572},"Nid":425344244,"Wid":36504131}
{"Coordinate":{"Latitude":35.7251892,"Longitude":139.5791572},"Nid":425344244,"Wid":36504131}
{"Coordinate":{"Latitude":35.7256546,"Longitude":139.5791176},"Nid":1163705831,"Wid":36504131}
{"Coordinate":{"Latitude":35.7261458,"Longitude":139.5790714},"Nid":1163705793,"Wid":36504131}
{"Coordinate":{"Latitude":35.740888,"Longitude":139.5426938},"Nid":1553902021,"Wid":59199791}
{"Coordinate":{"Latitude":35.7059443,"Longitude":139.5300909},"Nid":1611613144,"Wid":155149843}
{"Coordinate":{"Latitude":35.7224377,"Longitude":139.5312219},"Nid":-1547907419,"Wid":269499097}
{"Coordinate":{"Latitude":35.7423107,"Longitude":139.5505248},"Nid":-1426097627,"Wid":282952687}
{"Coordinate":{"Latitude":35.7363121,"Longitude":139.5457828},"Nid":1551896546,"Wid":141780998}
{"Coordinate":{"Latitude":35.735883,"Longitude":139.5456147},"Nid":1551896356,"Wid":141780998}
{"Coordinate":{"Latitude":35.7109191,"Longitude":139.5422955},"Nid":1610041703,"Wid":148057723}
{"Coordinate":{"Latitude":35.7435468,"Longitude":139.536693},"Nid":752136385,"Wid":218467133}
{"Coordinate":{"Latitude":35.7069833,"Longitude":139.5341633},"Nid":735017636,"Wid":59277387}
{"Coordinate":{"Latitude":35.7049626,"Longitude":139.5345691},"Nid":1677789221,"Wid":59277387}
{"Coordinate":{"Latitude":35.7426377,"Longitude":139.5240508},"Nid":1339795093,"Wid":119178477}
{"Coordinate":{"Latitude":35.7442232,"Longitude":139.524075},"Nid":1339794838,"Wid":119178477}
{"Coordinate":{"Latitude":35.7185522,"Longitude":139.5551315},"Nid":1615381214,"Wid":148431882}
{"Coordinate":{"Latitude":35.7049073,"Longitude":139.5572299},"Nid":1679012160,"Wid":161644150}
{"Coordinate":{"Latitude":35.7044375,"Longitude":139.5584269},"Nid":1126002190,"Wid":161644150}
{"Coordinate":{"Latitude":35.7426176,"Longitude":139.5776626},"Nid":1311925615,"Wid":116357884}
{"Coordinate":{"Latitude":35.7130925,"Longitude":139.524641},"Nid":701730450,"Wid":55885135}
{"Coordinate":{"Latitude":35.7358015,"Longitude":139.5465274},"Nid":1551896302,"Wid":141781214}
{"Coordinate":{"Latitude":35.7359091,"Longitude":139.5482178},"Nid":1551896365,"Wid":141781214}
{"Coordinate":{"Latitude":35.7268275,"Longitude":139.5414728},"Nid":1629902273,"Wid":150057340}
{"Coordinate":{"Latitude":35.7271218,"Longitude":139.5414337},"Nid":1629902319,"Wid":150057340}
{"Coordinate":{"Latitude":35.7155923,"Longitude":139.5325436},"Nid":1704151415,"Wid":158185458}
{"Coordinate":{"Latitude":35.7201448,"Longitude":139.5417616},"Nid":1623748573,"Wid":149387530}
