{"Coordinate":{"Latitude":35.7190946,"Longitude":139.539247},"Nid":1551736127,"Wid":149528779}
{"Coordinate":{"Latitude":35.7187403,"Longitude":139.5392373},"Nid":1551736035,"Wid":149528779}
{"Coordinate":{"Latitude":35.7246866,"Longitude":139.537172},"Nid":1629231360,"Wid":149986378}
{"Coordinate":{"Latitude":35.7239709,"Longitude":139.5368008},"Nid":1551803858,"Wid":149986378}
{"Coordinate":{"Latitude":35.7073562,"Longitude":139.566983},"Nid":1120806393,"Wid":742090622}
{"Coordinate":{"Latitude":35.7362715,"Longitude":139.5496523},"Nid":1551896485,"Wid":141781196}
{"Coordinate":{"Latitude":35.735269,"Longitude":139.549233},"Nid":1551896052,"Wid":141781196}
{"Coordinate":{"Latitude":35.7429759,"Longitude":139.5657087},"Nid":1199532733,"Wid":141952398}
{"Coordinate":{"Latitude":35.7433137,"Longitude":139.5656533},"Nid":1110063219,"Wid":141952398}
{"Coordinate":{"Latitude":35.73312,"Longitude":139.5339769},"Nid":1553901326,"Wid":259684743}
{"Coordinate":{"Latitude":35.7082483,"Longitude":139.5371202},"Nid":735017693,"Wid":165955707}
{"Coordinate":{"Latitude":35.7149429,"Longitude":139.5362903},"Nid":1650196487,"Wid":152183174}
{"Coordinate":{"Latitude":35.7258719,"Longitude":139.5404118},"Nid":1629231414,"Wid":149986340}
{"Coordinate":{"Latitude":35.7193032,"Longitude":139.5694237},"Nid":1586680889,"Wid":145236990}
{"Coordinate":{"Latitude":35.7188389,"Longitude":139.5707778},"Nid":393724378,"Wid":145236990}
{"Coordinate":{"Latitude":35.7132043,"Longitude":139.5760246},"Nid":459451950,"Wid":145237075}
{"Coordinate":{"Latitude":35.7400222,"Longitude":139.5734123},"Nid":1311923033,"Wid":116358125}
{"Coordinate":{"Latitude":35.7152743,"Longitude":139.5687869},"Nid":1586699364,"Wid":145238479}
{"Coordinate":{"Latitude":35.7058254,"Longitude":139.5410101},"Nid":1767386230,"Wid":165176335}
{"Coordinate":{"Latitude":35.7235908,"Longitude":139.5814936},"Nid":475856442,"Wid":100490687}
{"Coordinate":{"Latitude":35.7074402,"Longitude":139.5282866},"Nid":1678487953,"Wid":155456433}
{"Coordinate":{"Latitude":35.727268,"Longitude":139.5577446},"Nid":1551848074,"Wid":526144496}
{"Coordinate":{"Latitude":35.7400118,"Longitude":139.5690544},"Nid":1199533364,"Wid":141952490}
{"Coordinate":{"Latitude":35.7396759,"Longitude":139.5690509},"Nid":-2034148175,"Wid":141952490}
{"Coordinate":{"Latitude":35.7056741,"Longitude":139.5426893},"Nid":1586623164,"Wid":145230551}
{"Coordinate":{"Latitude":35.7270549,"Longitude":139.5808444},"Nid":1161704169,"Wid":100492869}
