{"Coordinate":{"Latitude":35.7320338,"Longitude":139.5601157},"Nid":-920160595,"Wid":330515592}
{"Coordinate":{"Latitude":35.7426388,"Longitude":139.554383},"Nid":1553836052,"Wid":141952532}
{"Coordinate":{"Latitude":35.7423903,"Longitude":139.5533754},"Nid":1553835985,"Wid":141952532}
{"Coordinate":{"Latitude":35.7369467,"Longitude":139.5651555},"Nid":684244891,"Wid":141781129}
{"Coordinate":{"Latitude":35.7360462,"Longitude":139.5649256},"Nid":-1426343342,"Wid":141781129}
{"Coordinate":{"Latitude":35.7317793,"Longitude":139.5424309},"Nid":734176465,"Wid":141781254}
{"Coordinate":{"Latitude":35.7326824,"Longitude":139.5688188},"Nid":1551894734,"Wid":141781224}
{"Coordinate":{"Latitude":35.7340176,"Longitude":139.5694793},"Nid":646911924,"Wid":141781224}
{"Coordinate":{"Latitude":35.7130085,"Longitude":139.5687787},"Nid":1976490433,"Wid":145237130}
{"Coordinate":{"Latitude":35.7066237,"Longitude":139.555832},"Nid":1610091135,"Wid":147858878}
{"Coordinate":{"Latitude":35.7206011,"Longitude":139.5390998},"Nid":1551736545,"Wid":141764814}
{"Coordinate":{"Latitude":35.7358911,"Longitude":139.5291417},"Nid":1553901419,"Wid":141964017}
{"Coordinate":{"Latitude":35.709844,"Longitude":139.566245},"Nid":1586680478,"Wid":145237111}
{"Coordinate":{"Latitude":35.7417471,"Longitude":139.5467694},"Nid":1137517823,"Wid":282952597}
{"Coordinate":{"Latitude":35.7192135,"Longitude":139.5457562},"Nid":1551736168,"Wid":141759424}
{"Coordinate":{"Latitude":35.7193092,"Longitude":139.5461735},"Nid":1551736179,"Wid":141759424}
{"Coordinate":{"Latitude":35.7212138,"Longitude":139.5493199},"Nid":1551736727,"Wid":141759552}
{"Coordinate":{"Latitude":35.7227188,"Longitude":139.5493254},"Nid":1551736998,"Wid":141759552}
{"Coordinate":{"Latitude":35.7256664,"Longitude":139.5703694},"Nid":1311921727,"Wid":116357912}
{"Coordinate":{"Latitude":35.725706,"Longitude":139.5716028},"Nid":1311921517,"Wid":116357912}
{"Coordinate":{"Latitude":35.7351712,"Longitude":139.540163},"Nid":1551895955,"Wid":307251138}
{"Coordinate":{"Latitude":35.7117772,"Longitude":139.5250556},"Nid":1665765919,"Wid":153964931}
