{"Coordinate":{"Latitude":35.7055464,"Longitude":139.5555782},"Nid":683867681,"Wid":96054585}
{"Coordinate":{"Latitude":35.7050292,"Longitude":139.5568986},"Nid":683867683,"Wid":96054585}
{"Coordinate":{"Latitude":35.7092256,"Longitude":139.5420012},"Nid":1611667004,"Wid":148057706}
{"Coordinate":{"Latitude":35.7088023,"Longitude":139.5418868},"Nid":1704175933,"Wid":148057706}
{"Coordinate":{"Latitude":35.7084709,"Longitude":139.5465893},"Nid":286903541,"Wid":161644147}
{"Coordinate":{"Latitude":35.7089191,"Longitude":139.5729554},"Nid":1708290589,"Wid":159646850}
{"Coordinate":{"Latitude":35.7171906,"Longitude":139.5390117},"Nid":1618654628,"Wid":148789907}
{"Coordinate":{"Latitude":35.716547,"Longitude":139.5591204},"Nid":459451917,"Wid":145235501}
{"Coordinate":{"Latitude":35.7374099,"Longitude":139.5421014},"Nid":734176321,"Wid":141780830}
{"Coordinate":{"Latitude":35.7448254,"Longitude":139.5677835},"Nid":1199532771,"Wid":565455472}
{"Coordinate":{"Latitude":35.7446657,"Longitude":139.5667147},"Nid":1199532682,"Wid":565455472}
{"Coordinate":{"Latitude":35.7378109,"Longitude":139.5699014},"Nid":1311926367,"Wid":116357930}
{"Coordinate":{"Latitude":35.7387437,"Longitude":139.5686073},"Nid":1311922206,"Wid":116357930}
{"Coordinate":{"Latitude":35.71283,"Longitude":139.5343369},"Nid":1551929172,"Wid":141782672}
{"Coordinate":{"Latitude":35.7055124,"Longitude":139.540202},"Nid":1767386188,"Wid":165176329}
{"Coordinate":{"Latitude":35.7119518,"Longitude":139.5793025},"Nid":459448594,"Wid":145237181}
{"Coordinate":{"Latitude":35.7129573,"Longitude":139.5798072},"Nid":1064370468,"Wid":145237181}
{"Coordinate":{"Latitude":35.7223119,"Longitude":139.580409},"Nid":1165227758,"Wid":100820775}
{"Coordinate":{"Latitude":35.7251776,"Longitude":139.5390167},"Nid":734896407,"Wid":59265550}
{"Coordinate":{"Latitude":35.7344288,"Longitude":139.5507904},"Nid":1551895581,"Wid":141781138}
{"Coordinate":{"Latitude":35.7335125,"Longitude":139.5505875},"Nid":1551895055,"Wid":141781138}
{"Coordinate":{"Latitude":35.7111419,"Longitude":139.5249666},"Nid":1665765885,"Wid":153964954}
{"Coordinate":{"Latitude":35.7107448,"Longitude":139.5249272},"Nid":1665765867,"Wid":153964954}
{"Coordinate":{"Latitude":35.7321317,"Longitude":139.5431996},"Nid":1551894499,"Wid":141780874}
{"Coordinate":{"Latitude":35.7119518,"Longitude":139.5793025},"Nid":459448594,"Wid":35911281}
{"Coordinate":{"Latitude":35.7231076,"Longitude":139.5606111},"Nid":1631131854,"Wid":150181341}
{"Coordinate":{"Latitude":35.723564,"Longitude":139.560729},"Nid":1631132001,"Wid":150181341}
{"Coordinate":{"Latitude":35.7062204,"Longitude":139.5524742},"Nid":1586634014,"Wid":145233230}
