{"Coordinate":{"Latitude":35.7364983,"Longitude":139.5326713},"Nid":1553901456,"Wid":141963972}
{"Coordinate":{"Latitude":35.7355129,"Longitude":139.5334544},"Nid":1553901402,"Wid":141963972}
{"Coordinate":{"Latitude":35.7180525,"Longitude":139.5383046},"Nid":1618654711,"Wid":148789929}
{"Coordinate":{"Latitude":35.7172519,"Longitude":139.5384616},"Nid":1618654635,"Wid":148789929}
{"Coordinate":{"Latitude":35.7301642,"Longitude":139.5601604},"Nid":1551893841,"Wid":141775120}
{"Coordinate":{"Latitude":35.7198175,"Longitude":139.5556194},"Nid":1615381311,"Wid":148431852}
{"Coordinate":{"Latitude":35.7185592,"Longitude":139.5362262},"Nid":1551802935,"Wid":148789919}
{"Coordinate":{"Latitude":35.7186935,"Longitude":139.5352619},"Nid":1551802952,"Wid":148789919}
{"Coordinate":{"Latitude":35.7341554,"Longitude":139.5799338},"Nid":1311927821,"Wid":116357867}
{"Coordinate":{"Latitude":35.7343177,"Longitude":139.5808886},"Nid":1311926619,"Wid":116357867}
{"Coordinate":{"Latitude":35.7155923,"Longitude":139.5325436},"Nid":1704151415,"Wid":158185473}
{"Coordinate":{"Latitude":35.713975,"Longitude":139.5323464},"Nid":701730573,"Wid":158185473}
{"Coordinate":{"Latitude":35.7055097,"Longitude":139.5445791},"Nid":1612886657,"Wid":148183081}
{"Coordinate":{"Latitude":35.7047302,"Longitude":139.5445722},"Nid":1612886595,"Wid":148183081}
{"Coordinate":{"Latitude":35.7328278,"Longitude":139.5578971},"Nid":1551894786,"Wid":141781034}
{"Coordinate":{"Latitude":35.7335906,"Longitude":139.559354},"Nid":1551895065,"Wid":141781034}
{"Coordinate":{"Latitude":35.7142916,"Longitude":139.5362196},"Nid":734949279,"Wid":141764804}
{"Coordinate":{"Latitude":35.7221069,"Longitude":139.5413754},"Nid":2045633136,"Wid":194053359}
{"Coordinate":{"Latitude":35.7221006,"Longitude":139.5406972},"Nid":1551803423,"Wid":194053359}
{"Coordinate":{"Latitude":35.7059469,"Longitude":139.5452688},"Nid":1611666875,"Wid":148057647}
{"Coordinate":{"Latitude":35.7070376,"Longitude":139.5454362},"Nid":1611666939,"Wid":148057647}
{"Coordinate":{"Latitude":35.7244256,"Longitude":139.5463394},"Nid":1658857809,"Wid":153168555}
{"Coordinate":{"Latitude":35.7355129,"Longitude":139.5334544},"Nid":1553901402,"Wid":141963911}
{"Coordinate":{"Latitude":35.7359715,"Longitude":139.5339717},"Nid":1553901422,"Wid":141963911}
{"Coordinate":{"Latitude":35.7084547,"Longitude":139.5448816},"Nid":1586623251,"Wid":148183091}
{"Coordinate":{"Latitude":35.7088838,"Longitude":139.5449664},"Nid":1586623260,"Wid":148183091}
{"Coordinate":{"Latitude":35.7176027,"Longitude":139.5382497},"Nid":1618654684,"Wid":148789912}
