{"Coordinate":{"Latitude":35.742693,"Longitude":139.570662},"Nid":1311926842,"Wid":116358634}
{"Coordinate":{"Latitude":35.7426228,"Longitude":139.5718506},"Nid":1311920320,"Wid":116358634}
{"Coordinate":{"Latitude":35.7397816,"Longitude":139.5451264},"Nid":1553901708,"Wid":141964023}
{"Coordinate":{"Latitude":35.7390218,"Longitude":139.5454932},"Nid":-1426540624,"Wid":141964023}
{"Coordinate":{"Latitude":35.7390218,"Longitude":139.5454932},"Nid":-1426540624,"Wid":141964023}
{"Coordinate":{"Latitude":35.7066768,"Longitude":139.5541912},"Nid":1586634031,"Wid":145233249}
{"Coordinate":{"Latitude":35.7212601,"Longitude":139.5619362},"Nid":1354252113,"Wid":774976919}
{"Coordinate":{"Latitude":35.7040358,"Longitude":139.5331023},"Nid":1114406621,"Wid":96164651}
{"Coordinate":{"Latitude":35.7155058,"Longitude":139.5590314},"Nid":1620122410,"Wid":148951962}
{"Coordinate":{"Latitude":35.7137702,"Longitude":139.5503931},"Nid":726443990,"Wid":145130180}
{"Coordinate":{"Latitude":35.744833,"Longitude":139.5509478},"Nid":734176326,"Wid":141878051}
{"Coordinate":{"Latitude":35.7234294,"Longitude":139.5424429},"Nid":-1780039586,"Wid":244143276}
{"Coordinate":{"Latitude":35.7340033,"Longitude":139.5543755},"Nid":1551895325,"Wid":141781032}
{"Coordinate":{"Latitude":35.7335364,"Longitude":139.5544413},"Nid":2082779883,"Wid":141781032}
{"Coordinate":{"Latitude":35.7335364,"Longitude":139.5544413},"Nid":2082779883,"Wid":141781032}
{"Coordinate":{"Latitude":35.7320372,"Longitude":139.5546546},"Nid":1551894476,"Wid":141781032}
{"Coordinate":{"Latitude":35.7109627,"Longitude":139.5572369},"Nid":1632361071,"Wid":150303296}
{"Coordinate":{"Latitude":35.7082817,"Longitude":139.5364878},"Nid":1774566953,"Wid":145129802}
{"Coordinate":{"Latitude":35.7161615,"Longitude":139.5409252},"Nid":1614274036,"Wid":148319879}
{"Coordinate":{"Latitude":35.7042778,"Longitude":139.5307666},"Nid":567871267,"Wid":44778590}
{"Coordinate":{"Latitude":35.7386717,"Longitude":139.5711476},"Nid":1311928187,"Wid":282926088}
{"Coordinate":{"Latitude":35.7244256,"Longitude":139.5463394},"Nid":1658857809,"Wid":153168558}
{"Coordinate":{"Latitude":35.7161803,"Longitude":139.5369647},"Nid":778224468,"Wid":141765251}
{"Coordinate":{"Latitude":35.7160454,"Longitude":139.5376707},"Nid":1551802858,"Wid":141765251}
{"Coordinate":{"Latitude":35.7117309,"Longitude":139.5694898},"Nid":1976490340,"Wid":186901883}
{"Coordinate":{"Latitude":35.7098204,"Longitude":139.5553596},"Nid":1610603248,"Wid":145233248}
{"Coordinate":{"Latitude":35.7162468,"Longitude":139.5388198},"Nid":1618654417,"Wid":148789913}
