{"Coordinate":{"Latitude":35.7236612,"Longitude":139.5553062},"Nid":1631132078,"Wid":150181348}
{"Coordinate":{"Latitude":35.7230175,"Longitude":139.5655531},"Nid":1551847400,"Wid":149127425}
{"Coordinate":{"Latitude":35.7068949,"Longitude":139.546271},"Nid":286903539,"Wid":148057678}
{"Coordinate":{"Latitude":35.7071739,"Longitude":139.5483777},"Nid":1611666944,"Wid":148057742}
{"Coordinate":{"Latitude":35.7360462,"Longitude":139.5649256},"Nid":-1426343342,"Wid":568714534}
{"Coordinate":{"Latitude":35.7355009,"Longitude":139.5648131},"Nid":1551896212,"Wid":568714534}
{"Coordinate":{"Latitude":35.7282602,"Longitude":139.560065},"Nid":1551848212,"Wid":141775133}
{"Coordinate":{"Latitude":35.7289971,"Longitude":139.5598385},"Nid":1551848345,"Wid":141775133}
{"Coordinate":{"Latitude":35.7284623,"Longitude":139.54269},"Nid":1629902549,"Wid":150057306}
{"Coordinate":{"Latitude":35.727817,"Longitude":139.543249},"Nid":-1806798936,"Wid":150057306}
{"Coordinate":{"Latitude":35.7445655,"Longitude":139.5742311},"Nid":1311927002,"Wid":116359156}
{"Coordinate":{"Latitude":35.7437879,"Longitude":139.5740496},"Nid":1311921152,"Wid":116359156}
{"Coordinate":{"Latitude":35.709641,"Longitude":139.5430564},"Nid":1610041658,"Wid":161644148}
{"Coordinate":{"Latitude":35.7265431,"Longitude":139.5341081},"Nid":734896319,"Wid":141782679}
{"Coordinate":{"Latitude":35.7255648,"Longitude":139.5332762},"Nid":687489225,"Wid":141782679}
{"Coordinate":{"Latitude":35.7282375,"Longitude":139.5642545},"Nid":1112167725,"Wid":141775080}
{"Coordinate":{"Latitude":35.725348,"Longitude":139.5363041},"Nid":1629231396,"Wid":149986374}
{"Coordinate":{"Latitude":35.7426156,"Longitude":139.5750076},"Nid":-1816472351,"Wid":672473147}
{"Coordinate":{"Latitude":35.7418169,"Longitude":139.5658876},"Nid":425344274,"Wid":141952430}
{"Coordinate":{"Latitude":35.7202826,"Longitude":139.5702145},"Nid":-1334283822,"Wid":638785860}
{"Coordinate":{"Latitude":35.7268102,"Longitude":139.530116},"Nid":734885805,"Wid":673392645}
