{"Coordinate":{"Latitude":35.734863,"Longitude":139.5450888},"Nid":1551895816,"Wid":141781202}
{"Coordinate":{"Latitude":35.7339837,"Longitude":139.5455879},"Nid":1551895301,"Wid":141781202}
{"Coordinate":{"Latitude":35.722755,"Longitude":139.5591125},"Nid":1551847325,"Wid":150181377}
{"Coordinate":{"Latitude":35.7233031,"Longitude":139.5587963},"Nid":1631131916,"Wid":150181377}
{"Coordinate":{"Latitude":35.7376113,"Longitude":139.5715173},"Nid":1311928488,"Wid":116357996}
{"Coordinate":{"Latitude":35.7362715,"Longitude":139.5496523},"Nid":1551896485,"Wid":141780897}
{"Coordinate":{"Latitude":35.7287872,"Longitude":139.555259},"Nid":1551848294,"Wid":141775125}
{"Coordinate":{"Latitude":35.7298306,"Longitude":139.5545564},"Nid":-1817686932,"Wid":141775125}
{"Coordinate":{"Latitude":35.7163061,"Longitude":139.5296662},"Nid":701730569,"Wid":477607268}
{"Coordinate":{"Latitude":35.7403774,"Longitude":139.5774892},"Nid":1223378450,"Wid":106293837}
{"Coordinate":{"Latitude":35.7169416,"Longitude":139.5309045},"Nid":734949358,"Wid":148789411}
{"Coordinate":{"Latitude":35.7262528,"Longitude":139.529013},"Nid":734880114,"Wid":59263533}
{"Coordinate":{"Latitude":35.7405343,"Longitude":139.5744156},"Nid":-1816472289,"Wid":672473148}
{"Coordinate":{"Latitude":35.7423584,"Longitude":139.5740599},"Nid":1110063200,"Wid":672473148}
{"Coordinate":{"Latitude":35.7293946,"Longitude":139.5769371},"Nid":675752214,"Wid":259688681}
{"Coordinate":{"Latitude":35.7294524,"Longitude":139.5777218},"Nid":675752205,"Wid":259688681}
{"Coordinate":{"Latitude":35.7050302,"Longitude":139.5409536},"Nid":1767378099,"Wid":165176056}
{"Coordinate":{"Latitude":35.7157245,"Longitude":139.553723},"Nid":1615420011,"Wid":148435686}
{"Coordinate":{"Latitude":35.7223748,"Longitude":139.546689},"Nid":1551847246,"Wid":144553422}
{"Coordinate":{"Latitude":35.7252091,"Longitude":139.5363676},"Nid":1629231391,"Wid":149986338}
{"Coordinate":{"Latitude":35.7293262,"Longitude":139.5761692},"Nid":1311922308,"Wid":116358786}
{"Coordinate":{"Latitude":35.7292236,"Longitude":139.5749933},"Nid":1311920698,"Wid":116358786}
{"Coordinate":{"Latitude":35.7047467,"Longitude":139.5591761},"Nid":1126002186,"Wid":97200663}
{"Coordinate":{"Latitude":35.7213477,"Longitude":139.5279533},"Nid":-1547907448,"Wid":269499082}
{"Coordinate":{"Latitude":35.7271657,"Longitude":139.559314},"Nid":1551848034,"Wid":478155658}
{"Coordinate":{"Latitude":35.7303338,"Longitude":139.5417738},"Nid":1965044867,"Wid":185817498}
{"Coordinate":{"Latitude":35.730457,"Longitude":139.541243},"Nid":1551893942,"Wid":185817498}
