{"Coordinate":{"Latitude":35.7402024,"Longitude":139.576835},"Nid":-2034152699,"Wid":680499846}
{"Coordinate":{"Latitude":35.7128461,"Longitude":139.5357161},"Nid":1551929175,"Wid":152183195}
{"Coordinate":{"Latitude":35.7163061,"Longitude":139.5296662},"Nid":701730569,"Wid":55885152}
{"Coordinate":{"Latitude":35.7099717,"Longitude":139.5724592},"Nid":-912869578,"Wid":331149484}
{"Coordinate":{"Latitude":35.7098748,"Longitude":139.5724021},"Nid":-912869582,"Wid":331149484}
{"Coordinate":{"Latitude":35.7302081,"Longitude":139.5271888},"Nid":1850960312,"Wid":174398429}
{"Coordinate":{"Latitude":35.7107135,"Longitude":139.5584898},"Nid":1632361065,"Wid":150303312}
{"Coordinate":{"Latitude":35.7111016,"Longitude":139.5356956},"Nid":700848622,"Wid":55794826}
{"Coordinate":{"Latitude":35.7102703,"Longitude":139.5358715},"Nid":735017764,"Wid":55794826}
{"Coordinate":{"Latitude":35.7059443,"Longitude":139.5300909},"Nid":1611613144,"Wid":148052021}
{"Coordinate":{"Latitude":35.7059443,"Longitude":139.5300909},"Nid":1611613144,"Wid":148052021}
{"Coordinate":{"Latitude":35.7123547,"Longitude":139.5417729},"Nid":1650177975,"Wid":152181632}
{"Coordinate":{"Latitude":35.7213487,"Longitude":139.556764},"Nid":679185615,"Wid":141775009}
{"Coordinate":{"Latitude":35.7319797,"Longitude":139.5443521},"Nid":1551894438,"Wid":141780976}
{"Coordinate":{"Latitude":35.7385925,"Longitude":139.5743926},"Nid":1311920449,"Wid":116358409}
{"Coordinate":{"Latitude":35.7394678,"Longitude":139.5743772},"Nid":1311923559,"Wid":116358409}
{"Coordinate":{"Latitude":35.7281164,"Longitude":139.5449394},"Nid":1621376754,"Wid":149116062}
{"Coordinate":{"Latitude":35.7165941,"Longitude":139.567388},"Nid":778224423,"Wid":62287454}
{"Coordinate":{"Latitude":35.7291094,"Longitude":139.5483912},"Nid":1480367027,"Wid":141780989}
{"Coordinate":{"Latitude":35.7285824,"Longitude":139.5483234},"Nid":-356363474,"Wid":141780989}
{"Coordinate":{"Latitude":35.7099318,"Longitude":139.5411976},"Nid":732097060,"Wid":145235469}
{"Coordinate":{"Latitude":35.7101093,"Longitude":139.5400631},"Nid":700848685,"Wid":145235469}
{"Coordinate":{"Latitude":35.705511,"Longitude":139.5446369},"Nid":1586623152,"Wid":148183082}
{"Coordinate":{"Latitude":35.7371457,"Longitude":139.5744016},"Nid":1311920859,"Wid":116358991}
{"Coordinate":{"Latitude":35.7360505,"Longitude":139.5340856},"Nid":1553901427,"Wid":141964160}
{"Coordinate":{"Latitude":35.7296781,"Longitude":139.5802065},"Nid":1162638890,"Wid":100555161}
{"Coordinate":{"Latitude":35.7360209,"Longitude":139.5682069},"Nid":-1426343344,"Wid":282926068}
{"Coordinate":{"Latitude":35.7173858,"Longitude":139.5319894},"Nid":1618620609,"Wid":148789380}
{"Coordinate":{"Latitude":35.7215016,"Longitude":139.5384545},"Nid":-2014117162,"Wid":218877507}
{"Coordinate":{"Latitude":35.7214446,"Longitude":139.537836},"Nid":-2014117165,"Wid":218877507}
