{"Coordinate":{"Latitude":35.7188595,"Longitude":139.5418331},"Nid":734896347,"Wid":141759460}
{"Coordinate":{"Latitude":35.7333631,"Longitude":139.574026},"Nid":1311928213,"Wid":116359221}
{"Coordinate":{"Latitude":35.7229562,"Longitude":139.5405061},"Nid":1629231290,"Wid":152314390}
{"Coordinate":{"Latitude":35.7146133,"Longitude":139.5806854},"Nid":-1140818209,"Wid":116367945}
{"Coordinate":{"Latitude":35.7370953,"Longitude":139.5576078},"Nid":1553861783,"Wid":141955839}
{"Coordinate":{"Latitude":35.744921,"Longitude":139.5622128},"Nid":1199532757,"Wid":103925241}
{"Coordinate":{"Latitude":35.7267009,"Longitude":139.5463807},"Nid":1551848007,"Wid":141775185}
{"Coordinate":{"Latitude":35.7184044,"Longitude":139.5375266},"Nid":1551802919,"Wid":141764792}
{"Coordinate":{"Latitude":35.7403774,"Longitude":139.5774892},"Nid":1223378450,"Wid":106293838}
{"Coordinate":{"Latitude":35.7190009,"Longitude":139.5747047},"Nid":410119167,"Wid":145236980}
{"Coordinate":{"Latitude":35.7363257,"Longitude":139.5764753},"Nid":1110063205,"Wid":116358751}
{"Coordinate":{"Latitude":35.7364593,"Longitude":139.5743436},"Nid":1311922751,"Wid":116358751}
{"Coordinate":{"Latitude":35.7056461,"Longitude":139.5470844},"Nid":1586623159,"Wid":145230428}
{"Coordinate":{"Latitude":35.7044375,"Longitude":139.5584269},"Nid":1126002190,"Wid":161644142}
{"Coordinate":{"Latitude":35.7085479,"Longitude":139.5234253},"Nid":-2131083903,"Wid":206381411}
{"Coordinate":{"Latitude":35.7088838,"Longitude":139.5449664},"Nid":1586623260,"Wid":145230334}
{"Coordinate":{"Latitude":35.7399337,"Longitude":139.5665763},"Nid":1153476857,"Wid":565842553}
