{"Coordinate":{"Latitude":35.7078036,"Longitude":139.5447528},"Nid":1611666985,"Wid":148057748}
{"Coordinate":{"Latitude":35.7074904,"Longitude":139.5446795},"Nid":1611666969,"Wid":148057748}
{"Coordinate":{"Latitude":35.7225528,"Longitude":139.5336579},"Nid":1625003083,"Wid":149532150}
{"Coordinate":{"Latitude":35.7042166,"Longitude":139.5452486},"Nid":1594180098,"Wid":148184446}
{"Coordinate":{"Latitude":35.7245989,"Longitude":139.5487092},"Nid":1551847621,"Wid":153168564}
{"Coordinate":{"Latitude":35.7244256,"Longitude":139.5463394},"Nid":1658857809,"Wid":153168543}
{"Coordinate":{"Latitude":35.7442659,"Longitude":139.5604021},"Nid":684244993,"Wid":240079301}
{"Coordinate":{"Latitude":35.7379386,"Longitude":139.5252798},"Nid":1339795143,"Wid":423962346}
{"Coordinate":{"Latitude":35.7249421,"Longitude":139.537523},"Nid":1629231375,"Wid":149986368}
{"Coordinate":{"Latitude":35.7243835,"Longitude":139.5379783},"Nid":1629231338,"Wid":149986368}
{"Coordinate":{"Latitude":35.7282197,"Longitude":139.5544872},"Nid":1551848210,"Wid":141775108}
{"Coordinate":{"Latitude":35.7130925,"Longitude":139.524641},"Nid":701730450,"Wid":153964912}
{"Coordinate":{"Latitude":35.7061244,"Longitude":139.5571263},"Nid":1126002220,"Wid":146455059}
{"Coordinate":{"Latitude":35.7064895,"Longitude":139.556175},"Nid":1586634027,"Wid":146455059}
{"Coordinate":{"Latitude":35.7336147,"Longitude":139.562634},"Nid":1551895303,"Wid":141780881}
{"Coordinate":{"Latitude":35.7342092,"Longitude":139.5624646},"Nid":1551895431,"Wid":141780881}
{"Coordinate":{"Latitude":35.7195381,"Longitude":139.539195},"Nid":1551736221,"Wid":141759518}
{"Coordinate":{"Latitude":35.7233567,"Longitude":139.5590849},"Nid":1631131922,"Wid":150181367}
{"Coordinate":{"Latitude":35.7299624,"Longitude":139.5506163},"Nid":1551893685,"Wid":141780910}
