{"Coordinate":{"Latitude":35.7112112,"Longitude":139.5362077},"Nid":411293607,"Wid":26202050}
{"Coordinate":{"Latitude":35.7333631,"Longitude":139.574026},"Nid":1311928213,"Wid":116359038}
{"Coordinate":{"Latitude":35.7329553,"Longitude":139.5743045},"Nid":1311927185,"Wid":116359038}
{"Coordinate":{"Latitude":35.705501,"Longitude":139.5571993},"Nid":683867688,"Wid":161644155}
{"Coordinate":{"Latitude":35.7049153,"Longitude":139.5587267},"Nid":1126002192,"Wid":161644155}
{"Coordinate":{"Latitude":35.7427009,"Longitude":139.5328821},"Nid":682898353,"Wid":141963751}
{"Coordinate":{"Latitude":35.728993,"Longitude":139.563435},"Nid":1551893400,"Wid":141780862}
{"Coordinate":{"Latitude":35.725503,"Longitude":139.5391327},"Nid":1629231404,"Wid":149986376}
{"Coordinate":{"Latitude":35.7389553,"Longitude":139.54961},"Nid":1553862257,"Wid":141955688}
{"Coordinate":{"Latitude":35.738942,"Longitude":139.5570713},"Nid":1129805160,"Wid":562764570}
{"Coordinate":{"Latitude":35.7266838,"Longitude":139.5304397},"Nid":734885813,"Wid":673392644}
{"Coordinate":{"Latitude":35.7110581,"Longitude":139.5552675},"Nid":1610603344,"Wid":147930893}
{"Coordinate":{"Latitude":35.7093015,"Longitude":139.5793848},"Nid":393724357,"Wid":159646847}
{"Coordinate":{"Latitude":35.7087921,"Longitude":139.5691533},"Nid":1120806420,"Wid":96774985}
{"Coordinate":{"Latitude":35.7361375,"Longitude":139.5805639},"Nid":1311926583,"Wid":116357645}
{"Coordinate":{"Latitude":35.7423903,"Longitude":139.5533754},"Nid":1553835985,"Wid":141952359}
{"Coordinate":{"Latitude":35.7423972,"Longitude":139.5524337},"Nid":-1256028183,"Wid":141952359}
{"Coordinate":{"Latitude":35.7147572,"Longitude":139.5446907},"Nid":1723800086,"Wid":141759519}
{"Coordinate":{"Latitude":35.7258863,"Longitude":139.5406925},"Nid":734896449,"Wid":149986362}
{"Coordinate":{"Latitude":35.709544,"Longitude":139.5560222},"Nid":1586634147,"Wid":145233241}
