{"Coordinate":{"Latitude":35.7423584,"Longitude":139.5740599},"Nid":1110063200,"Wid":49778392}
{"Coordinate":{"Latitude":35.7409249,"Longitude":139.5757481},"Nid":1311928914,"Wid":49778392}
{"Coordinate":{"Latitude":35.7409249,"Longitude":139.5757481},"Nid":1311928914,"Wid":49778392}
{"Coordinate":{"Latitude":35.7402024,"Longitude":139.576835},"Nid":-2034152699,"Wid":49778392}
{"Coordinate":{"Latitude":35.7195449,"Longitude":139.5801966},"Nid":388753255,"Wid":36504129}
{"Coordinate":{"Latitude":35.734951,"Longitude":139.5451295},"Nid":-1769707851,"Wid":245303733}
{"Coordinate":{"Latitude":35.7347038,"Longitude":139.5448728},"Nid":-1769707854,"Wid":245303733}
{"Coordinate":{"Latitude":35.7321977,"Longitude":139.5420349},"Nid":734176471,"Wid":141780838}
{"Coordinate":{"Latitude":35.7255217,"Longitude":139.561525},"Nid":1551847843,"Wid":244578036}
{"Coordinate":{"Latitude":35.7294972,"Longitude":139.5726351},"Nid":1311921485,"Wid":638785806}
{"Coordinate":{"Latitude":35.7193472,"Longitude":139.5789566},"Nid":419796722,"Wid":100842461}
{"Coordinate":{"Latitude":35.7176381,"Longitude":139.5420236},"Nid":1623748205,"Wid":149387554}
{"Coordinate":{"Latitude":35.7108714,"Longitude":139.5299254},"Nid":735017589,"Wid":145228067}
{"Coordinate":{"Latitude":35.7116962,"Longitude":139.5300348},"Nid":735017788,"Wid":145228067}
{"Coordinate":{"Latitude":35.7446702,"Longitude":139.5541574},"Nid":734176320,"Wid":141877889}
{"Coordinate":{"Latitude":35.7381922,"Longitude":139.561345},"Nid":1553862010,"Wid":141955845}
{"Coordinate":{"Latitude":35.7385865,"Longitude":139.5602904},"Nid":1553862159,"Wid":141955845}
{"Coordinate":{"Latitude":35.7152743,"Longitude":139.5687869},"Nid":1586699364,"Wid":145238527}
{"Coordinate":{"Latitude":35.7133917,"Longitude":139.567728},"Nid":1586699338,"Wid":145238527}
{"Coordinate":{"Latitude":35.7076523,"Longitude":139.5473348},"Nid":1611666974,"Wid":148057752}
{"Coordinate":{"Latitude":35.7079388,"Longitude":139.5475111},"Nid":1611666991,"Wid":148057752}
{"Coordinate":{"Latitude":35.7167615,"Longitude":139.5715747},"Nid":1586680811,"Wid":145237118}
{"Coordinate":{"Latitude":35.715526,"Longitude":139.573356},"Nid":1586680786,"Wid":145237118}
{"Coordinate":{"Latitude":35.710624,"Longitude":139.5785815},"Nid":425344233,"Wid":159646859}
{"Coordinate":{"Latitude":35.7103296,"Longitude":139.5793285},"Nid":1717644046,"Wid":159646859}
{"Coordinate":{"Latitude":35.7278214,"Longitude":139.5306509},"Nid":703516315,"Wid":56047912}
{"Coordinate":{"Latitude":35.7311001,"Longitude":139.5266709},"Nid":1850960364,"Wid":174398428}
{"Coordinate":{"Latitude":35.7308516,"Longitude":139.5263713},"Nid":1850960345,"Wid":174398428}
{"Coordinate":{"Latitude":35.7215335,"Longitude":139.5272747},"Nid":-1547907444,"Wid":269499077}
{"Coordinate":{"Latitude":35.7212933,"Longitude":139.527208},"Nid":-1547907449,"Wid":269499077}
{"Coordinate":{"Latitude":35.7143704,"Longitude":139.5778203},"Nid":475856455,"Wid":174614209}
{"Coordinate":{"Latitude":35.7130439,"Longitude":139.5343528},"Nid":734949213,"Wid":59272266}
{"Coordinate":{"Latitude":35.7314697,"Longitude":139.569519},"Nid":1311923018,"Wid":197983122}
{"Coordinate":{"Latitude":35.732242,"Longitude":139.5695586},"Nid":1311921931,"Wid":197983122}
{"Coordinate":{"Latitude":35.7096417,"Longitude":139.5668567},"Nid":1586680454,"Wid":145237104}
{"Coordinate":{"Latitude":35.7388097,"Longitude":139.5620928},"Nid":1553862225,"Wid":241576380}
