{"Coordinate":{"Latitude":35.7223119,"Longitude":139.580409},"Nid":1165227758,"Wid":100820773}
{"Coordinate":{"Latitude":35.7234964,"Longitude":139.5539777},"Nid":1551847465,"Wid":150181319}
{"Coordinate":{"Latitude":35.7238171,"Longitude":139.5525051},"Nid":1631132129,"Wid":150181319}
{"Coordinate":{"Latitude":35.7246961,"Longitude":139.5492546},"Nid":1551847680,"Wid":141775200}
{"Coordinate":{"Latitude":35.7247285,"Longitude":139.5504547},"Nid":1551847676,"Wid":141775200}
{"Coordinate":{"Latitude":35.7247285,"Longitude":139.5504547},"Nid":1551847676,"Wid":141775200}
{"Coordinate":{"Latitude":35.724514,"Longitude":139.551794},"Nid":1551847643,"Wid":141775200}
{"Coordinate":{"Latitude":35.7283245,"Longitude":139.5646352},"Nid":1551848255,"Wid":141775183}
{"Coordinate":{"Latitude":35.7194653,"Longitude":139.5521608},"Nid":1586339384,"Wid":145201215}
{"Coordinate":{"Latitude":35.732193,"Longitude":139.5516},"Nid":1551894526,"Wid":141780983}
{"Coordinate":{"Latitude":35.732587,"Longitude":139.551752},"Nid":1551894711,"Wid":141780983}
{"Coordinate":{"Latitude":35.737357,"Longitude":139.537665},"Nid":1553901530,"Wid":141964064}
{"Coordinate":{"Latitude":35.738604,"Longitude":139.538424},"Nid":1553901598,"Wid":141964064}
{"Coordinate":{"Latitude":35.7090682,"Longitude":139.568442},"Nid":1120806396,"Wid":32806007}
{"Coordinate":{"Latitude":35.711882,"Longitude":139.543088},"Nid":1586654947,"Wid":145235495}
{"Coordinate":{"Latitude":35.715668,"Longitude":139.533864},"Nid":1551802789,"Wid":141764815}
{"Coordinate":{"Latitude":35.7227883,"Longitude":139.542853},"Nid":-1780039628,"Wid":244143270}
{"Coordinate":{"Latitude":35.7260351,"Longitude":139.5371756},"Nid":734896340,"Wid":141964131}
{"Coordinate":{"Latitude":35.713404,"Longitude":139.5253569},"Nid":701730464,"Wid":153964932}
{"Coordinate":{"Latitude":35.7138622,"Longitude":139.5534657},"Nid":1586655068,"Wid":147679673}
{"Coordinate":{"Latitude":35.7123657,"Longitude":139.5813987},"Nid":429229901,"Wid":38747656}
{"Coordinate":{"Latitude":35.7123657,"Longitude":139.5813987},"Nid":429229901,"Wid":38747656}
{"Coordinate":{"Latitude":35.7127726,"Longitude":139.5803001},"Nid":459448554,"Wid":38747656}
{"Coordinate":{"Latitude":35.7165193,"Longitude":139.5641763},"Nid":1621355435,"Wid":149113412}
{"Coordinate":{"Latitude":35.7160355,"Longitude":139.5377257},"Nid":1551802814,"Wid":148319867}
{"Coordinate":{"Latitude":35.7227188,"Longitude":139.5493254},"Nid":1551736998,"Wid":141774938}
{"Coordinate":{"Latitude":35.7230081,"Longitude":139.5493218},"Nid":1586339511,"Wid":141774938}
{"Coordinate":{"Latitude":35.7097314,"Longitude":139.5425334},"Nid":1586654840,"Wid":145235496}
{"Coordinate":{"Latitude":35.7355231,"Longitude":139.5785448},"Nid":1223378048,"Wid":106293803}
{"Coordinate":{"Latitude":35.7359077,"Longitude":139.5784179},"Nid":1223378050,"Wid":106293803}
{"Coordinate":{"Latitude":35.7415724,"Longitude":139.5602772},"Nid":1553835776,"Wid":141952534}
{"Coordinate":{"Latitude":35.7408585,"Longitude":139.560134},"Nid":1553835687,"Wid":141952534}
{"Coordinate":{"Latitude":35.712446,"Longitude":139.5542613},"Nid":1620121681,"Wid":148951954}
{"Coordinate":{"Latitude":35.718934,"Longitude":139.5429048},"Nid":1623748396,"Wid":141759451}
{"Coordinate":{"Latitude":35.7126261,"Longitude":139.5360208},"Nid":1551929125,"Wid":141782686}
{"Coordinate":{"Latitude":35.711695,"Longitude":139.5360889},"Nid":1650160926,"Wid":141782686}
{"Coordinate":{"Latitude":35.709544,"Longitude":139.5560222},"Nid":1586634147,"Wid":145233245}
{"Coordinate":{"Latitude":35.7317155,"Longitude":139.555775},"Nid":-1817693816,"Wid":598613818}
{"Coordinate":{"Latitude":35.7203671,"Longitude":139.5559581},"Nid":1615381362,"Wid":148431850}
