{"Coordinate":{"Latitude":35.7171198,"Longitude":139.5280618},"Nid":671899557,"Wid":54682468}
{"Coordinate":{"Latitude":35.7209458,"Longitude":139.5567504},"Nid":1615381406,"Wid":148431910}
{"Coordinate":{"Latitude":35.7205853,"Longitude":139.5565424},"Nid":1615381386,"Wid":148431910}
{"Coordinate":{"Latitude":35.7302823,"Longitude":139.5267585},"Nid":1850960315,"Wid":174398424}
{"Coordinate":{"Latitude":35.7305488,"Longitude":139.5269165},"Nid":1850960327,"Wid":174398424}
{"Coordinate":{"Latitude":35.7300333,"Longitude":139.5620675},"Nid":1551893726,"Wid":141781179}
{"Coordinate":{"Latitude":35.7171198,"Longitude":139.5280618},"Nid":671899557,"Wid":177776601}
{"Coordinate":{"Latitude":35.7127609,"Longitude":139.5382758},"Nid":1650161007,"Wid":152181619}
{"Coordinate":{"Latitude":35.7423584,"Longitude":139.5740599},"Nid":1110063200,"Wid":49141249}
{"Coordinate":{"Latitude":35.7431729,"Longitude":139.573564},"Nid":1311920890,"Wid":49141249}
{"Coordinate":{"Latitude":35.7431729,"Longitude":139.573564},"Nid":1311920890,"Wid":49141249}
{"Coordinate":{"Latitude":35.7389556,"Longitude":139.5463142},"Nid":734176330,"Wid":144970768}
{"Coordinate":{"Latitude":35.73884,"Longitude":139.5456951},"Nid":1553901608,"Wid":144970768}
{"Coordinate":{"Latitude":35.7249914,"Longitude":139.5484295},"Nid":1658857843,"Wid":153168569}
{"Coordinate":{"Latitude":35.7248466,"Longitude":139.5492279},"Nid":1658857838,"Wid":153168569}
{"Coordinate":{"Latitude":35.7377786,"Longitude":139.5459013},"Nid":1551896993,"Wid":141780835}
{"Coordinate":{"Latitude":35.7358015,"Longitude":139.5465274},"Nid":1551896302,"Wid":141780835}
{"Coordinate":{"Latitude":35.705784,"Longitude":139.5406929},"Nid":1767386228,"Wid":165176352}
{"Coordinate":{"Latitude":35.7083941,"Longitude":139.529048},"Nid":-1500459462,"Wid":274782840}
{"Coordinate":{"Latitude":35.7087187,"Longitude":139.5290329},"Nid":-1500459438,"Wid":274782840}
{"Coordinate":{"Latitude":35.7319573,"Longitude":139.5527893},"Nid":1551894441,"Wid":141781066}
{"Coordinate":{"Latitude":35.7132357,"Longitude":139.5462789},"Nid":1609989070,"Wid":147853283}
{"Coordinate":{"Latitude":35.7219587,"Longitude":139.5603609},"Nid":1551847227,"Wid":141775065}
{"Coordinate":{"Latitude":35.7229132,"Longitude":139.5605656},"Nid":1551847375,"Wid":141775065}
{"Coordinate":{"Latitude":35.7205178,"Longitude":139.5698317},"Nid":1697457296,"Wid":157511397}
