{"Coordinate":{"Latitude":35.7113749,"Longitude":139.5685398},"Nid":536666734,"Wid":42871573}
{"Coordinate":{"Latitude":35.730276,"Longitude":139.573529},"Nid":1311921183,"Wid":638785800}
{"Coordinate":{"Latitude":35.7116843,"Longitude":139.5335426},"Nid":705149773,"Wid":152300595}
{"Coordinate":{"Latitude":35.7111016,"Longitude":139.5356956},"Nid":700848622,"Wid":152300595}
{"Coordinate":{"Latitude":35.7428219,"Longitude":139.5221188},"Nid":827955186,"Wid":526892728}
{"Coordinate":{"Latitude":35.7331993,"Longitude":139.575766},"Nid":-1426353900,"Wid":116358433}
{"Coordinate":{"Latitude":35.7286164,"Longitude":139.5390905},"Nid":1553901155,"Wid":141963893}
{"Coordinate":{"Latitude":35.7284293,"Longitude":139.5396872},"Nid":734896493,"Wid":141963893}
{"Coordinate":{"Latitude":35.7110204,"Longitude":139.5369325},"Nid":1650160802,"Wid":152180730}
{"Coordinate":{"Latitude":35.7271873,"Longitude":139.544081},"Nid":1551848055,"Wid":141774998}
{"Coordinate":{"Latitude":35.7195037,"Longitude":139.5437752},"Nid":1551736235,"Wid":147778581}
{"Coordinate":{"Latitude":35.7195915,"Longitude":139.5443874},"Nid":1551736241,"Wid":147778581}
{"Coordinate":{"Latitude":35.7066029,"Longitude":139.5321335},"Nid":1586623198,"Wid":145230254}
{"Coordinate":{"Latitude":35.7136582,"Longitude":139.5670344},"Nid":1586699344,"Wid":145238471}
{"Coordinate":{"Latitude":35.7209792,"Longitude":139.5372978},"Nid":1551803272,"Wid":141765000}
{"Coordinate":{"Latitude":35.7059637,"Longitude":139.5481946},"Nid":1611666877,"Wid":148057645}
{"Coordinate":{"Latitude":35.7157245,"Longitude":139.553723},"Nid":1615420011,"Wid":148435696}
{"Coordinate":{"Latitude":35.7057138,"Longitude":139.5597613},"Nid":1736733023,"Wid":161716676}
