{"Coordinate":{"Latitude":35.7123055,"Longitude":139.5408222},"Nid":732097071,"Wid":141764798}
{"Coordinate":{"Latitude":35.7179394,"Longitude":139.5700861},"Nid":393724375,"Wid":62287445}
{"Coordinate":{"Latitude":35.724312,"Longitude":139.530906},"Nid":1551803954,"Wid":141765199}
{"Coordinate":{"Latitude":35.7229097,"Longitude":139.5610322},"Nid":1551847373,"Wid":150181320}
{"Coordinate":{"Latitude":35.7343638,"Longitude":139.5473471},"Nid":1007093476,"Wid":548851134}
{"Coordinate":{"Latitude":35.7344041,"Longitude":139.5484606},"Nid":1007093479,"Wid":548851134}
{"Coordinate":{"Latitude":35.7271151,"Longitude":139.5367176},"Nid":734949520,"Wid":150057344}
{"Coordinate":{"Latitude":35.7182607,"Longitude":139.5637238},"Nid":1354233496,"Wid":148952036}
{"Coordinate":{"Latitude":35.7224311,"Longitude":139.5446946},"Nid":1551803505,"Wid":141765126}
{"Coordinate":{"Latitude":35.7220704,"Longitude":139.5451683},"Nid":1551803453,"Wid":141765126}
{"Coordinate":{"Latitude":35.7362715,"Longitude":139.5496523},"Nid":1551896485,"Wid":141781228}
{"Coordinate":{"Latitude":35.7149082,"Longitude":139.5417633},"Nid":1551802744,"Wid":251488990}
{"Coordinate":{"Latitude":35.7312535,"Longitude":139.5322442},"Nid":1553901211,"Wid":141964316}
{"Coordinate":{"Latitude":35.7316053,"Longitude":139.5309303},"Nid":1553901236,"Wid":141964316}
{"Coordinate":{"Latitude":35.7146191,"Longitude":139.5389704},"Nid":1614273967,"Wid":148319860}
{"Coordinate":{"Latitude":35.7399337,"Longitude":139.5665763},"Nid":1153476857,"Wid":565842550}
