{"Coordinate":{"Latitude":35.7349235,"Longitude":139.5525539},"Nid":1551895845,"Wid":141780986}
{"Coordinate":{"Latitude":35.7342202,"Longitude":139.5527114},"Nid":1551895463,"Wid":141780986}
{"Coordinate":{"Latitude":35.7329108,"Longitude":139.5724928},"Nid":1311920612,"Wid":116357656}
{"Coordinate":{"Latitude":35.7348135,"Longitude":139.5725099},"Nid":1311927710,"Wid":116357656}
{"Coordinate":{"Latitude":35.7233567,"Longitude":139.5590849},"Nid":1631131922,"Wid":150181342}
{"Coordinate":{"Latitude":35.7234327,"Longitude":139.5595883},"Nid":1631131948,"Wid":150181342}
{"Coordinate":{"Latitude":35.7437879,"Longitude":139.5740496},"Nid":1311921152,"Wid":106289671}
{"Coordinate":{"Latitude":35.7437879,"Longitude":139.5740496},"Nid":1311921152,"Wid":106289671}
{"Coordinate":{"Latitude":35.7437614,"Longitude":139.5760243},"Nid":1223317360,"Wid":106289671}
{"Coordinate":{"Latitude":35.7437614,"Longitude":139.5760243},"Nid":1223317360,"Wid":106289671}
{"Coordinate":{"Latitude":35.7437426,"Longitude":139.5764128},"Nid":1311921953,"Wid":106289671}
{"Coordinate":{"Latitude":35.7378907,"Longitude":139.5638488},"Nid":1553861875,"Wid":141955803}
{"Coordinate":{"Latitude":35.7363257,"Longitude":139.5764753},"Nid":1110063205,"Wid":560465720}
{"Coordinate":{"Latitude":35.7086856,"Longitude":139.579711},"Nid":1742392184,"Wid":162328438}
{"Coordinate":{"Latitude":35.73541,"Longitude":139.556461},"Nid":1551896175,"Wid":141781182}
{"Coordinate":{"Latitude":35.7344128,"Longitude":139.5565861},"Nid":1551895566,"Wid":141781182}
{"Coordinate":{"Latitude":35.742933,"Longitude":139.5672728},"Nid":1553836093,"Wid":141952432}
{"Coordinate":{"Latitude":35.7447589,"Longitude":139.5455126},"Nid":1078676814,"Wid":69415124}
{"Coordinate":{"Latitude":35.7072628,"Longitude":139.533169},"Nid":735017613,"Wid":145230540}
{"Coordinate":{"Latitude":35.7090844,"Longitude":139.5332639},"Nid":735017732,"Wid":145230540}
{"Coordinate":{"Latitude":35.744278,"Longitude":139.5784033},"Nid":-2034186592,"Wid":678967914}
{"Coordinate":{"Latitude":35.743417,"Longitude":139.5780559},"Nid":1311923750,"Wid":678967914}
{"Coordinate":{"Latitude":35.7130439,"Longitude":139.5343528},"Nid":734949213,"Wid":141782640}
{"Coordinate":{"Latitude":35.7221255,"Longitude":139.5790382},"Nid":425344239,"Wid":149530790}
{"Coordinate":{"Latitude":35.7190395,"Longitude":139.5743037},"Nid":-1842359905,"Wid":292517576}
{"Coordinate":{"Latitude":35.7187239,"Longitude":139.5750336},"Nid":-1334283821,"Wid":292517576}
{"Coordinate":{"Latitude":35.7116625,"Longitude":139.5582498},"Nid":1632361101,"Wid":150303320}
{"Coordinate":{"Latitude":35.7404735,"Longitude":139.5782541},"Nid":1145265096,"Wid":564723772}
{"Coordinate":{"Latitude":35.7243835,"Longitude":139.5379783},"Nid":1629231338,"Wid":149986337}
{"Coordinate":{"Latitude":35.7089993,"Longitude":139.5443063},"Nid":1612886746,"Wid":145230377}
{"Coordinate":{"Latitude":35.7130228,"Longitude":139.5326652},"Nid":1732812033,"Wid":161290975}
