{"Coordinate":{"Latitude":35.7094303,"Longitude":139.5674445},"Nid":393724355,"Wid":145237154}
{"Coordinate":{"Latitude":35.7370121,"Longitude":139.5710812},"Nid":1311926170,"Wid":116357640}
{"Coordinate":{"Latitude":35.7376113,"Longitude":139.5715173},"Nid":1311928488,"Wid":116357640}
{"Coordinate":{"Latitude":35.7182321,"Longitude":139.5549424},"Nid":970391995,"Wid":145235442}
{"Coordinate":{"Latitude":35.7185968,"Longitude":139.5540458},"Nid":726444241,"Wid":145235442}
{"Coordinate":{"Latitude":35.720226,"Longitude":139.526877},"Nid":699581063,"Wid":55796511}
{"Coordinate":{"Latitude":35.7216686,"Longitude":139.5574616},"Nid":679185616,"Wid":141774999}
{"Coordinate":{"Latitude":35.7218136,"Longitude":139.5591807},"Nid":1551847218,"Wid":141774999}
{"Coordinate":{"Latitude":35.7295183,"Longitude":139.5232191},"Nid":733936916,"Wid":141765238}
{"Coordinate":{"Latitude":35.7279716,"Longitude":139.5347758},"Nid":734885872,"Wid":59264226}
{"Coordinate":{"Latitude":35.732587,"Longitude":139.551752},"Nid":1551894711,"Wid":141781057}
{"Coordinate":{"Latitude":35.7325231,"Longitude":139.5527595},"Nid":1551894697,"Wid":141781057}
{"Coordinate":{"Latitude":35.7251949,"Longitude":139.5593024},"Nid":1551847801,"Wid":563877356}
{"Coordinate":{"Latitude":35.7181849,"Longitude":139.5535636},"Nid":1615381207,"Wid":145235468}
{"Coordinate":{"Latitude":35.7185968,"Longitude":139.5540458},"Nid":726444241,"Wid":145235468}
{"Coordinate":{"Latitude":35.743417,"Longitude":139.5780559},"Nid":1311923750,"Wid":116359042}
{"Coordinate":{"Latitude":35.7426176,"Longitude":139.5776626},"Nid":1311925615,"Wid":116359042}
{"Coordinate":{"Latitude":35.7172043,"Longitude":139.5533296},"Nid":1586655158,"Wid":147676555}
{"Coordinate":{"Latitude":35.7174822,"Longitude":139.552741},"Nid":778224326,"Wid":147676555}
{"Coordinate":{"Latitude":35.7288713,"Longitude":139.5778619},"Nid":1162638758,"Wid":134677109}
{"Coordinate":{"Latitude":35.7288713,"Longitude":139.5778619},"Nid":1162638758,"Wid":134677109}
{"Coordinate":{"Latitude":35.7294524,"Longitude":139.5777218},"Nid":675752205,"Wid":134677109}
{"Coordinate":{"Latitude":35.7227435,"Longitude":139.5424685},"Nid":-1780039631,"Wid":244143274}
{"Coordinate":{"Latitude":35.7401941,"Longitude":139.5805294},"Nid":1311926828,"Wid":116357832}
{"Coordinate":{"Latitude":35.7394352,"Longitude":139.5806301},"Nid":1311920498,"Wid":116357832}
{"Coordinate":{"Latitude":35.7184044,"Longitude":139.5375266},"Nid":1551802919,"Wid":160202986}
{"Coordinate":{"Latitude":35.7282716,"Longitude":139.5360956},"Nid":734885877,"Wid":59264249}
{"Coordinate":{"Latitude":35.7180195,"Longitude":139.5445708},"Nid":1608830750,"Wid":147681795}
{"Coordinate":{"Latitude":35.7410082,"Longitude":139.5718869},"Nid":-1816472294,"Wid":282952689}
{"Coordinate":{"Latitude":35.7254645,"Longitude":139.5447068},"Nid":1551847831,"Wid":141775137}
{"Coordinate":{"Latitude":35.7271873,"Longitude":139.544081},"Nid":1551848055,"Wid":141775137}
{"Coordinate":{"Latitude":35.7111005,"Longitude":139.5514818},"Nid":1611617947,"Wid":148052355}
{"Coordinate":{"Latitude":35.7111322,"Longitude":139.5511845},"Nid":1611617953,"Wid":148052355}
{"Coordinate":{"Latitude":35.7144067,"Longitude":139.5413886},"Nid":1614273961,"Wid":148319894}
{"Coordinate":{"Latitude":35.7137394,"Longitude":139.540971},"Nid":1551802702,"Wid":148319894}
{"Coordinate":{"Latitude":35.7267326,"Longitude":139.5741442},"Nid":1311961070,"Wid":116367958}
{"Coordinate":{"Latitude":35.7269301,"Longitude":139.5729153},"Nid":1311928143,"Wid":116367958}
{"Coordinate":{"Latitude":35.7376605,"Longitude":139.549588},"Nid":1553861843,"Wid":141955833}
{"Coordinate":{"Latitude":35.7385597,"Longitude":139.5499761},"Nid":1553862114,"Wid":141955833}
{"Coordinate":{"Latitude":35.7246896,"Longitude":139.5246894},"Nid":700873371,"Wid":55796521}
{"Coordinate":{"Latitude":35.7437648,"Longitude":139.5233586},"Nid":827955183,"Wid":279941681}
{"Coordinate":{"Latitude":35.72537,"Longitude":139.547704},"Nid":1551847812,"Wid":153168572}
{"Coordinate":{"Latitude":35.7425057,"Longitude":139.5375642},"Nid":730213080,"Wid":249366799}
{"Coordinate":{"Latitude":35.742411,"Longitude":139.5386531},"Nid":-2017823863,"Wid":249366799}
{"Coordinate":{"Latitude":35.730655,"Longitude":139.5402154},"Nid":1551894027,"Wid":141964178}
{"Coordinate":{"Latitude":35.7215698,"Longitude":139.5414419},"Nid":2045633114,"Wid":194053351}
