{"Coordinate":{"Latitude":35.7226416,"Longitude":139.5264835},"Nid":699533021,"Wid":141765241}
{"Coordinate":{"Latitude":35.7217459,"Longitude":139.524992},"Nid":699532975,"Wid":141765241}
{"Coordinate":{"Latitude":35.7256752,"Longitude":139.579701},"Nid":1161704141,"Wid":100818195}
{"Coordinate":{"Latitude":35.7245673,"Longitude":139.5799142},"Nid":1165206541,"Wid":100818195}
{"Coordinate":{"Latitude":35.7440438,"Longitude":139.5580419},"Nid":1222667803,"Wid":574910623}
{"Coordinate":{"Latitude":35.7440438,"Longitude":139.5580419},"Nid":1222667803,"Wid":574910623}
{"Coordinate":{"Latitude":35.7188843,"Longitude":139.5422492},"Nid":1623748391,"Wid":149387525}
{"Coordinate":{"Latitude":35.7401221,"Longitude":139.5798749},"Nid":1311921024,"Wid":565829826}
{"Coordinate":{"Latitude":35.7394678,"Longitude":139.5743772},"Nid":1311923559,"Wid":116357897}
{"Coordinate":{"Latitude":35.7405343,"Longitude":139.5744156},"Nid":-1816472289,"Wid":116357897}
{"Coordinate":{"Latitude":35.7289914,"Longitude":139.5644007},"Nid":1354233452,"Wid":141780890}
{"Coordinate":{"Latitude":35.7054619,"Longitude":139.5410731},"Nid":1767386177,"Wid":165176325}
{"Coordinate":{"Latitude":35.7071427,"Longitude":139.5222249},"Nid":-2131083928,"Wid":206381421}
{"Coordinate":{"Latitude":35.718553,"Longitude":139.5459384},"Nid":1551735974,"Wid":141759558}
{"Coordinate":{"Latitude":35.7189247,"Longitude":139.545833},"Nid":1624984946,"Wid":141759558}
{"Coordinate":{"Latitude":35.7256752,"Longitude":139.579701},"Nid":1161704141,"Wid":100490627}
{"Coordinate":{"Latitude":35.7223748,"Longitude":139.546689},"Nid":1551847246,"Wid":144553418}
{"Coordinate":{"Latitude":35.7245237,"Longitude":139.5438275},"Nid":1551803975,"Wid":141765014}
{"Coordinate":{"Latitude":35.7238729,"Longitude":139.5443479},"Nid":1551803846,"Wid":141765014}
