{"Coordinate":{"Latitude":35.7121452,"Longitude":139.560214},"Nid":1586680660,"Wid":148952014}
{"Coordinate":{"Latitude":35.7079604,"Longitude":139.5278464},"Nid":1611613364,"Wid":145230560}
{"Coordinate":{"Latitude":35.7075931,"Longitude":139.5313805},"Nid":1586623233,"Wid":145230560}
{"Coordinate":{"Latitude":35.7075931,"Longitude":139.5313805},"Nid":1586623233,"Wid":145230560}
{"Coordinate":{"Latitude":35.7075086,"Longitude":139.5321935},"Nid":1675757213,"Wid":145230560}
{"Coordinate":{"Latitude":35.7209061,"Longitude":139.5312241},"Nid":1551803256,"Wid":141764990}
{"Coordinate":{"Latitude":35.7205633,"Longitude":139.5311017},"Nid":1551803210,"Wid":141764990}
{"Coordinate":{"Latitude":35.727817,"Longitude":139.543249},"Nid":-1806798936,"Wid":241113278}
{"Coordinate":{"Latitude":35.7278612,"Longitude":139.5436236},"Nid":1551893337,"Wid":241113278}
{"Coordinate":{"Latitude":35.7094757,"Longitude":139.5389709},"Nid":1650163510,"Wid":152180877}
{"Coordinate":{"Latitude":35.7362715,"Longitude":139.5496523},"Nid":1551896485,"Wid":141781250}
{"Coordinate":{"Latitude":35.7376605,"Longitude":139.549588},"Nid":1553861843,"Wid":141781250}
{"Coordinate":{"Latitude":35.7064527,"Longitude":139.5605143},"Nid":369672414,"Wid":145238468}
{"Coordinate":{"Latitude":35.7079604,"Longitude":139.5278464},"Nid":1611613364,"Wid":148051479}
{"Coordinate":{"Latitude":35.7080141,"Longitude":139.5273433},"Nid":1611613372,"Wid":148051479}
{"Coordinate":{"Latitude":35.7081244,"Longitude":139.5262189},"Nid":1611613381,"Wid":148051479}
{"Coordinate":{"Latitude":35.7081244,"Longitude":139.5262189},"Nid":1611613381,"Wid":148051479}
{"Coordinate":{"Latitude":35.7426388,"Longitude":139.554383},"Nid":1553836052,"Wid":141952391}
{"Coordinate":{"Latitude":35.7423107,"Longitude":139.5505248},"Nid":-1426097627,"Wid":59199788}
{"Coordinate":{"Latitude":35.7423107,"Longitude":139.5505248},"Nid":-1426097627,"Wid":59199788}
{"Coordinate":{"Latitude":35.7416739,"Longitude":139.550174},"Nid":734176336,"Wid":59199788}
{"Coordinate":{"Latitude":35.7075931,"Longitude":139.5313805},"Nid":1586623233,"Wid":367957525}
{"Coordinate":{"Latitude":35.7060377,"Longitude":139.5599566},"Nid":1126002188,"Wid":145238452}
{"Coordinate":{"Latitude":35.7059334,"Longitude":139.5602159},"Nid":683867689,"Wid":145238452}
{"Coordinate":{"Latitude":35.743302,"Longitude":139.567075},"Nid":1553836165,"Wid":141952497}
{"Coordinate":{"Latitude":35.742933,"Longitude":139.5672728},"Nid":1553836093,"Wid":141952497}
{"Coordinate":{"Latitude":35.7069112,"Longitude":139.5497519},"Nid":1610091168,"Wid":147858871}
{"Coordinate":{"Latitude":35.7193519,"Longitude":139.5340882},"Nid":1626529053,"Wid":149705071}
{"Coordinate":{"Latitude":35.7137151,"Longitude":139.5361671},"Nid":734949245,"Wid":59272261}
{"Coordinate":{"Latitude":35.7249053,"Longitude":139.5364147},"Nid":1629231372,"Wid":149986352}
{"Coordinate":{"Latitude":35.7252091,"Longitude":139.5363676},"Nid":1629231391,"Wid":149986352}
{"Coordinate":{"Latitude":35.7278809,"Longitude":139.5367996},"Nid":1629902499,"Wid":150057370}
{"Coordinate":{"Latitude":35.7290416,"Longitude":139.5379714},"Nid":734896488,"Wid":141963828}
{"Coordinate":{"Latitude":35.7174425,"Longitude":139.5374697},"Nid":1618654681,"Wid":148789905}
