{"Coordinate":{"Latitude":35.7082649,"Longitude":139.5629248},"Nid":-1780046081,"Wid":244142413}
{"Coordinate":{"Latitude":35.7199839,"Longitude":139.5533816},"Nid":1551736358,"Wid":141759457}
{"Coordinate":{"Latitude":35.7206311,"Longitude":139.5547759},"Nid":1551736547,"Wid":141759601}
{"Coordinate":{"Latitude":35.7194105,"Longitude":139.5529866},"Nid":678573901,"Wid":141759601}
{"Coordinate":{"Latitude":35.740401,"Longitude":139.5705818},"Nid":1311923406,"Wid":116357630}
{"Coordinate":{"Latitude":35.7405647,"Longitude":139.5691906},"Nid":1311922689,"Wid":116357630}
{"Coordinate":{"Latitude":35.7431295,"Longitude":139.5214542},"Nid":-2107097418,"Wid":240215039}
{"Coordinate":{"Latitude":35.7323938,"Longitude":139.5283272},"Nid":1553901281,"Wid":141964343}
{"Coordinate":{"Latitude":35.7064527,"Longitude":139.5605143},"Nid":369672414,"Wid":702157878}
{"Coordinate":{"Latitude":35.7059334,"Longitude":139.5602159},"Nid":683867689,"Wid":702157878}
{"Coordinate":{"Latitude":35.7046888,"Longitude":139.5452282},"Nid":1586623142,"Wid":148183094}
{"Coordinate":{"Latitude":35.7047302,"Longitude":139.5445722},"Nid":1612886595,"Wid":148183094}
{"Coordinate":{"Latitude":35.7360505,"Longitude":139.5340856},"Nid":1553901427,"Wid":141964084}
{"Coordinate":{"Latitude":35.737037,"Longitude":139.53367},"Nid":1553901506,"Wid":141964084}
{"Coordinate":{"Latitude":35.7252142,"Longitude":139.5600123},"Nid":1551847804,"Wid":141775043}
{"Coordinate":{"Latitude":35.7261262,"Longitude":139.5600505},"Nid":1551847925,"Wid":141775043}
{"Coordinate":{"Latitude":35.7271542,"Longitude":139.5417619},"Nid":1629902330,"Wid":548851143}
{"Coordinate":{"Latitude":35.740401,"Longitude":139.5705818},"Nid":1311923406,"Wid":116358076}
{"Coordinate":{"Latitude":35.7187703,"Longitude":139.5450327},"Nid":1624984943,"Wid":149530327}
{"Coordinate":{"Latitude":35.7189247,"Longitude":139.545833},"Nid":1624984946,"Wid":149530327}
{"Coordinate":{"Latitude":35.730657,"Longitude":139.5649982},"Nid":1551894021,"Wid":141781160}
{"Coordinate":{"Latitude":35.7325822,"Longitude":139.5611235},"Nid":1551894701,"Wid":141781235}
{"Coordinate":{"Latitude":35.7059418,"Longitude":139.5509955},"Nid":1600790274,"Wid":147858869}
{"Coordinate":{"Latitude":35.7195965,"Longitude":139.5444211},"Nid":1609649297,"Wid":147778569}
{"Coordinate":{"Latitude":35.7056216,"Longitude":139.5775785},"Nid":982125423,"Wid":150301665}
{"Coordinate":{"Latitude":35.74071,"Longitude":139.5720281},"Nid":-2034152694,"Wid":116358161}
{"Coordinate":{"Latitude":35.7056014,"Longitude":139.5521916},"Nid":1600790270,"Wid":146847636}
