{"Coordinate":{"Latitude":35.7052436,"Longitude":139.5291211},"Nid":567872094,"Wid":328858221}
{"Coordinate":{"Latitude":35.7052436,"Longitude":139.5291211},"Nid":567872094,"Wid":328858221}
{"Coordinate":{"Latitude":35.7052789,"Longitude":139.5313823},"Nid":567871855,"Wid":328858221}
{"Coordinate":{"Latitude":35.7140139,"Longitude":139.5313557},"Nid":701730557,"Wid":55885153}
{"Coordinate":{"Latitude":35.7377216,"Longitude":139.5264912},"Nid":682898316,"Wid":141964261}
{"Coordinate":{"Latitude":35.7396379,"Longitude":139.5291397},"Nid":682898323,"Wid":141964261}
{"Coordinate":{"Latitude":35.7355678,"Longitude":139.5445682},"Nid":-1769707842,"Wid":245303714}
{"Coordinate":{"Latitude":35.732874,"Longitude":139.5452641},"Nid":1551894790,"Wid":141780969}
{"Coordinate":{"Latitude":35.7337416,"Longitude":139.5455168},"Nid":1551895179,"Wid":141780969}
{"Coordinate":{"Latitude":35.7287645,"Longitude":139.5624955},"Nid":1551848292,"Wid":141775157}
{"Coordinate":{"Latitude":35.7277031,"Longitude":139.5629932},"Nid":1551848098,"Wid":141775157}
{"Coordinate":{"Latitude":35.7199199,"Longitude":139.5791041},"Nid":419796720,"Wid":100842460}
{"Coordinate":{"Latitude":35.7408247,"Longitude":139.5544428},"Nid":734176355,"Wid":141952507}
{"Coordinate":{"Latitude":35.7407322,"Longitude":139.5568132},"Nid":734176424,"Wid":141952507}
{"Coordinate":{"Latitude":35.7415201,"Longitude":139.553491},"Nid":1553835793,"Wid":141952500}
{"Coordinate":{"Latitude":35.7342783,"Longitude":139.5318717},"Nid":1553901370,"Wid":141964231}
{"Coordinate":{"Latitude":35.7349174,"Longitude":139.5328019},"Nid":1553901380,"Wid":141964231}
{"Coordinate":{"Latitude":35.7187518,"Longitude":139.5552406},"Nid":1586655190,"Wid":145235440}
{"Coordinate":{"Latitude":35.7295192,"Longitude":139.5563856},"Nid":1551893578,"Wid":141781110}
{"Coordinate":{"Latitude":35.704047,"Longitude":139.5633817},"Nid":683867674,"Wid":34322460}
{"Coordinate":{"Latitude":35.704047,"Longitude":139.5633817},"Nid":683867674,"Wid":34322460}
{"Coordinate":{"Latitude":35.7183703,"Longitude":139.532611},"Nid":1618620773,"Wid":148789403}
{"Coordinate":{"Latitude":35.7182773,"Longitude":139.5321745},"Nid":1618620742,"Wid":148789403}
{"Coordinate":{"Latitude":35.7421616,"Longitude":139.5576584},"Nid":1129805174,"Wid":562764580}
{"Coordinate":{"Latitude":35.7422786,"Longitude":139.5583994},"Nid":1553835981,"Wid":562764580}
{"Coordinate":{"Latitude":35.7384124,"Longitude":139.5696032},"Nid":-1426343157,"Wid":680041070}
{"Coordinate":{"Latitude":35.7410082,"Longitude":139.5718869},"Nid":-1816472294,"Wid":240074735}
{"Coordinate":{"Latitude":35.7390335,"Longitude":139.5711105},"Nid":1311923221,"Wid":116357683}
{"Coordinate":{"Latitude":35.7347069,"Longitude":139.5220484},"Nid":682898270,"Wid":179461548}
{"Coordinate":{"Latitude":35.7424091,"Longitude":139.5599696},"Nid":-2070819771,"Wid":243113821}
{"Coordinate":{"Latitude":35.7401941,"Longitude":139.5805294},"Nid":1311926828,"Wid":565829835}
