{"Coordinate":{"Latitude":35.7103296,"Longitude":139.5793285},"Nid":1717644046,"Wid":159646869}
{"Coordinate":{"Latitude":35.7099347,"Longitude":139.5803546},"Nid":1165431861,"Wid":159646869}
{"Coordinate":{"Latitude":35.7099347,"Longitude":139.5803546},"Nid":1165431861,"Wid":159646869}
{"Coordinate":{"Latitude":35.7442853,"Longitude":139.5439709},"Nid":1078676871,"Wid":93059780}
{"Coordinate":{"Latitude":35.7224311,"Longitude":139.5446946},"Nid":1551803505,"Wid":141765110}
{"Coordinate":{"Latitude":35.722857,"Longitude":139.545124},"Nid":1551803577,"Wid":141765110}
{"Coordinate":{"Latitude":35.739204,"Longitude":139.541065},"Nid":1553901634,"Wid":141963815}
{"Coordinate":{"Latitude":35.7167615,"Longitude":139.5715747},"Nid":1586680811,"Wid":145237019}
{"Coordinate":{"Latitude":35.7415201,"Longitude":139.553491},"Nid":1553835793,"Wid":141952484}
{"Coordinate":{"Latitude":35.7423903,"Longitude":139.5533754},"Nid":1553835985,"Wid":141952484}
{"Coordinate":{"Latitude":35.7188049,"Longitude":139.5750496},"Nid":410119166,"Wid":145236931}
{"Coordinate":{"Latitude":35.7190547,"Longitude":139.5446123},"Nid":1609649236,"Wid":149530322}
{"Coordinate":{"Latitude":35.7104975,"Longitude":139.5537202},"Nid":1610603335,"Wid":145235444}
{"Coordinate":{"Latitude":35.7113726,"Longitude":139.5543659},"Nid":1610603345,"Wid":145235444}
{"Coordinate":{"Latitude":35.7113726,"Longitude":139.5543659},"Nid":1610603345,"Wid":145235444}
{"Coordinate":{"Latitude":35.7183811,"Longitude":139.536251},"Nid":1007093518,"Wid":548851158}
{"Coordinate":{"Latitude":35.7059348,"Longitude":139.5479841},"Nid":1611666873,"Wid":148057725}
{"Coordinate":{"Latitude":35.7380221,"Longitude":139.5476289},"Nid":1553861952,"Wid":141955752}
{"Coordinate":{"Latitude":35.7370944,"Longitude":139.5476971},"Nid":1551896962,"Wid":141955752}
{"Coordinate":{"Latitude":35.7197165,"Longitude":139.5517256},"Nid":-1500466173,"Wid":274782181}
{"Coordinate":{"Latitude":35.7191291,"Longitude":139.555192},"Nid":1586655194,"Wid":145235500}
{"Coordinate":{"Latitude":35.7224571,"Longitude":139.5407735},"Nid":1651415432,"Wid":152314399}
{"Coordinate":{"Latitude":35.7225101,"Longitude":139.5390167},"Nid":1651415445,"Wid":152314399}
{"Coordinate":{"Latitude":35.7108281,"Longitude":139.5525313},"Nid":1586654890,"Wid":145235514}
{"Coordinate":{"Latitude":35.7266838,"Longitude":139.5304397},"Nid":734885813,"Wid":174398409}
