{"Coordinate":{"Latitude":35.7384002,"Longitude":139.5600932},"Nid":1553862064,"Wid":141955809}
{"Coordinate":{"Latitude":35.7373298,"Longitude":139.5614952},"Nid":1553861799,"Wid":141955809}
{"Coordinate":{"Latitude":35.7050036,"Longitude":139.5600555},"Nid":1112907131,"Wid":96054580}
{"Coordinate":{"Latitude":35.7247285,"Longitude":139.5504547},"Nid":1551847676,"Wid":260419783}
{"Coordinate":{"Latitude":35.7093933,"Longitude":139.5244914},"Nid":1944306702,"Wid":206381409}
{"Coordinate":{"Latitude":35.7267823,"Longitude":139.5437177},"Nid":1629902271,"Wid":282863997}
{"Coordinate":{"Latitude":35.7131351,"Longitude":139.5684505},"Nid":554186572,"Wid":186901878}
{"Coordinate":{"Latitude":35.7305832,"Longitude":139.5677935},"Nid":1551894001,"Wid":637951792}
{"Coordinate":{"Latitude":35.7066029,"Longitude":139.5321335},"Nid":1586623198,"Wid":145230528}
{"Coordinate":{"Latitude":35.711216,"Longitude":139.5803902},"Nid":410119156,"Wid":34322464}
{"Coordinate":{"Latitude":35.7093015,"Longitude":139.5793848},"Nid":393724357,"Wid":34322464}
{"Coordinate":{"Latitude":35.724813,"Longitude":139.547949},"Nid":1551847697,"Wid":153168568}
{"Coordinate":{"Latitude":35.7189247,"Longitude":139.545833},"Nid":1624984946,"Wid":149530316}
{"Coordinate":{"Latitude":35.7221265,"Longitude":139.5323581},"Nid":734949516,"Wid":141764975}
{"Coordinate":{"Latitude":35.7227149,"Longitude":139.5328846},"Nid":1625003089,"Wid":141764975}
{"Coordinate":{"Latitude":35.7409249,"Longitude":139.5757481},"Nid":1311928914,"Wid":637194387}
{"Coordinate":{"Latitude":35.7098652,"Longitude":139.5440784},"Nid":1611617775,"Wid":148052369}
{"Coordinate":{"Latitude":35.7104001,"Longitude":139.5441678},"Nid":1611617853,"Wid":148052369}
