{"Coordinate":{"Latitude":35.7162591,"Longitude":139.5426591},"Nid":1551735806,"Wid":148319847}
{"Coordinate":{"Latitude":35.7162282,"Longitude":139.5421752},"Nid":1614274040,"Wid":148319847}
{"Coordinate":{"Latitude":35.7079198,"Longitude":139.5407616},"Nid":1651318496,"Wid":401025586}
{"Coordinate":{"Latitude":35.7201133,"Longitude":139.5331327},"Nid":1626529077,"Wid":149705045}
{"Coordinate":{"Latitude":35.7212504,"Longitude":139.5669864},"Nid":679185650,"Wid":157511389}
{"Coordinate":{"Latitude":35.7226514,"Longitude":139.5623821},"Nid":1551847318,"Wid":141775034}
{"Coordinate":{"Latitude":35.7377261,"Longitude":139.5783052},"Nid":1223378327,"Wid":240074739}
{"Coordinate":{"Latitude":35.7381603,"Longitude":139.5788918},"Nid":-1816472317,"Wid":240074739}
{"Coordinate":{"Latitude":35.7115504,"Longitude":139.5486579},"Nid":1611618002,"Wid":148052358}
{"Coordinate":{"Latitude":35.7088255,"Longitude":139.5225694},"Nid":1611613539,"Wid":148052412}
{"Coordinate":{"Latitude":35.7323315,"Longitude":139.5804043},"Nid":1223788787,"Wid":106337509}
{"Coordinate":{"Latitude":35.7341554,"Longitude":139.5799338},"Nid":1311927821,"Wid":106337509}
{"Coordinate":{"Latitude":35.7065306,"Longitude":139.5783827},"Nid":1381247868,"Wid":33036481}
{"Coordinate":{"Latitude":35.7271229,"Longitude":139.5800643},"Nid":475856446,"Wid":100492847}
{"Coordinate":{"Latitude":35.7131351,"Longitude":139.5684505},"Nid":554186572,"Wid":145238484}
{"Coordinate":{"Latitude":35.7426377,"Longitude":139.5240508},"Nid":1339795093,"Wid":208497825}
{"Coordinate":{"Latitude":35.7137995,"Longitude":139.5666552},"Nid":544473437,"Wid":43322632}
{"Coordinate":{"Latitude":35.7161481,"Longitude":139.5679826},"Nid":393724371,"Wid":43322632}
{"Coordinate":{"Latitude":35.7382699,"Longitude":139.5797118},"Nid":-260000230,"Wid":401020278}
{"Coordinate":{"Latitude":35.7130221,"Longitude":139.5435466},"Nid":-1632096683,"Wid":260722821}
{"Coordinate":{"Latitude":35.7163893,"Longitude":139.5749543},"Nid":1586680807,"Wid":145236961}
{"Coordinate":{"Latitude":35.7167962,"Longitude":139.5739791},"Nid":475856436,"Wid":145236961}
{"Coordinate":{"Latitude":35.722785,"Longitude":139.5582482},"Nid":1551847341,"Wid":150181323}
