{"Coordinate":{"Latitude":35.7329553,"Longitude":139.5743045},"Nid":1311927185,"Wid":116358426}
{"Coordinate":{"Latitude":35.7331993,"Longitude":139.575766},"Nid":-1426353900,"Wid":116358426}
{"Coordinate":{"Latitude":35.704123,"Longitude":139.5732155},"Nid":366812886,"Wid":178772547}
{"Coordinate":{"Latitude":35.7045967,"Longitude":139.5716218},"Nid":366812911,"Wid":178772547}
{"Coordinate":{"Latitude":35.7045967,"Longitude":139.5716218},"Nid":366812911,"Wid":178772547}
{"Coordinate":{"Latitude":35.7053291,"Longitude":139.5691492},"Nid":369672535,"Wid":178772547}
{"Coordinate":{"Latitude":35.7054798,"Longitude":139.5686518},"Nid":369672532,"Wid":178772547}
{"Coordinate":{"Latitude":35.7199281,"Longitude":139.549309},"Nid":1551736350,"Wid":141759413}
{"Coordinate":{"Latitude":35.7212138,"Longitude":139.5493199},"Nid":1551736727,"Wid":141759413}
{"Coordinate":{"Latitude":35.7265237,"Longitude":139.5515464},"Nid":1551847985,"Wid":141774904}
{"Coordinate":{"Latitude":35.7390218,"Longitude":139.5454932},"Nid":-1426540624,"Wid":548848906}
{"Coordinate":{"Latitude":35.7296757,"Longitude":139.5527522},"Nid":1551893630,"Wid":598613832}
{"Coordinate":{"Latitude":35.7133744,"Longitude":139.5398365},"Nid":1650178028,"Wid":152181635}
{"Coordinate":{"Latitude":35.7132517,"Longitude":139.539354},"Nid":1650178016,"Wid":152181635}
{"Coordinate":{"Latitude":35.7296757,"Longitude":139.5527522},"Nid":1551893630,"Wid":141780990}
{"Coordinate":{"Latitude":35.7296757,"Longitude":139.5527522},"Nid":1551893630,"Wid":141780990}
{"Coordinate":{"Latitude":35.7297156,"Longitude":139.5520292},"Nid":1480367034,"Wid":141780990}
{"Coordinate":{"Latitude":35.7065306,"Longitude":139.5783827},"Nid":1381247868,"Wid":150301662}
{"Coordinate":{"Latitude":35.7231315,"Longitude":139.5546614},"Nid":1551847407,"Wid":141775126}
{"Coordinate":{"Latitude":35.7354394,"Longitude":139.5638818},"Nid":1551896178,"Wid":141781085}
{"Coordinate":{"Latitude":35.7346799,"Longitude":139.5641228},"Nid":1551895738,"Wid":141781085}
{"Coordinate":{"Latitude":35.7225212,"Longitude":139.5545479},"Nid":1551847294,"Wid":141759544}
{"Coordinate":{"Latitude":35.721733,"Longitude":139.5546049},"Nid":1551736901,"Wid":141759544}
{"Coordinate":{"Latitude":35.711161,"Longitude":139.5710474},"Nid":536666738,"Wid":145237051}
