{"Coordinate":{"Latitude":35.7149686,"Longitude":139.5801245},"Nid":452504592,"Wid":38324512}
{"Coordinate":{"Latitude":35.7394331,"Longitude":139.5340095},"Nid":682898341,"Wid":141963811}
{"Coordinate":{"Latitude":35.7181511,"Longitude":139.5354244},"Nid":1722664823,"Wid":160202978}
{"Coordinate":{"Latitude":35.7163454,"Longitude":139.5351998},"Nid":1722664812,"Wid":160202978}
{"Coordinate":{"Latitude":35.7131366,"Longitude":139.5552453},"Nid":1586655017,"Wid":148951998}
{"Coordinate":{"Latitude":35.7131379,"Longitude":139.5362571},"Nid":1650196469,"Wid":152183178}
{"Coordinate":{"Latitude":35.7377261,"Longitude":139.5783052},"Nid":1223378327,"Wid":680691791}
{"Coordinate":{"Latitude":35.7282602,"Longitude":139.560065},"Nid":1551848212,"Wid":141775110}
{"Coordinate":{"Latitude":35.7283964,"Longitude":139.5528435},"Nid":1621368169,"Wid":149115205}
{"Coordinate":{"Latitude":35.7108104,"Longitude":139.542812},"Nid":1586654889,"Wid":145235526}
{"Coordinate":{"Latitude":35.711882,"Longitude":139.543088},"Nid":1586654947,"Wid":145235526}
{"Coordinate":{"Latitude":35.742411,"Longitude":139.5386531},"Nid":-2017823863,"Wid":218467132}
{"Coordinate":{"Latitude":35.7360203,"Longitude":139.5629614},"Nid":1551896393,"Wid":141781068}
{"Coordinate":{"Latitude":35.7368726,"Longitude":139.5631738},"Nid":1551896888,"Wid":141781068}
{"Coordinate":{"Latitude":35.7196607,"Longitude":139.5448521},"Nid":1551736247,"Wid":141759550}
{"Coordinate":{"Latitude":35.7190844,"Longitude":139.5449687},"Nid":1551736130,"Wid":141759550}
{"Coordinate":{"Latitude":35.7162014,"Longitude":139.5417526},"Nid":678573888,"Wid":141759666}
{"Coordinate":{"Latitude":35.721865,"Longitude":139.562199},"Nid":679185640,"Wid":141775042}
{"Coordinate":{"Latitude":35.7214166,"Longitude":139.5620535},"Nid":1354252109,"Wid":141775042}
{"Coordinate":{"Latitude":35.7197165,"Longitude":139.5517256},"Nid":-1500466173,"Wid":274782179}
{"Coordinate":{"Latitude":35.7190003,"Longitude":139.5436986},"Nid":1551736121,"Wid":149530313}
{"Coordinate":{"Latitude":35.7298044,"Longitude":139.5655694},"Nid":-1427220084,"Wid":282829820}
{"Coordinate":{"Latitude":35.7236244,"Longitude":139.5567877},"Nid":1551847439,"Wid":149116046}
