{"Coordinate":{"Latitude":35.7140139,"Longitude":139.5313557},"Nid":701730557,"Wid":55885157}
{"Coordinate":{"Latitude":35.7160691,"Longitude":139.5632645},"Nid":459451936,"Wid":95927763}
{"Coordinate":{"Latitude":35.7128729,"Longitude":139.5423092},"Nid":732097074,"Wid":145235398}
{"Coordinate":{"Latitude":35.7128729,"Longitude":139.5423092},"Nid":732097074,"Wid":145235398}
{"Coordinate":{"Latitude":35.744278,"Longitude":139.5784033},"Nid":-2034186592,"Wid":116357753}
{"Coordinate":{"Latitude":35.7250756,"Longitude":139.5612422},"Nid":1551847780,"Wid":141775096}
{"Coordinate":{"Latitude":35.7252142,"Longitude":139.5600123},"Nid":1551847804,"Wid":141775096}
{"Coordinate":{"Latitude":35.7268247,"Longitude":139.5360823},"Nid":734896341,"Wid":59265527}
{"Coordinate":{"Latitude":35.7446245,"Longitude":139.5541734},"Nid":1552913290,"Wid":141878012}
{"Coordinate":{"Latitude":35.74328,"Longitude":139.554362},"Nid":1552913238,"Wid":141878012}
{"Coordinate":{"Latitude":35.7375155,"Longitude":139.5225028},"Nid":827955191,"Wid":54144454}
{"Coordinate":{"Latitude":35.713782,"Longitude":139.5273165},"Nid":688501141,"Wid":614134015}
{"Coordinate":{"Latitude":35.7235628,"Longitude":139.5502194},"Nid":1551847457,"Wid":145201258}
{"Coordinate":{"Latitude":35.7242318,"Longitude":139.5492908},"Nid":1551847598,"Wid":145201258}
{"Coordinate":{"Latitude":35.7241352,"Longitude":139.521955},"Nid":699581022,"Wid":632687309}
{"Coordinate":{"Latitude":35.7247715,"Longitude":139.547471},"Nid":1658857834,"Wid":153168535}
{"Coordinate":{"Latitude":35.730816,"Longitude":139.5814457},"Nid":-1427220048,"Wid":282829862}
{"Coordinate":{"Latitude":35.7329044,"Longitude":139.5435143},"Nid":1551894807,"Wid":141780960}
{"Coordinate":{"Latitude":35.7320834,"Longitude":139.5434921},"Nid":1551894474,"Wid":141780960}
{"Coordinate":{"Latitude":35.715479,"Longitude":139.5334847},"Nid":1551802772,"Wid":152300591}
{"Coordinate":{"Latitude":35.730525,"Longitude":139.540953},"Nid":1551893958,"Wid":339705722}
{"Coordinate":{"Latitude":35.7052436,"Longitude":139.5291211},"Nid":567872094,"Wid":44778737}
{"Coordinate":{"Latitude":35.7433499,"Longitude":139.5608541},"Nid":1553836175,"Wid":141952393}
