{"Coordinate":{"Latitude":35.728315,"Longitude":139.5728353},"Nid":1311926577,"Wid":116358271}
{"Coordinate":{"Latitude":35.7217505,"Longitude":139.5441889},"Nid":1551736920,"Wid":152314386}
{"Coordinate":{"Latitude":35.7347038,"Longitude":139.5448728},"Nid":-1769707854,"Wid":245303721}
{"Coordinate":{"Latitude":35.7243835,"Longitude":139.5379783},"Nid":1629231338,"Wid":149986381}
{"Coordinate":{"Latitude":35.7251967,"Longitude":139.5383407},"Nid":1629231389,"Wid":149986381}
{"Coordinate":{"Latitude":35.7074642,"Longitude":139.5217747},"Nid":1327464569,"Wid":541343360}
{"Coordinate":{"Latitude":35.7085334,"Longitude":139.527897},"Nid":-1500459458,"Wid":503705483}
{"Coordinate":{"Latitude":35.7085979,"Longitude":139.527035},"Nid":827982768,"Wid":503705483}
{"Coordinate":{"Latitude":35.7143312,"Longitude":139.5337039},"Nid":734949252,"Wid":152300596}
{"Coordinate":{"Latitude":35.7217191,"Longitude":139.5434087},"Nid":-1780039671,"Wid":244143269}
{"Coordinate":{"Latitude":35.7071119,"Longitude":139.5787461},"Nid":372387090,"Wid":150301663}
{"Coordinate":{"Latitude":35.7232215,"Longitude":139.5408418},"Nid":1551803623,"Wid":184601433}
{"Coordinate":{"Latitude":35.7216686,"Longitude":139.5574616},"Nid":679185616,"Wid":141775038}
{"Coordinate":{"Latitude":35.7223425,"Longitude":139.5575467},"Nid":1551847254,"Wid":141775038}
{"Coordinate":{"Latitude":35.7223425,"Longitude":139.5575467},"Nid":1551847254,"Wid":141775038}
{"Coordinate":{"Latitude":35.7228158,"Longitude":139.5575788},"Nid":1551847358,"Wid":141775038}
{"Coordinate":{"Latitude":35.7442236,"Longitude":139.5586823},"Nid":684245015,"Wid":54254258}
{"Coordinate":{"Latitude":35.7251967,"Longitude":139.5383407},"Nid":1629231389,"Wid":157512063}
{"Coordinate":{"Latitude":35.7251776,"Longitude":139.5390167},"Nid":734896407,"Wid":157512063}
{"Coordinate":{"Latitude":35.735437,"Longitude":139.5453475},"Nid":-1769707844,"Wid":245303725}
{"Coordinate":{"Latitude":35.7357063,"Longitude":139.5454994},"Nid":-1769707840,"Wid":245303725}
{"Coordinate":{"Latitude":35.7261535,"Longitude":139.5350497},"Nid":734896331,"Wid":149986339}
