{"Coordinate":{"Latitude":35.709844,"Longitude":139.566245},"Nid":1586680478,"Wid":145238536}
{"Coordinate":{"Latitude":35.7097717,"Longitude":139.566483},"Nid":1621355341,"Wid":145238536}
{"Coordinate":{"Latitude":35.7096417,"Longitude":139.5668567},"Nid":1586680454,"Wid":145238536}
{"Coordinate":{"Latitude":35.7094303,"Longitude":139.5674445},"Nid":393724355,"Wid":145238536}
{"Coordinate":{"Latitude":35.7090682,"Longitude":139.568442},"Nid":1120806396,"Wid":145238536}
{"Coordinate":{"Latitude":35.7090682,"Longitude":139.568442},"Nid":1120806396,"Wid":145238536}
{"Coordinate":{"Latitude":35.7088928,"Longitude":139.5688991},"Nid":1120806418,"Wid":145238536}
{"Coordinate":{"Latitude":35.7305832,"Longitude":139.5677935},"Nid":1551894001,"Wid":141781069}
{"Coordinate":{"Latitude":35.7315586,"Longitude":139.5683131},"Nid":1551894223,"Wid":141781069}
{"Coordinate":{"Latitude":35.7380221,"Longitude":139.5476289},"Nid":1553861952,"Wid":141955788}
{"Coordinate":{"Latitude":35.7123547,"Longitude":139.5417729},"Nid":1650177975,"Wid":152181616}
{"Coordinate":{"Latitude":35.7340152,"Longitude":139.53379},"Nid":1553901353,"Wid":141963975}
{"Coordinate":{"Latitude":35.73312,"Longitude":139.5339769},"Nid":1553901326,"Wid":141963975}
{"Coordinate":{"Latitude":35.7412515,"Longitude":139.5498526},"Nid":734176299,"Wid":141952489}
{"Coordinate":{"Latitude":35.7400293,"Longitude":139.5485484},"Nid":734176360,"Wid":141952489}
{"Coordinate":{"Latitude":35.7334006,"Longitude":139.5793232},"Nid":1223378170,"Wid":116368009}
{"Coordinate":{"Latitude":35.7214166,"Longitude":139.5620535},"Nid":1354252109,"Wid":120877459}
{"Coordinate":{"Latitude":35.7212601,"Longitude":139.5619362},"Nid":1354252113,"Wid":120877459}
{"Coordinate":{"Latitude":35.7190755,"Longitude":139.5615042},"Nid":1586655193,"Wid":145235475}
{"Coordinate":{"Latitude":35.7335125,"Longitude":139.5505875},"Nid":1551895055,"Wid":141781154}
{"Coordinate":{"Latitude":35.7140027,"Longitude":139.5461294},"Nid":1586655079,"Wid":147853292}
{"Coordinate":{"Latitude":35.7056461,"Longitude":139.5470844},"Nid":1586623159,"Wid":145230387}
{"Coordinate":{"Latitude":35.7190173,"Longitude":139.5439814},"Nid":1624984950,"Wid":149530315}
{"Coordinate":{"Latitude":35.7198419,"Longitude":139.5720621},"Nid":2074222778,"Wid":197127603}
{"Coordinate":{"Latitude":35.7224311,"Longitude":139.5446946},"Nid":1551803505,"Wid":141764880}
{"Coordinate":{"Latitude":35.7283203,"Longitude":139.5386122},"Nid":1629902539,"Wid":150057346}
