{"Coordinate":{"Latitude":35.7071649,"Longitude":139.5383676},"Nid":700848637,"Wid":55794838}
{"Coordinate":{"Latitude":35.7097398,"Longitude":139.537622},"Nid":-1667018619,"Wid":55794838}
{"Coordinate":{"Latitude":35.7080426,"Longitude":139.557158},"Nid":1586699216,"Wid":145233220}
{"Coordinate":{"Latitude":35.7081129,"Longitude":139.5567346},"Nid":1679012149,"Wid":145233220}
{"Coordinate":{"Latitude":35.7081809,"Longitude":139.5563527},"Nid":1586634086,"Wid":145233220}
{"Coordinate":{"Latitude":35.7085996,"Longitude":139.5540858},"Nid":393724339,"Wid":145233220}
{"Coordinate":{"Latitude":35.7085996,"Longitude":139.5540858},"Nid":393724339,"Wid":145233220}
{"Coordinate":{"Latitude":35.7262528,"Longitude":139.529013},"Nid":734880114,"Wid":141765271}
{"Coordinate":{"Latitude":35.7251509,"Longitude":139.5286571},"Nid":-1415097610,"Wid":141765271}
{"Coordinate":{"Latitude":35.7302962,"Longitude":139.5217459},"Nid":733936929,"Wid":141765462}
{"Coordinate":{"Latitude":35.7302962,"Longitude":139.5217459},"Nid":733936929,"Wid":141765462}
{"Coordinate":{"Latitude":35.7296821,"Longitude":139.5392756},"Nid":-1635849351,"Wid":141765462}
{"Coordinate":{"Latitude":35.7296821,"Longitude":139.5392756},"Nid":-1635849351,"Wid":141765462}
{"Coordinate":{"Latitude":35.7116563,"Longitude":139.5366435},"Nid":1551929088,"Wid":141782651}
{"Coordinate":{"Latitude":35.7166257,"Longitude":139.5524851},"Nid":970335483,"Wid":147676565}
{"Coordinate":{"Latitude":35.7317533,"Longitude":139.5222627},"Nid":733936943,"Wid":59180466}
{"Coordinate":{"Latitude":35.7280323,"Longitude":139.578998},"Nid":-1643647273,"Wid":100555157}
{"Coordinate":{"Latitude":35.728732,"Longitude":139.5513243},"Nid":623351319,"Wid":141781155}
{"Coordinate":{"Latitude":35.7077787,"Longitude":139.5449377},"Nid":1611666981,"Wid":148057774}
{"Coordinate":{"Latitude":35.7075822,"Longitude":139.5462436},"Nid":1611666972,"Wid":148057774}
{"Coordinate":{"Latitude":35.715923,"Longitude":139.5509056},"Nid":778224414,"Wid":62287453}
{"Coordinate":{"Latitude":35.7149409,"Longitude":139.5503816},"Nid":1586655106,"Wid":62287453}
{"Coordinate":{"Latitude":35.7149409,"Longitude":139.5503816},"Nid":1586655106,"Wid":62287453}
{"Coordinate":{"Latitude":35.7137702,"Longitude":139.5503931},"Nid":726443990,"Wid":62287453}
{"Coordinate":{"Latitude":35.7137702,"Longitude":139.5503931},"Nid":726443990,"Wid":62287453}
{"Coordinate":{"Latitude":35.7172851,"Longitude":139.5382442},"Nid":1618654639,"Wid":148789910}
{"Coordinate":{"Latitude":35.7199233,"Longitude":139.581407},"Nid":1724994219,"Wid":34997189}
{"Coordinate":{"Latitude":35.7177255,"Longitude":139.5448686},"Nid":1608830730,"Wid":147681801}
{"Coordinate":{"Latitude":35.7179878,"Longitude":139.5450601},"Nid":1608830739,"Wid":147681801}
{"Coordinate":{"Latitude":35.7421616,"Longitude":139.5576584},"Nid":1129805174,"Wid":562764579}
{"Coordinate":{"Latitude":35.721571,"Longitude":139.5654628},"Nid":2110528778,"Wid":201097755}
{"Coordinate":{"Latitude":35.7141429,"Longitude":139.556765},"Nid":1620122239,"Wid":148951966}
{"Coordinate":{"Latitude":35.7070817,"Longitude":139.5367839},"Nid":700848598,"Wid":165955693}
{"Coordinate":{"Latitude":35.7069714,"Longitude":139.5353159},"Nid":735017662,"Wid":165955693}
{"Coordinate":{"Latitude":35.7193092,"Longitude":139.5461735},"Nid":1551736179,"Wid":141759442}
{"Coordinate":{"Latitude":35.7155345,"Longitude":139.548522},"Nid":1586655126,"Wid":145235451}
{"Coordinate":{"Latitude":35.7147464,"Longitude":139.5475009},"Nid":1586655096,"Wid":145235451}
{"Coordinate":{"Latitude":35.7147464,"Longitude":139.5475009},"Nid":1586655096,"Wid":145235451}
{"Coordinate":{"Latitude":35.718251,"Longitude":139.5427938},"Nid":1623748334,"Wid":149387509}
{"Coordinate":{"Latitude":35.730548,"Longitude":139.5266808},"Nid":1850960326,"Wid":174398418}
{"Coordinate":{"Latitude":35.7218166,"Longitude":139.5453357},"Nid":1551736922,"Wid":147778590}
{"Coordinate":{"Latitude":35.7215657,"Longitude":139.5456035},"Nid":1609649465,"Wid":147778590}
{"Coordinate":{"Latitude":35.7237376,"Longitude":139.5405745},"Nid":1551803817,"Wid":149986309}
{"Coordinate":{"Latitude":35.7257061,"Longitude":139.5804286},"Nid":1161704143,"Wid":694892829}
{"Coordinate":{"Latitude":35.7261898,"Longitude":139.5802886},"Nid":475856445,"Wid":694892829}
{"Coordinate":{"Latitude":35.7271229,"Longitude":139.5800643},"Nid":475856446,"Wid":694892829}
{"Coordinate":{"Latitude":35.7271229,"Longitude":139.5800643},"Nid":475856446,"Wid":694892829}
{"Coordinate":{"Latitude":35.7274316,"Longitude":139.5799876},"Nid":475856447,"Wid":694892829}
{"Coordinate":{"Latitude":35.7211016,"Longitude":139.5415845},"Nid":2045633100,"Wid":244143272}
