{"Coordinate":{"Latitude":35.7147228,"Longitude":139.5637017},"Nid":1111456237,"Wid":33026655}
{"Coordinate":{"Latitude":35.7147228,"Longitude":139.5637017},"Nid":1111456237,"Wid":33026655}
{"Coordinate":{"Latitude":35.7072109,"Longitude":139.5446227},"Nid":1611666947,"Wid":148057661}
{"Coordinate":{"Latitude":35.7381213,"Longitude":139.5247953},"Nid":-2107097440,"Wid":208497828}
{"Coordinate":{"Latitude":35.7381213,"Longitude":139.5247953},"Nid":-2107097440,"Wid":208497828}
{"Coordinate":{"Latitude":35.7071119,"Longitude":139.5787461},"Nid":372387090,"Wid":33036479}
{"Coordinate":{"Latitude":35.7046565,"Longitude":139.5643153},"Nid":393724344,"Wid":145130476}
{"Coordinate":{"Latitude":35.7136791,"Longitude":139.5539147},"Nid":1620122184,"Wid":148951959}
{"Coordinate":{"Latitude":35.7230244,"Longitude":139.5512685},"Nid":1551847412,"Wid":145201255}
{"Coordinate":{"Latitude":35.7235628,"Longitude":139.5502194},"Nid":1551847457,"Wid":145201255}
{"Coordinate":{"Latitude":35.7080815,"Longitude":139.5448127},"Nid":1586623244,"Wid":145230538}
{"Coordinate":{"Latitude":35.7078036,"Longitude":139.5447528},"Nid":1611666985,"Wid":145230538}
{"Coordinate":{"Latitude":35.7241744,"Longitude":139.5468531},"Nid":1658857801,"Wid":153168557}
{"Coordinate":{"Latitude":35.7279734,"Longitude":139.5395496},"Nid":734949538,"Wid":59272317}
{"Coordinate":{"Latitude":35.7276193,"Longitude":139.5409922},"Nid":734896485,"Wid":59272317}
{"Coordinate":{"Latitude":35.738114,"Longitude":139.5776183},"Nid":1034436270,"Wid":551914803}
{"Coordinate":{"Latitude":35.725921,"Longitude":139.5369617},"Nid":734896339,"Wid":141963920}
{"Coordinate":{"Latitude":35.7149202,"Longitude":139.5365971},"Nid":1650196486,"Wid":152183184}
{"Coordinate":{"Latitude":35.722461,"Longitude":139.5556961},"Nid":1551847262,"Wid":141775061}
{"Coordinate":{"Latitude":35.7120963,"Longitude":139.5522762},"Nid":1586654958,"Wid":145235537}
{"Coordinate":{"Latitude":35.7110298,"Longitude":139.5517798},"Nid":732097096,"Wid":145235537}
{"Coordinate":{"Latitude":35.7180325,"Longitude":139.5428015},"Nid":1623748279,"Wid":149387539}
