{"Coordinate":{"Latitude":35.7283561,"Longitude":139.5571666},"Nid":1551848263,"Wid":197127600}
{"Coordinate":{"Latitude":35.70941,"Longitude":139.559611},"Nid":1586699312,"Wid":145237157}
{"Coordinate":{"Latitude":35.7379485,"Longitude":139.5683883},"Nid":1311923888,"Wid":282926069}
{"Coordinate":{"Latitude":35.7279126,"Longitude":139.5646413},"Nid":1184506866,"Wid":141774914}
{"Coordinate":{"Latitude":35.7356816,"Longitude":139.566894},"Nid":1551896276,"Wid":141780997}
{"Coordinate":{"Latitude":35.7354874,"Longitude":139.565835},"Nid":623351364,"Wid":141780997}
{"Coordinate":{"Latitude":35.7139619,"Longitude":139.5303749},"Nid":701730559,"Wid":55885155}
{"Coordinate":{"Latitude":35.7284115,"Longitude":139.5383016},"Nid":1629902547,"Wid":150057337}
{"Coordinate":{"Latitude":35.7283203,"Longitude":139.5386122},"Nid":1629902539,"Wid":150057337}
{"Coordinate":{"Latitude":35.7247392,"Longitude":139.5372596},"Nid":1551804011,"Wid":149986345}
{"Coordinate":{"Latitude":35.7144708,"Longitude":139.5799522},"Nid":1165431911,"Wid":100848401}
{"Coordinate":{"Latitude":35.7272516,"Longitude":139.5700583},"Nid":1311921818,"Wid":116358229}
{"Coordinate":{"Latitude":35.7256664,"Longitude":139.5703694},"Nid":1311921727,"Wid":116358229}
{"Coordinate":{"Latitude":35.7238156,"Longitude":139.5223826},"Nid":1551803851,"Wid":141765117}
{"Coordinate":{"Latitude":35.7241352,"Longitude":139.521955},"Nid":699581022,"Wid":141765117}
{"Coordinate":{"Latitude":35.7136791,"Longitude":139.5539147},"Nid":1620122184,"Wid":159019977}
{"Coordinate":{"Latitude":35.7242484,"Longitude":139.5730652},"Nid":1311925760,"Wid":116358849}
{"Coordinate":{"Latitude":35.7111024,"Longitude":139.5578731},"Nid":1632361074,"Wid":150303324}
{"Coordinate":{"Latitude":35.7044281,"Longitude":139.5549892},"Nid":700848576,"Wid":55794824}
{"Coordinate":{"Latitude":35.7174081,"Longitude":139.552644},"Nid":778224339,"Wid":145235464}
{"Coordinate":{"Latitude":35.7237376,"Longitude":139.5405745},"Nid":1551803817,"Wid":149986313}
{"Coordinate":{"Latitude":35.7052436,"Longitude":139.5291211},"Nid":567872094,"Wid":44778740}
{"Coordinate":{"Latitude":35.7142521,"Longitude":139.5369339},"Nid":734949283,"Wid":141782646}
{"Coordinate":{"Latitude":35.7053406,"Longitude":139.5529907},"Nid":1610090937,"Wid":147858872}
