{"Coordinate":{"Latitude":35.7391436,"Longitude":139.5597068},"Nid":1553835450,"Wid":141955836}
{"Coordinate":{"Latitude":35.7388739,"Longitude":139.560586},"Nid":1553862223,"Wid":141955836}
{"Coordinate":{"Latitude":35.7215238,"Longitude":139.540684},"Nid":1580971326,"Wid":144553427}
{"Coordinate":{"Latitude":35.7388034,"Longitude":139.5455868},"Nid":1553901606,"Wid":144970769}
{"Coordinate":{"Latitude":35.7334999,"Longitude":139.5631626},"Nid":1551894990,"Wid":282899412}
{"Coordinate":{"Latitude":35.7103296,"Longitude":139.5793285},"Nid":1717644046,"Wid":159646863}
{"Coordinate":{"Latitude":35.7153549,"Longitude":139.5491729},"Nid":1586655124,"Wid":145235486}
{"Coordinate":{"Latitude":35.7155345,"Longitude":139.548522},"Nid":1586655126,"Wid":145235486}
{"Coordinate":{"Latitude":35.7422921,"Longitude":139.5707066},"Nid":1311920938,"Wid":116357756}
{"Coordinate":{"Latitude":35.7244524,"Longitude":139.539838},"Nid":1629231344,"Wid":149986318}
{"Coordinate":{"Latitude":35.7244966,"Longitude":139.5402606},"Nid":1551929265,"Wid":149986318}
{"Coordinate":{"Latitude":35.7245573,"Longitude":139.5408161},"Nid":1551803990,"Wid":149986318}
{"Coordinate":{"Latitude":35.7124882,"Longitude":139.5778749},"Nid":1586680683,"Wid":145236944}
{"Coordinate":{"Latitude":35.7117772,"Longitude":139.5250556},"Nid":1665765919,"Wid":153964947}
{"Coordinate":{"Latitude":35.7111419,"Longitude":139.5249666},"Nid":1665765885,"Wid":153964947}
{"Coordinate":{"Latitude":35.7290434,"Longitude":139.5787801},"Nid":1162638755,"Wid":100555154}
{"Coordinate":{"Latitude":35.7184215,"Longitude":139.5455915},"Nid":1624984894,"Wid":147681776}
{"Coordinate":{"Latitude":35.718075,"Longitude":139.5455812},"Nid":1608830754,"Wid":147681776}
{"Coordinate":{"Latitude":35.7137151,"Longitude":139.5361671},"Nid":734949245,"Wid":141782650}
{"Coordinate":{"Latitude":35.7042349,"Longitude":139.5605306},"Nid":1112907138,"Wid":146455057}
{"Coordinate":{"Latitude":35.7043234,"Longitude":139.5603184},"Nid":1112907142,"Wid":146455057}
{"Coordinate":{"Latitude":35.7058941,"Longitude":139.5431933},"Nid":1586623174,"Wid":148185153}
