{"Coordinate":{"Latitude":35.7073562,"Longitude":139.566983},"Nid":1120806393,"Wid":742090623}
{"Coordinate":{"Latitude":35.7192226,"Longitude":139.5320814},"Nid":1551803012,"Wid":148789405}
{"Coordinate":{"Latitude":35.7185205,"Longitude":139.5319039},"Nid":1618620784,"Wid":148789405}
{"Coordinate":{"Latitude":35.7208322,"Longitude":139.5270798},"Nid":700873397,"Wid":141764896}
{"Coordinate":{"Latitude":35.720226,"Longitude":139.526877},"Nid":699581063,"Wid":141764896}
{"Coordinate":{"Latitude":35.7069204,"Longitude":139.5575963},"Nid":683867692,"Wid":145238470}
{"Coordinate":{"Latitude":35.7437426,"Longitude":139.5764128},"Nid":1311921953,"Wid":240074842}
{"Coordinate":{"Latitude":35.7246881,"Longitude":139.5622072},"Nid":1551847665,"Wid":141775101}
{"Coordinate":{"Latitude":35.7413523,"Longitude":139.5792751},"Nid":1311924170,"Wid":116359110}
{"Coordinate":{"Latitude":35.7402676,"Longitude":139.5787613},"Nid":1311923415,"Wid":116359110}
{"Coordinate":{"Latitude":35.7202071,"Longitude":139.5323363},"Nid":1551803146,"Wid":141765055}
{"Coordinate":{"Latitude":35.7192226,"Longitude":139.5320814},"Nid":1551803012,"Wid":141765055}
{"Coordinate":{"Latitude":35.7168328,"Longitude":139.5536217},"Nid":1586655156,"Wid":145235507}
{"Coordinate":{"Latitude":35.7270724,"Longitude":139.5362808},"Nid":1629902298,"Wid":150057289}
{"Coordinate":{"Latitude":35.720748,"Longitude":139.5390884},"Nid":1624970792,"Wid":149528778}
{"Coordinate":{"Latitude":35.7174822,"Longitude":139.552741},"Nid":778224326,"Wid":148431885}
{"Coordinate":{"Latitude":35.7265016,"Longitude":139.5411708},"Nid":734896469,"Wid":141775189}
{"Coordinate":{"Latitude":35.7061391,"Longitude":139.5555256},"Nid":1610091013,"Wid":147858875}
{"Coordinate":{"Latitude":35.7056014,"Longitude":139.5521916},"Nid":1600790270,"Wid":147858870}
{"Coordinate":{"Latitude":35.7193709,"Longitude":139.5545918},"Nid":1586655196,"Wid":147857323}
{"Coordinate":{"Latitude":35.7049153,"Longitude":139.5587267},"Nid":1126002192,"Wid":161644152}
{"Coordinate":{"Latitude":35.7058777,"Longitude":139.5593297},"Nid":1736733032,"Wid":161644152}
{"Coordinate":{"Latitude":35.7296781,"Longitude":139.5802065},"Nid":1162638890,"Wid":100555159}
{"Coordinate":{"Latitude":35.715923,"Longitude":139.5509056},"Nid":778224414,"Wid":147679661}
{"Coordinate":{"Latitude":35.7162862,"Longitude":139.5513204},"Nid":1608814507,"Wid":147679661}
{"Coordinate":{"Latitude":35.7346799,"Longitude":139.5641228},"Nid":1551895738,"Wid":141781001}
{"Coordinate":{"Latitude":35.7342529,"Longitude":139.5642161},"Nid":1551895456,"Wid":141781001}
{"Coordinate":{"Latitude":35.7047467,"Longitude":139.5591761},"Nid":1126002186,"Wid":161644143}
{"Coordinate":{"Latitude":35.7046374,"Longitude":139.5594621},"Nid":1112907137,"Wid":161644143}
