{"Coordinate":{"Latitude":35.7223,"Longitude":139.5469925},"Nid":1580971408,"Wid":144553435}
{"Coordinate":{"Latitude":35.7214165,"Longitude":139.5433569},"Nid":1609658129,"Wid":244143271}
{"Coordinate":{"Latitude":35.7243317,"Longitude":139.5669983},"Nid":1311922189,"Wid":638646000}
{"Coordinate":{"Latitude":35.7298176,"Longitude":139.5675088},"Nid":1551848366,"Wid":141774870}
{"Coordinate":{"Latitude":35.7290541,"Longitude":139.5671453},"Nid":-1643647249,"Wid":141774870}
{"Coordinate":{"Latitude":35.7290541,"Longitude":139.5671453},"Nid":-1643647249,"Wid":141774870}
{"Coordinate":{"Latitude":35.7277499,"Longitude":139.5664369},"Nid":1551848134,"Wid":141774870}
{"Coordinate":{"Latitude":35.7161886,"Longitude":139.5393941},"Nid":1618654395,"Wid":148789911}
{"Coordinate":{"Latitude":35.7146289,"Longitude":139.5806615},"Nid":425344231,"Wid":116367917}
{"Coordinate":{"Latitude":35.7306256,"Longitude":139.5263268},"Nid":1850960329,"Wid":174398417}
{"Coordinate":{"Latitude":35.7067405,"Longitude":139.5510908},"Nid":701651858,"Wid":145233224}
{"Coordinate":{"Latitude":35.7064108,"Longitude":139.5589495},"Nid":1126002201,"Wid":97200665}
{"Coordinate":{"Latitude":35.7365031,"Longitude":139.5447391},"Nid":1551896705,"Wid":141781050}
{"Coordinate":{"Latitude":35.7210164,"Longitude":139.5680148},"Nid":679185654,"Wid":157511386}
{"Coordinate":{"Latitude":35.728534,"Longitude":139.5214394},"Nid":733936907,"Wid":141764902}
