{"Coordinate":{"Latitude":35.7088086,"Longitude":139.5637981},"Nid":544469873,"Wid":43322631}
{"Coordinate":{"Latitude":35.7349235,"Longitude":139.5525539},"Nid":1551895845,"Wid":141781173}
{"Coordinate":{"Latitude":35.7362004,"Longitude":139.5527531},"Nid":1551896442,"Wid":141781173}
{"Coordinate":{"Latitude":35.7324692,"Longitude":139.5634491},"Nid":1551894686,"Wid":141781273}
{"Coordinate":{"Latitude":35.7324692,"Longitude":139.5634491},"Nid":1551894686,"Wid":141781273}
{"Coordinate":{"Latitude":35.7327783,"Longitude":139.5644206},"Nid":1551894782,"Wid":141781273}
{"Coordinate":{"Latitude":35.7327783,"Longitude":139.5644206},"Nid":1551894782,"Wid":141781273}
{"Coordinate":{"Latitude":35.7332629,"Longitude":139.5662641},"Nid":623351360,"Wid":141781273}
{"Coordinate":{"Latitude":35.7196075,"Longitude":139.5475357},"Nid":1551736243,"Wid":141759557}
{"Coordinate":{"Latitude":35.7199281,"Longitude":139.549309},"Nid":1551736350,"Wid":141759557}
{"Coordinate":{"Latitude":35.7141823,"Longitude":139.5380964},"Nid":1551929196,"Wid":141782617}
{"Coordinate":{"Latitude":35.7147893,"Longitude":139.5290097},"Nid":-1528233539,"Wid":55885181}
{"Coordinate":{"Latitude":35.7359091,"Longitude":139.5482178},"Nid":1551896365,"Wid":141781232}
{"Coordinate":{"Latitude":35.7367359,"Longitude":139.5480201},"Nid":-1426415420,"Wid":141781232}
{"Coordinate":{"Latitude":35.7367359,"Longitude":139.5480201},"Nid":-1426415420,"Wid":141781232}
{"Coordinate":{"Latitude":35.7370944,"Longitude":139.5476971},"Nid":1551896962,"Wid":141781232}
{"Coordinate":{"Latitude":35.7148672,"Longitude":139.5359478},"Nid":1650196483,"Wid":152183193}
{"Coordinate":{"Latitude":35.7284424,"Longitude":139.5453423},"Nid":1621376773,"Wid":149116064}
{"Coordinate":{"Latitude":35.705717,"Longitude":139.5401783},"Nid":1767386213,"Wid":165176331}
{"Coordinate":{"Latitude":35.738468,"Longitude":139.5702456},"Nid":1311925379,"Wid":116357711}
{"Coordinate":{"Latitude":35.7378109,"Longitude":139.5699014},"Nid":1311926367,"Wid":116357711}
{"Coordinate":{"Latitude":35.711818,"Longitude":139.5243944},"Nid":1665765927,"Wid":153964949}
{"Coordinate":{"Latitude":35.733685,"Longitude":139.5792943},"Nid":1223378163,"Wid":106293812}
{"Coordinate":{"Latitude":35.7281585,"Longitude":139.5529196},"Nid":1621368159,"Wid":141774990}
{"Coordinate":{"Latitude":35.7434068,"Longitude":139.5556733},"Nid":1553836192,"Wid":141952373}
{"Coordinate":{"Latitude":35.7219587,"Longitude":139.5603609},"Nid":1551847227,"Wid":141775132}
{"Coordinate":{"Latitude":35.7219933,"Longitude":139.5611737},"Nid":1551847229,"Wid":141775132}
{"Coordinate":{"Latitude":35.7116177,"Longitude":139.5769871},"Nid":1586680605,"Wid":145237045}
{"Coordinate":{"Latitude":35.71731,"Longitude":139.5304448},"Nid":674766718,"Wid":271727710}
{"Coordinate":{"Latitude":35.7086111,"Longitude":139.562433},"Nid":-1780046057,"Wid":244142410}
