{"Coordinate":{"Latitude":35.7055032,"Longitude":139.5401194},"Nid":1767386185,"Wid":165176364}
{"Coordinate":{"Latitude":35.7056953,"Longitude":139.5399691},"Nid":1767386210,"Wid":165176364}
{"Coordinate":{"Latitude":35.7148792,"Longitude":139.5536476},"Nid":-479510239,"Wid":572839485}
{"Coordinate":{"Latitude":35.7374099,"Longitude":139.5421014},"Nid":734176321,"Wid":282899423}
{"Coordinate":{"Latitude":35.7090817,"Longitude":139.5271234},"Nid":1611613609,"Wid":148052284}
{"Coordinate":{"Latitude":35.7085979,"Longitude":139.527035},"Nid":827982768,"Wid":148052284}
{"Coordinate":{"Latitude":35.7085979,"Longitude":139.527035},"Nid":827982768,"Wid":148052284}
{"Coordinate":{"Latitude":35.7250956,"Longitude":139.5497754},"Nid":-1500466163,"Wid":274782183}
{"Coordinate":{"Latitude":35.7307797,"Longitude":139.5253333},"Nid":1551804097,"Wid":141765153}
{"Coordinate":{"Latitude":35.7303826,"Longitude":139.5248326},"Nid":-60352213,"Wid":141765153}
{"Coordinate":{"Latitude":35.7347069,"Longitude":139.5220484},"Nid":682898270,"Wid":179461546}
{"Coordinate":{"Latitude":35.7108504,"Longitude":139.5366044},"Nid":735017767,"Wid":141764916}
{"Coordinate":{"Latitude":35.7187239,"Longitude":139.5750336},"Nid":-1334283821,"Wid":562225707}
{"Coordinate":{"Latitude":35.7252348,"Longitude":139.5485183},"Nid":1658857877,"Wid":153168551}
{"Coordinate":{"Latitude":35.7133247,"Longitude":139.5349891},"Nid":734949231,"Wid":141782639}
{"Coordinate":{"Latitude":35.7116074,"Longitude":139.5590717},"Nid":1632361095,"Wid":150303305}
{"Coordinate":{"Latitude":35.7298306,"Longitude":139.5545564},"Nid":-1817686932,"Wid":526144483}
{"Coordinate":{"Latitude":35.7075086,"Longitude":139.5321935},"Nid":1675757213,"Wid":155149829}
{"Coordinate":{"Latitude":35.7441176,"Longitude":139.5656822},"Nid":1199532626,"Wid":141952435}
{"Coordinate":{"Latitude":35.737431,"Longitude":139.526067},"Nid":1553901531,"Wid":141963888}
{"Coordinate":{"Latitude":35.7078542,"Longitude":139.5780721},"Nid":419796687,"Wid":35911279}
{"Coordinate":{"Latitude":35.709457,"Longitude":139.5788829},"Nid":419796689,"Wid":35911279}
