{"Coordinate":{"Latitude":35.7398751,"Longitude":139.5559333},"Nid":1553835538,"Wid":141952519}
{"Coordinate":{"Latitude":35.7398767,"Longitude":139.5581691},"Nid":1553835537,"Wid":141952519}
{"Coordinate":{"Latitude":35.7174292,"Longitude":139.5390843},"Nid":1618654678,"Wid":148789937}
{"Coordinate":{"Latitude":35.7187403,"Longitude":139.5392373},"Nid":1551736035,"Wid":148789937}
{"Coordinate":{"Latitude":35.7262806,"Longitude":139.5810103},"Nid":1161704153,"Wid":100490662}
{"Coordinate":{"Latitude":35.7344288,"Longitude":139.5507904},"Nid":1551895581,"Wid":141781176}
{"Coordinate":{"Latitude":35.7342202,"Longitude":139.5527114},"Nid":1551895463,"Wid":141781176}
{"Coordinate":{"Latitude":35.7362004,"Longitude":139.5527531},"Nid":1551896442,"Wid":141781027}
{"Coordinate":{"Latitude":35.7363836,"Longitude":139.5525322},"Nid":1551896551,"Wid":141781027}
{"Coordinate":{"Latitude":35.7280323,"Longitude":139.578998},"Nid":-1643647273,"Wid":259688699}
{"Coordinate":{"Latitude":35.7231603,"Longitude":139.5258281},"Nid":699532982,"Wid":55672158}
{"Coordinate":{"Latitude":35.7226508,"Longitude":139.568732},"Nid":-1481777141,"Wid":25588043}
{"Coordinate":{"Latitude":35.742319,"Longitude":139.5460449},"Nid":926799673,"Wid":87999855}
{"Coordinate":{"Latitude":35.7414362,"Longitude":139.5457333},"Nid":1022912642,"Wid":87999855}
{"Coordinate":{"Latitude":35.7113588,"Longitude":139.5572346},"Nid":1586654915,"Wid":145235463}
{"Coordinate":{"Latitude":35.7117402,"Longitude":139.5562749},"Nid":1586654935,"Wid":145235463}
{"Coordinate":{"Latitude":35.7117402,"Longitude":139.5562749},"Nid":1586654935,"Wid":145235463}
{"Coordinate":{"Latitude":35.712446,"Longitude":139.5542613},"Nid":1620121681,"Wid":145235463}
{"Coordinate":{"Latitude":35.7087585,"Longitude":139.5302002},"Nid":1611613530,"Wid":274782841}
{"Coordinate":{"Latitude":35.7086263,"Longitude":139.5312793},"Nid":1611613480,"Wid":274782841}
{"Coordinate":{"Latitude":35.730548,"Longitude":139.5266808},"Nid":1850960326,"Wid":174398413}
{"Coordinate":{"Latitude":35.7268993,"Longitude":139.5720624},"Nid":1311925845,"Wid":116358619}
{"Coordinate":{"Latitude":35.7269301,"Longitude":139.5729153},"Nid":1311928143,"Wid":116358619}
{"Coordinate":{"Latitude":35.7201455,"Longitude":139.5414097},"Nid":1623748577,"Wid":149387572}
{"Coordinate":{"Latitude":35.7201312,"Longitude":139.5411881},"Nid":1551736411,"Wid":149387572}
{"Coordinate":{"Latitude":35.7365181,"Longitude":139.5430984},"Nid":1551896691,"Wid":141781168}
{"Coordinate":{"Latitude":35.7274048,"Longitude":139.562774},"Nid":1551848085,"Wid":141774907}
{"Coordinate":{"Latitude":35.7054915,"Longitude":139.540562},"Nid":1767386181,"Wid":165176338}
{"Coordinate":{"Latitude":35.7117309,"Longitude":139.5694898},"Nid":1976490340,"Wid":186901882}
{"Coordinate":{"Latitude":35.7133247,"Longitude":139.5349891},"Nid":734949231,"Wid":59272283}
{"Coordinate":{"Latitude":35.7179611,"Longitude":139.5455789},"Nid":1551735913,"Wid":147681780}
