{"Coordinate":{"Latitude":35.7332629,"Longitude":139.5662641},"Nid":623351360,"Wid":141781199}
{"Coordinate":{"Latitude":35.7317107,"Longitude":139.5662504},"Nid":1551894258,"Wid":141781199}
{"Coordinate":{"Latitude":35.7380378,"Longitude":139.565857},"Nid":425344269,"Wid":44001391}
{"Coordinate":{"Latitude":35.7423188,"Longitude":139.5625175},"Nid":1199532646,"Wid":44001391}
{"Coordinate":{"Latitude":35.7423188,"Longitude":139.5625175},"Nid":1199532646,"Wid":44001391}
{"Coordinate":{"Latitude":35.7190009,"Longitude":139.5747047},"Nid":410119167,"Wid":34946754}
{"Coordinate":{"Latitude":35.7309498,"Longitude":139.5269665},"Nid":1850960352,"Wid":174398398}
{"Coordinate":{"Latitude":35.7306273,"Longitude":139.5266766},"Nid":1850960330,"Wid":174398398}
{"Coordinate":{"Latitude":35.7194105,"Longitude":139.5529866},"Nid":678573901,"Wid":141759419}
{"Coordinate":{"Latitude":35.7168328,"Longitude":139.5536217},"Nid":1586655156,"Wid":145235544}
{"Coordinate":{"Latitude":35.7172043,"Longitude":139.5533296},"Nid":1586655158,"Wid":145235544}
{"Coordinate":{"Latitude":35.7285524,"Longitude":139.5499427},"Nid":623351336,"Wid":567855522}
{"Coordinate":{"Latitude":35.728732,"Longitude":139.5513243},"Nid":623351319,"Wid":567855522}
{"Coordinate":{"Latitude":35.7133249,"Longitude":139.5788497},"Nid":410471298,"Wid":276479577}
{"Coordinate":{"Latitude":35.7137754,"Longitude":139.5784166},"Nid":410471303,"Wid":276479577}
{"Coordinate":{"Latitude":35.7171879,"Longitude":139.559546},"Nid":1620122523,"Wid":148952002}
{"Coordinate":{"Latitude":35.7164673,"Longitude":139.5529073},"Nid":1608796629,"Wid":147676531}
{"Coordinate":{"Latitude":35.7172043,"Longitude":139.5533296},"Nid":1586655158,"Wid":147676531}
{"Coordinate":{"Latitude":35.7108882,"Longitude":139.5812179},"Nid":410119158,"Wid":34946751}
{"Coordinate":{"Latitude":35.7339714,"Longitude":139.5588737},"Nid":1551895265,"Wid":141781036}
{"Coordinate":{"Latitude":35.7160454,"Longitude":139.5376707},"Nid":1551802858,"Wid":148319887}
{"Coordinate":{"Latitude":35.7206311,"Longitude":139.5547759},"Nid":1551736547,"Wid":141759505}
{"Coordinate":{"Latitude":35.704611,"Longitude":139.5399296},"Nid":1114406633,"Wid":96164643}
{"Coordinate":{"Latitude":35.7367359,"Longitude":139.5480201},"Nid":-1426415420,"Wid":282952630}
{"Coordinate":{"Latitude":35.734863,"Longitude":139.5450888},"Nid":1551895816,"Wid":141781131}
{"Coordinate":{"Latitude":35.7353584,"Longitude":139.5540978},"Nid":1551896063,"Wid":141781072}
{"Coordinate":{"Latitude":35.7362004,"Longitude":139.5527531},"Nid":1551896442,"Wid":141781072}
{"Coordinate":{"Latitude":35.7448254,"Longitude":139.5677835},"Nid":1199532771,"Wid":141878078}
{"Coordinate":{"Latitude":35.7247628,"Longitude":139.5321662},"Nid":1551804009,"Wid":141765017}
{"Coordinate":{"Latitude":35.7303796,"Longitude":139.5802512},"Nid":1223788732,"Wid":106337507}
{"Coordinate":{"Latitude":35.7343177,"Longitude":139.5808886},"Nid":1311926619,"Wid":116358394}
{"Coordinate":{"Latitude":35.7277331,"Longitude":139.5425161},"Nid":1629902483,"Wid":150057375}
{"Coordinate":{"Latitude":35.727817,"Longitude":139.543249},"Nid":-1806798936,"Wid":150057375}
{"Coordinate":{"Latitude":35.7230996,"Longitude":139.5539267},"Nid":1551847323,"Wid":150181330}
{"Coordinate":{"Latitude":35.7137621,"Longitude":139.5414438},"Nid":1551802704,"Wid":141764823}
