{"Coordinate":{"Latitude":35.7279141,"Longitude":139.5258384},"Nid":734880126,"Wid":141765343}
{"Coordinate":{"Latitude":35.7279141,"Longitude":139.5258384},"Nid":734880126,"Wid":141765343}
{"Coordinate":{"Latitude":35.7342141,"Longitude":139.5366694},"Nid":703695321,"Wid":141964078}
{"Coordinate":{"Latitude":35.7341691,"Longitude":139.537309},"Nid":1553901365,"Wid":141964078}
{"Coordinate":{"Latitude":35.7320044,"Longitude":139.5368703},"Nid":1553901257,"Wid":141964097}
{"Coordinate":{"Latitude":35.7339714,"Longitude":139.5588737},"Nid":1551895265,"Wid":141781247}
{"Coordinate":{"Latitude":35.7344128,"Longitude":139.5565861},"Nid":1551895566,"Wid":141781247}
{"Coordinate":{"Latitude":35.7119986,"Longitude":139.5471045},"Nid":1586654950,"Wid":145235503}
{"Coordinate":{"Latitude":35.7072842,"Longitude":139.545757},"Nid":1611666957,"Wid":148057699}
{"Coordinate":{"Latitude":35.7224377,"Longitude":139.5445755},"Nid":1551803503,"Wid":141765151}
{"Coordinate":{"Latitude":35.7233027,"Longitude":139.5435067},"Nid":1551803650,"Wid":141765151}
{"Coordinate":{"Latitude":35.7137351,"Longitude":139.5380725},"Nid":1551929193,"Wid":152181620}
{"Coordinate":{"Latitude":35.7042781,"Longitude":139.5305885},"Nid":567871092,"Wid":44778593}
{"Coordinate":{"Latitude":35.721626,"Longitude":139.5650602},"Nid":1551893300,"Wid":141781146}
{"Coordinate":{"Latitude":35.7218316,"Longitude":139.5627545},"Nid":679185641,"Wid":141781146}
{"Coordinate":{"Latitude":35.7218316,"Longitude":139.5627545},"Nid":679185641,"Wid":141781146}
{"Coordinate":{"Latitude":35.7271151,"Longitude":139.5367176},"Nid":734949520,"Wid":150057379}
{"Coordinate":{"Latitude":35.7084747,"Longitude":139.5764872},"Nid":410471288,"Wid":34997184}
{"Coordinate":{"Latitude":35.7109271,"Longitude":139.5778075},"Nid":410471292,"Wid":34997184}
{"Coordinate":{"Latitude":35.7078263,"Longitude":139.5462637},"Nid":1586623238,"Wid":145230401}
{"Coordinate":{"Latitude":35.7276825,"Longitude":139.5421089},"Nid":1551893305,"Wid":150057304}
{"Coordinate":{"Latitude":35.7419634,"Longitude":139.5761562},"Nid":1311923145,"Wid":240074711}
{"Coordinate":{"Latitude":35.7182442,"Longitude":139.5451429},"Nid":1551735944,"Wid":141759533}
{"Coordinate":{"Latitude":35.7442419,"Longitude":139.5558874},"Nid":1552913275,"Wid":141952528}
{"Coordinate":{"Latitude":35.7173114,"Longitude":139.5313143},"Nid":1618620579,"Wid":59272248}
{"Coordinate":{"Latitude":35.7091269,"Longitude":139.5722734},"Nid":1708290590,"Wid":158670828}
{"Coordinate":{"Latitude":35.7302563,"Longitude":139.5504617},"Nid":1551893857,"Wid":141781038}
{"Coordinate":{"Latitude":35.7299624,"Longitude":139.5506163},"Nid":1551893685,"Wid":141781038}
{"Coordinate":{"Latitude":35.7375074,"Longitude":139.5694901},"Nid":1311921468,"Wid":116357779}
{"Coordinate":{"Latitude":35.7183596,"Longitude":139.5412615},"Nid":1551735949,"Wid":149387528}
