{"Coordinate":{"Latitude":35.7213477,"Longitude":139.5279533},"Nid":-1547907448,"Wid":269499100}
{"Coordinate":{"Latitude":35.7353338,"Longitude":139.562283},"Nid":1551896078,"Wid":141781043}
{"Coordinate":{"Latitude":35.7398453,"Longitude":139.5670609},"Nid":1553835514,"Wid":141952473}
{"Coordinate":{"Latitude":35.7342783,"Longitude":139.5318717},"Nid":1553901370,"Wid":141964099}
{"Coordinate":{"Latitude":35.731978,"Longitude":139.5412442},"Nid":-1643714227,"Wid":291310256}
{"Coordinate":{"Latitude":35.718121,"Longitude":139.5448281},"Nid":1608830757,"Wid":147681782}
{"Coordinate":{"Latitude":35.7071649,"Longitude":139.5383676},"Nid":700848637,"Wid":145230201}
{"Coordinate":{"Latitude":35.7071649,"Longitude":139.5383676},"Nid":700848637,"Wid":145230201}
{"Coordinate":{"Latitude":35.7070817,"Longitude":139.5367839},"Nid":700848598,"Wid":145230201}
{"Coordinate":{"Latitude":35.7065126,"Longitude":139.544447},"Nid":1586623190,"Wid":148057655}
{"Coordinate":{"Latitude":35.7340152,"Longitude":139.53379},"Nid":1553901353,"Wid":141963690}
{"Coordinate":{"Latitude":35.7342141,"Longitude":139.5366694},"Nid":703695321,"Wid":141963690}
{"Coordinate":{"Latitude":35.7412515,"Longitude":139.5498526},"Nid":734176299,"Wid":59199771}
{"Coordinate":{"Latitude":35.7410626,"Longitude":139.5502655},"Nid":734176270,"Wid":59199771}
{"Coordinate":{"Latitude":35.7410626,"Longitude":139.5502655},"Nid":734176270,"Wid":59199771}
{"Coordinate":{"Latitude":35.725348,"Longitude":139.5363041},"Nid":1629231396,"Wid":149986330}
{"Coordinate":{"Latitude":35.7293946,"Longitude":139.5769371},"Nid":675752214,"Wid":116358218}
{"Coordinate":{"Latitude":35.7293262,"Longitude":139.5761692},"Nid":1311922308,"Wid":116358218}
{"Coordinate":{"Latitude":35.738998,"Longitude":139.539879},"Nid":1553901625,"Wid":141963745}
{"Coordinate":{"Latitude":35.7378109,"Longitude":139.5699014},"Nid":1311926367,"Wid":564738861}
{"Coordinate":{"Latitude":35.7109271,"Longitude":139.5778075},"Nid":410471292,"Wid":34997185}
{"Coordinate":{"Latitude":35.710624,"Longitude":139.5785815},"Nid":425344233,"Wid":34997185}
{"Coordinate":{"Latitude":35.7058777,"Longitude":139.5593297},"Nid":1736733032,"Wid":161716678}
{"Coordinate":{"Latitude":35.7062013,"Longitude":139.559531},"Nid":1126002194,"Wid":161716678}
