{"Coordinate":{"Latitude":35.7245311,"Longitude":139.5474956},"Nid":1658857819,"Wid":282863999}
{"Coordinate":{"Latitude":35.7192135,"Longitude":139.5457562},"Nid":1551736168,"Wid":141759593}
{"Coordinate":{"Latitude":35.7190844,"Longitude":139.5449687},"Nid":1551736130,"Wid":141759593}
{"Coordinate":{"Latitude":35.7335637,"Longitude":139.5383506},"Nid":-1423391266,"Wid":141964351}
{"Coordinate":{"Latitude":35.7335637,"Longitude":139.5383506},"Nid":-1423391266,"Wid":141964351}
{"Coordinate":{"Latitude":35.7324006,"Longitude":139.5405693},"Nid":287444636,"Wid":141964351}
{"Coordinate":{"Latitude":35.7324006,"Longitude":139.5405693},"Nid":287444636,"Wid":141964351}
{"Coordinate":{"Latitude":35.731978,"Longitude":139.5412442},"Nid":-1643714227,"Wid":141964351}
{"Coordinate":{"Latitude":35.731978,"Longitude":139.5412442},"Nid":-1643714227,"Wid":141964351}
{"Coordinate":{"Latitude":35.7423502,"Longitude":139.5375621},"Nid":-2017823871,"Wid":249366784}
{"Coordinate":{"Latitude":35.7133592,"Longitude":139.542521},"Nid":732097077,"Wid":59062084}
{"Coordinate":{"Latitude":35.7128729,"Longitude":139.5423092},"Nid":732097074,"Wid":59062084}
{"Coordinate":{"Latitude":35.7042349,"Longitude":139.5605306},"Nid":1112907138,"Wid":146455063}
{"Coordinate":{"Latitude":35.7331789,"Longitude":139.550531},"Nid":1551894843,"Wid":141781082}
{"Coordinate":{"Latitude":35.7322564,"Longitude":139.5505495},"Nid":1551894595,"Wid":141781082}
{"Coordinate":{"Latitude":35.738942,"Longitude":139.5570713},"Nid":1129805160,"Wid":562764572}
{"Coordinate":{"Latitude":35.7388165,"Longitude":139.5593048},"Nid":-2034016432,"Wid":562764572}
{"Coordinate":{"Latitude":35.7087187,"Longitude":139.5290329},"Nid":-1500459438,"Wid":274782842}
{"Coordinate":{"Latitude":35.7411674,"Longitude":139.5813197},"Nid":1311923770,"Wid":212600173}
{"Coordinate":{"Latitude":35.7111016,"Longitude":139.5356956},"Nid":700848622,"Wid":141764963}
{"Coordinate":{"Latitude":35.7162141,"Longitude":139.5366275},"Nid":1551802867,"Wid":148319901}
{"Coordinate":{"Latitude":35.7163454,"Longitude":139.5351998},"Nid":1722664812,"Wid":148319901}
{"Coordinate":{"Latitude":35.742703,"Longitude":139.5575837},"Nid":1129805179,"Wid":562764585}
{"Coordinate":{"Latitude":35.7293116,"Longitude":139.5372422},"Nid":734896479,"Wid":141963771}
{"Coordinate":{"Latitude":35.7283741,"Longitude":139.5366236},"Nid":734885879,"Wid":141963771}
{"Coordinate":{"Latitude":35.7049224,"Longitude":139.5409482},"Nid":1767378091,"Wid":165176054}
{"Coordinate":{"Latitude":35.7173976,"Longitude":139.5449096},"Nid":1608830694,"Wid":147681800}
{"Coordinate":{"Latitude":35.7172476,"Longitude":139.5450501},"Nid":1608830670,"Wid":147681800}
{"Coordinate":{"Latitude":35.7052133,"Longitude":139.5532401},"Nid":1600790268,"Wid":146847625}
{"Coordinate":{"Latitude":35.7043351,"Longitude":139.5652622},"Nid":369672512,"Wid":32806008}
{"Coordinate":{"Latitude":35.7061687,"Longitude":139.5662993},"Nid":369672516,"Wid":32806008}
{"Coordinate":{"Latitude":35.7321152,"Longitude":139.5527643},"Nid":1551894483,"Wid":141780893}
{"Coordinate":{"Latitude":35.7325231,"Longitude":139.5527595},"Nid":1551894697,"Wid":141780893}
{"Coordinate":{"Latitude":35.7186935,"Longitude":139.5352619},"Nid":1551802952,"Wid":148789557}
{"Coordinate":{"Latitude":35.7200025,"Longitude":139.5354049},"Nid":1626529074,"Wid":148789557}
{"Coordinate":{"Latitude":35.7064108,"Longitude":139.5589495},"Nid":1126002201,"Wid":145238487}
{"Coordinate":{"Latitude":35.7173568,"Longitude":139.5382395},"Nid":1618654667,"Wid":148789914}
{"Coordinate":{"Latitude":35.7343981,"Longitude":139.5753173},"Nid":1311925946,"Wid":282952694}
{"Coordinate":{"Latitude":35.7071937,"Longitude":139.5673989},"Nid":393724356,"Wid":742090619}
{"Coordinate":{"Latitude":35.7070359,"Longitude":139.5678621},"Nid":1120806409,"Wid":742090619}
{"Coordinate":{"Latitude":35.7311054,"Longitude":139.5575847},"Nid":1138498111,"Wid":563877348}
{"Coordinate":{"Latitude":35.7289971,"Longitude":139.5598385},"Nid":1551848345,"Wid":141774912}
{"Coordinate":{"Latitude":35.7088627,"Longitude":139.5611187},"Nid":1586699286,"Wid":145238499}
{"Coordinate":{"Latitude":35.7242553,"Longitude":139.5667337},"Nid":1311926326,"Wid":654444021}
{"Coordinate":{"Latitude":35.7228512,"Longitude":139.556762},"Nid":1551847369,"Wid":141774959}
