{"Coordinate":{"Latitude":35.7145366,"Longitude":139.5369587},"Nid":734949285,"Wid":141782624}
{"Coordinate":{"Latitude":35.7366159,"Longitude":139.5614447},"Nid":1551896745,"Wid":141781172}
{"Coordinate":{"Latitude":35.7370887,"Longitude":139.5593326},"Nid":1551896960,"Wid":141781172}
{"Coordinate":{"Latitude":35.7094506,"Longitude":139.5529658},"Nid":-1642697604,"Wid":147930907}
{"Coordinate":{"Latitude":35.720226,"Longitude":139.526877},"Nid":699581063,"Wid":141765154}
{"Coordinate":{"Latitude":35.7374338,"Longitude":139.5658493},"Nid":1205363631,"Wid":637951840}
{"Coordinate":{"Latitude":35.743659,"Longitude":139.576888},"Nid":1223317374,"Wid":106293847}
{"Coordinate":{"Latitude":35.7054162,"Longitude":139.561873},"Nid":440610785,"Wid":145238440}
{"Coordinate":{"Latitude":35.7429899,"Longitude":139.5682412},"Nid":1199533367,"Wid":141952542}
{"Coordinate":{"Latitude":35.7406748,"Longitude":139.5683102},"Nid":1311923053,"Wid":141952542}
{"Coordinate":{"Latitude":35.7093425,"Longitude":139.533284},"Nid":735017733,"Wid":145129799}
{"Coordinate":{"Latitude":35.7116843,"Longitude":139.5335426},"Nid":705149773,"Wid":145129799}
{"Coordinate":{"Latitude":35.7116843,"Longitude":139.5335426},"Nid":705149773,"Wid":145129799}
{"Coordinate":{"Latitude":35.7265237,"Longitude":139.5515464},"Nid":1551847985,"Wid":141775184}
{"Coordinate":{"Latitude":35.7281207,"Longitude":139.5515533},"Nid":1551848186,"Wid":141775184}
{"Coordinate":{"Latitude":35.7107135,"Longitude":139.5584898},"Nid":1632361065,"Wid":148952034}
{"Coordinate":{"Latitude":35.7208852,"Longitude":139.5449112},"Nid":1609649428,"Wid":147778571}
{"Coordinate":{"Latitude":35.7074704,"Longitude":139.5695639},"Nid":372386478,"Wid":33036429}
{"Coordinate":{"Latitude":35.7244966,"Longitude":139.5402606},"Nid":1551929265,"Wid":149986372}
{"Coordinate":{"Latitude":35.7215238,"Longitude":139.540684},"Nid":1580971326,"Wid":149528781}
{"Coordinate":{"Latitude":35.7115978,"Longitude":139.5413148},"Nid":1611667079,"Wid":148057789}
{"Coordinate":{"Latitude":35.7206052,"Longitude":139.5472681},"Nid":1609649419,"Wid":147778578}
{"Coordinate":{"Latitude":35.7172519,"Longitude":139.5384616},"Nid":1618654635,"Wid":148789922}
{"Coordinate":{"Latitude":35.7116625,"Longitude":139.5582498},"Nid":1632361101,"Wid":150303317}
{"Coordinate":{"Latitude":35.7091534,"Longitude":139.5549074},"Nid":1610603212,"Wid":147930897}
{"Coordinate":{"Latitude":35.7087865,"Longitude":139.5546519},"Nid":1610603185,"Wid":147930897}
{"Coordinate":{"Latitude":35.715109,"Longitude":139.5508577},"Nid":1608796592,"Wid":147676537}
{"Coordinate":{"Latitude":35.7214775,"Longitude":139.544298},"Nid":1609658135,"Wid":147778730}
{"Coordinate":{"Latitude":35.7071937,"Longitude":139.5673989},"Nid":393724356,"Wid":742090618}
{"Coordinate":{"Latitude":35.7385865,"Longitude":139.5602904},"Nid":1553862159,"Wid":141955792}
{"Coordinate":{"Latitude":35.7180325,"Longitude":139.5428015},"Nid":1623748279,"Wid":149387531}
{"Coordinate":{"Latitude":35.7326824,"Longitude":139.5688188},"Nid":1551894734,"Wid":141780907}
