{"Coordinate":{"Latitude":35.728315,"Longitude":139.5728353},"Nid":1311926577,"Wid":116357939}
{"Coordinate":{"Latitude":35.7287452,"Longitude":139.5717131},"Nid":1311920892,"Wid":116357939}
{"Coordinate":{"Latitude":35.7238156,"Longitude":139.5223826},"Nid":1551803851,"Wid":55676518}
{"Coordinate":{"Latitude":35.7246881,"Longitude":139.5622072},"Nid":1551847665,"Wid":141774880}
{"Coordinate":{"Latitude":35.7233524,"Longitude":139.5298743},"Nid":1551803660,"Wid":141765059}
{"Coordinate":{"Latitude":35.7100216,"Longitude":139.560034},"Nid":1586680487,"Wid":145237101}
{"Coordinate":{"Latitude":35.7343911,"Longitude":139.5444691},"Nid":-1769707856,"Wid":245303731}
{"Coordinate":{"Latitude":35.7347038,"Longitude":139.5448728},"Nid":-1769707854,"Wid":245303731}
{"Coordinate":{"Latitude":35.7416432,"Longitude":139.5314299},"Nid":682898334,"Wid":141964088}
{"Coordinate":{"Latitude":35.7420222,"Longitude":139.5319701},"Nid":682898348,"Wid":141964088}
{"Coordinate":{"Latitude":35.7175152,"Longitude":139.5432565},"Nid":1608830715,"Wid":147681791}
{"Coordinate":{"Latitude":35.7389963,"Longitude":139.5264126},"Nid":1339795116,"Wid":283271361}
{"Coordinate":{"Latitude":35.7289967,"Longitude":139.5624781},"Nid":1551893402,"Wid":237328118}
{"Coordinate":{"Latitude":35.7124626,"Longitude":139.5215641},"Nid":700848568,"Wid":145230318}
{"Coordinate":{"Latitude":35.7061244,"Longitude":139.5571263},"Nid":1126002220,"Wid":146455062}
{"Coordinate":{"Latitude":35.7358015,"Longitude":139.5465274},"Nid":1551896302,"Wid":141781092}
{"Coordinate":{"Latitude":35.735883,"Longitude":139.5456147},"Nid":1551896356,"Wid":141781092}
{"Coordinate":{"Latitude":35.7277598,"Longitude":139.5300665},"Nid":734885843,"Wid":174398401}
{"Coordinate":{"Latitude":35.7114953,"Longitude":139.5796315},"Nid":410119157,"Wid":38747659}
{"Coordinate":{"Latitude":35.7064895,"Longitude":139.556175},"Nid":1586634027,"Wid":147858884}
{"Coordinate":{"Latitude":35.707217,"Longitude":139.5445822},"Nid":1611666951,"Wid":148057677}
{"Coordinate":{"Latitude":35.7258071,"Longitude":139.5461603},"Nid":1551847896,"Wid":141775081}
{"Coordinate":{"Latitude":35.7267009,"Longitude":139.5463807},"Nid":1551848007,"Wid":141775081}
{"Coordinate":{"Latitude":35.7162014,"Longitude":139.5417526},"Nid":678573888,"Wid":141759400}
{"Coordinate":{"Latitude":35.7303367,"Longitude":139.5487135},"Nid":1551893904,"Wid":141781015}
{"Coordinate":{"Latitude":35.7291094,"Longitude":139.5483912},"Nid":1480367027,"Wid":141781015}
{"Coordinate":{"Latitude":35.7057069,"Longitude":139.5407096},"Nid":1767386211,"Wid":165176306}
{"Coordinate":{"Latitude":35.725579,"Longitude":139.568157},"Nid":1311923819,"Wid":116358996}
{"Coordinate":{"Latitude":35.725597,"Longitude":139.5686305},"Nid":1311926151,"Wid":116358996}
{"Coordinate":{"Latitude":35.7295267,"Longitude":139.5684244},"Nid":1311920604,"Wid":116359062}
{"Coordinate":{"Latitude":35.7298176,"Longitude":139.5675088},"Nid":1551848366,"Wid":116359062}
{"Coordinate":{"Latitude":35.7078079,"Longitude":139.5478674},"Nid":700848697,"Wid":145230436}
{"Coordinate":{"Latitude":35.7070658,"Longitude":139.5475039},"Nid":1586623218,"Wid":145230436}
{"Coordinate":{"Latitude":35.7049153,"Longitude":139.5587267},"Nid":1126002192,"Wid":161644133}
{"Coordinate":{"Latitude":35.727894,"Longitude":139.5349293},"Nid":734885882,"Wid":158185459}
