{"Coordinate":{"Latitude":35.7258863,"Longitude":139.5406925},"Nid":734896449,"Wid":748988988}
{"Coordinate":{"Latitude":35.7442135,"Longitude":139.5657054},"Nid":1199532673,"Wid":141878103}
{"Coordinate":{"Latitude":35.7248128,"Longitude":139.5351137},"Nid":734896325,"Wid":141782689}
{"Coordinate":{"Latitude":35.7253902,"Longitude":139.5362603},"Nid":1551929314,"Wid":141782689}
{"Coordinate":{"Latitude":35.7258719,"Longitude":139.5404118},"Nid":1629231414,"Wid":149986375}
{"Coordinate":{"Latitude":35.7448315,"Longitude":139.5287053},"Nid":926773074,"Wid":79378875}
{"Coordinate":{"Latitude":35.7248128,"Longitude":139.5351137},"Nid":734896325,"Wid":59265531}
{"Coordinate":{"Latitude":35.7246692,"Longitude":139.53488},"Nid":1625003150,"Wid":59265531}
{"Coordinate":{"Latitude":35.735269,"Longitude":139.549233},"Nid":1551896052,"Wid":141781061}
{"Coordinate":{"Latitude":35.7344127,"Longitude":139.5484979},"Nid":1551895533,"Wid":141781061}
{"Coordinate":{"Latitude":35.7059805,"Longitude":139.5449936},"Nid":1586623176,"Wid":145230195}
{"Coordinate":{"Latitude":35.7176343,"Longitude":139.5622989},"Nid":1354233468,"Wid":148951968}
{"Coordinate":{"Latitude":35.7047537,"Longitude":139.5615168},"Nid":683867673,"Wid":37586056}
{"Coordinate":{"Latitude":35.7119903,"Longitude":139.5421219},"Nid":1610041740,"Wid":147857362}
{"Coordinate":{"Latitude":35.7376605,"Longitude":139.549588},"Nid":1553861843,"Wid":141955807}
{"Coordinate":{"Latitude":35.7201434,"Longitude":139.5419626},"Nid":1551736417,"Wid":141759432}
{"Coordinate":{"Latitude":35.7398395,"Longitude":139.5502717},"Nid":1553835506,"Wid":657882622}
{"Coordinate":{"Latitude":35.7171879,"Longitude":139.559546},"Nid":1620122523,"Wid":148951910}
{"Coordinate":{"Latitude":35.7322463,"Longitude":139.5724957},"Nid":-1426098530,"Wid":637951813}
