{"Coordinate":{"Latitude":35.7341691,"Longitude":139.537309},"Nid":1553901365,"Wid":141963709}
{"Coordinate":{"Latitude":35.7140027,"Longitude":139.5461294},"Nid":1586655079,"Wid":145235462}
{"Coordinate":{"Latitude":35.7140027,"Longitude":139.5461294},"Nid":1586655079,"Wid":145235462}
{"Coordinate":{"Latitude":35.7133953,"Longitude":139.5480819},"Nid":1586655039,"Wid":145235462}
{"Coordinate":{"Latitude":35.7133953,"Longitude":139.5480819},"Nid":1586655039,"Wid":145235462}
{"Coordinate":{"Latitude":35.7133017,"Longitude":139.5483826},"Nid":1586655038,"Wid":145235462}
{"Coordinate":{"Latitude":35.712586,"Longitude":139.550683},"Nid":1586654988,"Wid":145235462}
{"Coordinate":{"Latitude":35.7130221,"Longitude":139.5435466},"Nid":-1632096683,"Wid":59062085}
{"Coordinate":{"Latitude":35.720165,"Longitude":139.5391259},"Nid":-2014117187,"Wid":218877511}
{"Coordinate":{"Latitude":35.7127907,"Longitude":139.5718756},"Nid":410119186,"Wid":182696195}
{"Coordinate":{"Latitude":35.727276,"Longitude":139.5440172},"Nid":1629902362,"Wid":150057362}
{"Coordinate":{"Latitude":35.7335906,"Longitude":139.559354},"Nid":1551895065,"Wid":562225710}
{"Coordinate":{"Latitude":35.7176381,"Longitude":139.5420236},"Nid":1623748205,"Wid":149387577}
{"Coordinate":{"Latitude":35.7381603,"Longitude":139.5788918},"Nid":-1816472317,"Wid":240074727}
{"Coordinate":{"Latitude":35.7434579,"Longitude":139.5560099},"Nid":1553836200,"Wid":141952366}
{"Coordinate":{"Latitude":35.7217459,"Longitude":139.5273338},"Nid":-1547907441,"Wid":269499080}
{"Coordinate":{"Latitude":35.7235316,"Longitude":139.538754},"Nid":734896385,"Wid":141764912}
{"Coordinate":{"Latitude":35.732285,"Longitude":139.5287037},"Nid":-1643697966,"Wid":353442269}
{"Coordinate":{"Latitude":35.7246246,"Longitude":139.5397495},"Nid":734896396,"Wid":59265545}
{"Coordinate":{"Latitude":35.7254645,"Longitude":139.5447068},"Nid":1551847831,"Wid":241572784}
{"Coordinate":{"Latitude":35.7087187,"Longitude":139.5290329},"Nid":-1500459438,"Wid":274782837}
{"Coordinate":{"Latitude":35.721032,"Longitude":139.5419177},"Nid":1551736707,"Wid":59265536}
{"Coordinate":{"Latitude":35.7243148,"Longitude":139.5687627},"Nid":1311923032,"Wid":116357914}
