{"Coordinate":{"Latitude":35.7245311,"Longitude":139.5474956},"Nid":1658857819,"Wid":153168532}
{"Coordinate":{"Latitude":35.7236612,"Longitude":139.5553062},"Nid":1631132078,"Wid":150181379}
{"Coordinate":{"Latitude":35.7237291,"Longitude":139.5783944},"Nid":419796733,"Wid":201097101}
{"Coordinate":{"Latitude":35.7236622,"Longitude":139.5763894},"Nid":419796731,"Wid":201097101}
{"Coordinate":{"Latitude":35.7236622,"Longitude":139.5763894},"Nid":419796731,"Wid":201097101}
{"Coordinate":{"Latitude":35.7235514,"Longitude":139.5730888},"Nid":410471372,"Wid":201097101}
{"Coordinate":{"Latitude":35.737857,"Longitude":139.5744037},"Nid":1311927747,"Wid":565795810}
{"Coordinate":{"Latitude":35.7400763,"Longitude":139.5525448},"Nid":1553835602,"Wid":43956526}
{"Coordinate":{"Latitude":35.7400763,"Longitude":139.5525448},"Nid":1553835602,"Wid":43956526}
{"Coordinate":{"Latitude":35.7408869,"Longitude":139.5525072},"Nid":734176418,"Wid":43956526}
{"Coordinate":{"Latitude":35.7408869,"Longitude":139.5525072},"Nid":734176418,"Wid":43956526}
{"Coordinate":{"Latitude":35.7073053,"Longitude":139.5566914},"Nid":1586634051,"Wid":145233234}
{"Coordinate":{"Latitude":35.7074441,"Longitude":139.5563407},"Nid":1586634053,"Wid":145233234}
{"Coordinate":{"Latitude":35.707951,"Longitude":139.55506},"Nid":1586634078,"Wid":145233234}
{"Coordinate":{"Latitude":35.7383823,"Longitude":139.5654132},"Nid":684245115,"Wid":54254269}
{"Coordinate":{"Latitude":35.7407022,"Longitude":139.5336831},"Nid":1553902014,"Wid":141963943}
{"Coordinate":{"Latitude":35.7127609,"Longitude":139.5382758},"Nid":1650161007,"Wid":152181621}
{"Coordinate":{"Latitude":35.7284077,"Longitude":139.5341448},"Nid":734885852,"Wid":59264244}
{"Coordinate":{"Latitude":35.7272833,"Longitude":139.5711866},"Nid":1311922029,"Wid":116358300}
{"Coordinate":{"Latitude":35.7187518,"Longitude":139.5552406},"Nid":1586655190,"Wid":145235434}
{"Coordinate":{"Latitude":35.7215028,"Longitude":139.5252981},"Nid":699532978,"Wid":55676446}
{"Coordinate":{"Latitude":35.720226,"Longitude":139.526877},"Nid":699581063,"Wid":55676446}
{"Coordinate":{"Latitude":35.7048026,"Longitude":139.567195},"Nid":1120806455,"Wid":145130500}
{"Coordinate":{"Latitude":35.7223859,"Longitude":139.5316387},"Nid":734949514,"Wid":269499079}
{"Coordinate":{"Latitude":35.7233031,"Longitude":139.5587963},"Nid":1631131916,"Wid":150181333}
{"Coordinate":{"Latitude":35.7054805,"Longitude":139.5407532},"Nid":1767386180,"Wid":165176333}
{"Coordinate":{"Latitude":35.7137394,"Longitude":139.540971},"Nid":1551802702,"Wid":148319864}
{"Coordinate":{"Latitude":35.7236244,"Longitude":139.5567877},"Nid":1551847439,"Wid":141774991}
