{"Coordinate":{"Latitude":35.7291094,"Longitude":139.5483912},"Nid":1480367027,"Wid":134676909}
{"Coordinate":{"Latitude":35.7284077,"Longitude":139.5341448},"Nid":734885852,"Wid":59264245}
{"Coordinate":{"Latitude":35.7059407,"Longitude":139.529495},"Nid":1675757187,"Wid":155456383}
{"Coordinate":{"Latitude":35.7404735,"Longitude":139.5782541},"Nid":1145265096,"Wid":564723773}
{"Coordinate":{"Latitude":35.7040358,"Longitude":139.5331023},"Nid":1114406621,"Wid":96164642}
{"Coordinate":{"Latitude":35.7154021,"Longitude":139.5593111},"Nid":1620122389,"Wid":148951977}
{"Coordinate":{"Latitude":35.7235889,"Longitude":139.5604842},"Nid":1631132017,"Wid":150181340}
{"Coordinate":{"Latitude":35.723564,"Longitude":139.560729},"Nid":1631132001,"Wid":150181340}
{"Coordinate":{"Latitude":35.72537,"Longitude":139.547704},"Nid":1551847812,"Wid":153168570}
{"Coordinate":{"Latitude":35.7252137,"Longitude":139.546238},"Nid":1658857874,"Wid":153168570}
{"Coordinate":{"Latitude":35.704123,"Longitude":139.5732155},"Nid":366812886,"Wid":32618845}
{"Coordinate":{"Latitude":35.7410626,"Longitude":139.5502655},"Nid":734176270,"Wid":141952390}
{"Coordinate":{"Latitude":35.7205853,"Longitude":139.5565424},"Nid":1615381386,"Wid":148431868}
{"Coordinate":{"Latitude":35.7187703,"Longitude":139.5450327},"Nid":1624984943,"Wid":149530324}
{"Coordinate":{"Latitude":35.7426156,"Longitude":139.5750076},"Nid":-1816472351,"Wid":562129271}
{"Coordinate":{"Latitude":35.7214165,"Longitude":139.5433569},"Nid":1609658129,"Wid":244143268}
{"Coordinate":{"Latitude":35.706721,"Longitude":139.5321371},"Nid":1586623203,"Wid":145230603}
{"Coordinate":{"Latitude":35.7302581,"Longitude":139.5607383},"Nid":1551893859,"Wid":141781132}
{"Coordinate":{"Latitude":35.7057504,"Longitude":139.5677212},"Nid":369672468,"Wid":742090615}
{"Coordinate":{"Latitude":35.7058962,"Longitude":139.5672295},"Nid":369672487,"Wid":742090615}
{"Coordinate":{"Latitude":35.7060453,"Longitude":139.5667359},"Nid":369672496,"Wid":742090615}
{"Coordinate":{"Latitude":35.7429612,"Longitude":139.5576928},"Nid":1553836101,"Wid":560465730}
{"Coordinate":{"Latitude":35.742797,"Longitude":139.555726},"Nid":1553836084,"Wid":560465730}
{"Coordinate":{"Latitude":35.7218136,"Longitude":139.5591807},"Nid":1551847218,"Wid":141774973}
{"Coordinate":{"Latitude":35.7358911,"Longitude":139.5291417},"Nid":1553901419,"Wid":420050817}
