{"Coordinate":{"Latitude":35.7349235,"Longitude":139.5525539},"Nid":1551895845,"Wid":141781065}
{"Coordinate":{"Latitude":35.7281585,"Longitude":139.5529196},"Nid":1621368159,"Wid":141775149}
{"Coordinate":{"Latitude":35.7063591,"Longitude":139.5234336},"Nid":1611613169,"Wid":148052146}
{"Coordinate":{"Latitude":35.7063591,"Longitude":139.5234336},"Nid":1611613169,"Wid":148052146}
{"Coordinate":{"Latitude":35.7331789,"Longitude":139.550531},"Nid":1551894843,"Wid":141781060}
{"Coordinate":{"Latitude":35.7045967,"Longitude":139.5716218},"Nid":366812911,"Wid":32618851}
{"Coordinate":{"Latitude":35.7149843,"Longitude":139.5511965},"Nid":1608796580,"Wid":147676549}
{"Coordinate":{"Latitude":35.7273028,"Longitude":139.53009},"Nid":734885809,"Wid":174398406}
{"Coordinate":{"Latitude":35.7066854,"Longitude":139.5459699},"Nid":1586623199,"Wid":145230411}
{"Coordinate":{"Latitude":35.7066854,"Longitude":139.5459699},"Nid":1586623199,"Wid":145230411}
{"Coordinate":{"Latitude":35.7068936,"Longitude":139.5445169},"Nid":1586623215,"Wid":145230411}
{"Coordinate":{"Latitude":35.7194729,"Longitude":139.5344751},"Nid":1618631273,"Wid":148789551}
{"Coordinate":{"Latitude":35.7114953,"Longitude":139.5796315},"Nid":410119157,"Wid":34946752}
{"Coordinate":{"Latitude":35.7127726,"Longitude":139.5803001},"Nid":459448554,"Wid":34946752}
{"Coordinate":{"Latitude":35.7104356,"Longitude":139.5281672},"Nid":735017580,"Wid":145228059}
{"Coordinate":{"Latitude":35.7172476,"Longitude":139.5450501},"Nid":1608830670,"Wid":147681809}
{"Coordinate":{"Latitude":35.7173976,"Longitude":139.5449096},"Nid":1608830694,"Wid":147681809}
{"Coordinate":{"Latitude":35.7404766,"Longitude":139.5274842},"Nid":1339794930,"Wid":119178459}
{"Coordinate":{"Latitude":35.7050138,"Longitude":139.5414793},"Nid":1767378097,"Wid":165176043}
{"Coordinate":{"Latitude":35.7252137,"Longitude":139.546238},"Nid":1658857874,"Wid":153168549}
{"Coordinate":{"Latitude":35.7400153,"Longitude":139.5307403},"Nid":682926616,"Wid":54144617}
{"Coordinate":{"Latitude":35.7410587,"Longitude":139.5322056},"Nid":682926621,"Wid":54144617}
{"Coordinate":{"Latitude":35.7417862,"Longitude":139.5574756},"Nid":1129805182,"Wid":562764582}
{"Coordinate":{"Latitude":35.742703,"Longitude":139.5575837},"Nid":1129805179,"Wid":562764582}
{"Coordinate":{"Latitude":35.7054915,"Longitude":139.540562},"Nid":1767386181,"Wid":165176314}
{"Coordinate":{"Latitude":35.7178248,"Longitude":139.5765598},"Nid":410471313,"Wid":145237021}
