{"Coordinate":{"Latitude":35.738114,"Longitude":139.5776183},"Nid":1034436270,"Wid":116359275}
{"Coordinate":{"Latitude":35.7060401,"Longitude":139.5444018},"Nid":1586623179,"Wid":145230439}
{"Coordinate":{"Latitude":35.7244626,"Longitude":139.5594133},"Nid":1621520974,"Wid":296954898}
{"Coordinate":{"Latitude":35.7244626,"Longitude":139.5594133},"Nid":1621520974,"Wid":296954898}
{"Coordinate":{"Latitude":35.7369565,"Longitude":139.5433722},"Nid":623351279,"Wid":141781099}
{"Coordinate":{"Latitude":35.7365181,"Longitude":139.5430984},"Nid":1551896691,"Wid":141781099}
{"Coordinate":{"Latitude":35.7171198,"Longitude":139.5280618},"Nid":671899557,"Wid":177776614}
{"Coordinate":{"Latitude":35.7107448,"Longitude":139.5249272},"Nid":1665765867,"Wid":153964951}
{"Coordinate":{"Latitude":35.7119399,"Longitude":139.5443601},"Nid":-1767938855,"Wid":727984963}
{"Coordinate":{"Latitude":35.7112432,"Longitude":139.5439601},"Nid":-1767938853,"Wid":727984963}
{"Coordinate":{"Latitude":35.7207324,"Longitude":139.5407243},"Nid":1580971244,"Wid":149528776}
{"Coordinate":{"Latitude":35.7226508,"Longitude":139.568732},"Nid":-1481777141,"Wid":760851971}
{"Coordinate":{"Latitude":35.7151976,"Longitude":139.5706947},"Nid":410119183,"Wid":34322470}
{"Coordinate":{"Latitude":35.714384,"Longitude":139.57025},"Nid":1586680736,"Wid":34322470}
{"Coordinate":{"Latitude":35.714384,"Longitude":139.57025},"Nid":1586680736,"Wid":34322470}
{"Coordinate":{"Latitude":35.712802,"Longitude":139.5693417},"Nid":554186575,"Wid":34322470}
{"Coordinate":{"Latitude":35.7109502,"Longitude":139.527268},"Nid":1586623268,"Wid":148052251}
{"Coordinate":{"Latitude":35.713975,"Longitude":139.5323464},"Nid":701730573,"Wid":158185465}
