{"Coordinate":{"Latitude":35.7424828,"Longitude":139.5731744},"Nid":-1816472342,"Wid":565829798}
{"Coordinate":{"Latitude":35.7327671,"Longitude":139.5668247},"Nid":1551894759,"Wid":141781081}
{"Coordinate":{"Latitude":35.7233031,"Longitude":139.5587963},"Nid":1631131916,"Wid":150181318}
{"Coordinate":{"Latitude":35.7255079,"Longitude":139.5491325},"Nid":1551847841,"Wid":153168537}
{"Coordinate":{"Latitude":35.7390407,"Longitude":139.5631643},"Nid":-1803102143,"Wid":241576417}
{"Coordinate":{"Latitude":35.7082483,"Longitude":139.5371202},"Nid":735017693,"Wid":55794837}
{"Coordinate":{"Latitude":35.7109502,"Longitude":139.527268},"Nid":1586623268,"Wid":466861182}
{"Coordinate":{"Latitude":35.7265714,"Longitude":139.5676578},"Nid":-1643647196,"Wid":638646004}
{"Coordinate":{"Latitude":35.7321977,"Longitude":139.5420349},"Nid":734176471,"Wid":59199786}
{"Coordinate":{"Latitude":35.7264817,"Longitude":139.5729352},"Nid":1311961007,"Wid":116357633}
{"Coordinate":{"Latitude":35.7155345,"Longitude":139.548522},"Nid":1586655126,"Wid":145235519}
{"Coordinate":{"Latitude":35.7131366,"Longitude":139.5552453},"Nid":1586655017,"Wid":148951916}
{"Coordinate":{"Latitude":35.7397196,"Longitude":139.5444723},"Nid":-2032724768,"Wid":141964153}
{"Coordinate":{"Latitude":35.7338696,"Longitude":139.5439602},"Nid":1551895231,"Wid":141781161}
{"Coordinate":{"Latitude":35.7343911,"Longitude":139.5444691},"Nid":-1769707856,"Wid":141781161}
{"Coordinate":{"Latitude":35.7178674,"Longitude":139.5389194},"Nid":1618654706,"Wid":148789918}
{"Coordinate":{"Latitude":35.710699,"Longitude":139.5639866},"Nid":732097102,"Wid":149113407}
{"Coordinate":{"Latitude":35.7319513,"Longitude":139.564226},"Nid":1551894436,"Wid":141780861}
{"Coordinate":{"Latitude":35.7228707,"Longitude":139.56012},"Nid":1551847367,"Wid":150181358}
{"Coordinate":{"Latitude":35.7278081,"Longitude":139.5728679},"Nid":1311960513,"Wid":560080431}
{"Coordinate":{"Latitude":35.7352931,"Longitude":139.5542017},"Nid":1551896031,"Wid":141780845}
