{"Coordinate":{"Latitude":35.7194514,"Longitude":139.5543721},"Nid":1586655197,"Wid":145235525}
{"Coordinate":{"Latitude":35.727268,"Longitude":139.5577446},"Nid":1551848074,"Wid":538954458}
{"Coordinate":{"Latitude":35.727268,"Longitude":139.5577446},"Nid":1551848074,"Wid":538954458}
{"Coordinate":{"Latitude":35.7215648,"Longitude":139.5499805},"Nid":1580971335,"Wid":144553425}
{"Coordinate":{"Latitude":35.7215648,"Longitude":139.5499805},"Nid":1580971335,"Wid":144553426}
{"Coordinate":{"Latitude":35.7237291,"Longitude":139.5783944},"Nid":419796733,"Wid":116367913}
{"Coordinate":{"Latitude":35.7376113,"Longitude":139.5715173},"Nid":1311928488,"Wid":116357685}
{"Coordinate":{"Latitude":35.7398625,"Longitude":139.5727601},"Nid":1311921794,"Wid":116357685}
{"Coordinate":{"Latitude":35.7227188,"Longitude":139.5493254},"Nid":1551736998,"Wid":141775163}
{"Coordinate":{"Latitude":35.7234073,"Longitude":139.5473099},"Nid":1551847450,"Wid":141775163}
{"Coordinate":{"Latitude":35.7073425,"Longitude":139.5415462},"Nid":752126048,"Wid":145230601}
{"Coordinate":{"Latitude":35.7056741,"Longitude":139.5426893},"Nid":1586623164,"Wid":145230601}
{"Coordinate":{"Latitude":35.7044288,"Longitude":139.5649861},"Nid":369672543,"Wid":32806015}
{"Coordinate":{"Latitude":35.7112432,"Longitude":139.5439601},"Nid":-1767938853,"Wid":727982925}
{"Coordinate":{"Latitude":35.7119399,"Longitude":139.5443601},"Nid":-1767938855,"Wid":727982925}
{"Coordinate":{"Latitude":35.7203936,"Longitude":139.5657814},"Nid":687495452,"Wid":775451350}
{"Coordinate":{"Latitude":35.7212785,"Longitude":139.5663089},"Nid":-1334283826,"Wid":775451350}
{"Coordinate":{"Latitude":35.7188381,"Longitude":139.5330211},"Nid":1551802973,"Wid":141765221}
{"Coordinate":{"Latitude":35.7369268,"Longitude":139.5646451},"Nid":1551896914,"Wid":141781062}
{"Coordinate":{"Latitude":35.7368799,"Longitude":139.5634564},"Nid":1551896898,"Wid":141781062}
{"Coordinate":{"Latitude":35.7391436,"Longitude":139.5597068},"Nid":1553835450,"Wid":141952450}
{"Coordinate":{"Latitude":35.7398172,"Longitude":139.5596425},"Nid":1553835495,"Wid":141952450}
{"Coordinate":{"Latitude":35.736686,"Longitude":139.5727285},"Nid":1311922635,"Wid":116357840}
{"Coordinate":{"Latitude":35.7380986,"Longitude":139.5729435},"Nid":1311920991,"Wid":116357840}
{"Coordinate":{"Latitude":35.7109372,"Longitude":139.5384935},"Nid":-1632086029,"Wid":260723544}
{"Coordinate":{"Latitude":35.7299895,"Longitude":139.5588048},"Nid":-1842489367,"Wid":279732684}
{"Coordinate":{"Latitude":35.73884,"Longitude":139.5456951},"Nid":1553901608,"Wid":144970766}
{"Coordinate":{"Latitude":35.7241112,"Longitude":139.5380245},"Nid":1551803887,"Wid":149986316}
