{"Coordinate":{"Latitude":35.7272846,"Longitude":139.5586733},"Nid":1551848078,"Wid":563877355}
{"Coordinate":{"Latitude":35.7364983,"Longitude":139.5326713},"Nid":1553901456,"Wid":420022580}
{"Coordinate":{"Latitude":35.7375471,"Longitude":139.5743974},"Nid":1311924351,"Wid":116358188}
{"Coordinate":{"Latitude":35.7235377,"Longitude":139.5547414},"Nid":1551847459,"Wid":141775171}
{"Coordinate":{"Latitude":35.7243698,"Longitude":139.5548982},"Nid":1551847616,"Wid":141775171}
{"Coordinate":{"Latitude":35.7231603,"Longitude":139.5258281},"Nid":699532982,"Wid":141764821}
{"Coordinate":{"Latitude":35.7397767,"Longitude":139.5733594},"Nid":1311926127,"Wid":565795816}
{"Coordinate":{"Latitude":35.7246441,"Longitude":139.5364406},"Nid":1629231356,"Wid":149986380}
{"Coordinate":{"Latitude":35.7246441,"Longitude":139.5364406},"Nid":1629231356,"Wid":149986380}
{"Coordinate":{"Latitude":35.7256438,"Longitude":139.5478616},"Nid":-1500466151,"Wid":274782191}
{"Coordinate":{"Latitude":35.7258428,"Longitude":139.5477326},"Nid":-1500466141,"Wid":274782191}
{"Coordinate":{"Latitude":35.723995,"Longitude":139.5567901},"Nid":1621376691,"Wid":149116042}
{"Coordinate":{"Latitude":35.7234073,"Longitude":139.5473099},"Nid":1551847450,"Wid":141775018}
{"Coordinate":{"Latitude":35.723359,"Longitude":139.546484},"Nid":1551847438,"Wid":141775018}
{"Coordinate":{"Latitude":35.7087424,"Longitude":139.542331},"Nid":1586623257,"Wid":158188216}
{"Coordinate":{"Latitude":35.7080515,"Longitude":139.541011},"Nid":1586623242,"Wid":158188216}
{"Coordinate":{"Latitude":35.7356441,"Longitude":139.55641},"Nid":1551896273,"Wid":141781209}
{"Coordinate":{"Latitude":35.734666,"Longitude":139.555212},"Nid":1551895758,"Wid":141781209}
{"Coordinate":{"Latitude":35.734666,"Longitude":139.555212},"Nid":1551895758,"Wid":141781209}
{"Coordinate":{"Latitude":35.7098781,"Longitude":139.5415909},"Nid":1611667031,"Wid":147857342}
{"Coordinate":{"Latitude":35.7109996,"Longitude":139.5418839},"Nid":1610041708,"Wid":147857342}
{"Coordinate":{"Latitude":35.7394352,"Longitude":139.5806301},"Nid":1311920498,"Wid":116358960}
{"Coordinate":{"Latitude":35.7072875,"Longitude":139.5471339},"Nid":1586623221,"Wid":148057682}
{"Coordinate":{"Latitude":35.7182447,"Longitude":139.5425702},"Nid":1623748332,"Wid":149387559}
{"Coordinate":{"Latitude":35.7252955,"Longitude":139.5270736},"Nid":1551804031,"Wid":284237717}
{"Coordinate":{"Latitude":35.7278214,"Longitude":139.5306509},"Nid":703516315,"Wid":56047913}
{"Coordinate":{"Latitude":35.7056042,"Longitude":139.5410485},"Nid":1767386199,"Wid":165176350}
{"Coordinate":{"Latitude":35.7093407,"Longitude":139.5359048},"Nid":735017736,"Wid":145129801}
{"Coordinate":{"Latitude":35.7102703,"Longitude":139.5358715},"Nid":735017764,"Wid":145129801}
{"Coordinate":{"Latitude":35.7070155,"Longitude":139.5476063},"Nid":1611666937,"Wid":148057754}
{"Coordinate":{"Latitude":35.7068816,"Longitude":139.5478528},"Nid":1586623214,"Wid":148057754}
{"Coordinate":{"Latitude":35.7146316,"Longitude":139.558747},"Nid":1620122290,"Wid":148951944}
{"Coordinate":{"Latitude":35.7153166,"Longitude":139.5643008},"Nid":1621355411,"Wid":149113414}
{"Coordinate":{"Latitude":35.7301431,"Longitude":139.5747227},"Nid":1311921338,"Wid":116357724}
{"Coordinate":{"Latitude":35.7301992,"Longitude":139.576044},"Nid":1311928457,"Wid":116357724}
{"Coordinate":{"Latitude":35.7293262,"Longitude":139.5761692},"Nid":1311922308,"Wid":116357868}
{"Coordinate":{"Latitude":35.72868,"Longitude":139.5763444},"Nid":1311922354,"Wid":116357868}
