{"Coordinate":{"Latitude":35.7315586,"Longitude":139.5683131},"Nid":1551894223,"Wid":141781317}
{"Coordinate":{"Latitude":35.731673,"Longitude":139.5667095},"Nid":1551894242,"Wid":141781317}
{"Coordinate":{"Latitude":35.731673,"Longitude":139.5667095},"Nid":1551894242,"Wid":141781317}
{"Coordinate":{"Latitude":35.7317107,"Longitude":139.5662504},"Nid":1551894258,"Wid":141781317}
{"Coordinate":{"Latitude":35.7320338,"Longitude":139.5601157},"Nid":-920160595,"Wid":141781317}
{"Coordinate":{"Latitude":35.7320338,"Longitude":139.5601157},"Nid":-920160595,"Wid":141781317}
{"Coordinate":{"Latitude":35.7320293,"Longitude":139.5588678},"Nid":1551894456,"Wid":141781317}
{"Coordinate":{"Latitude":35.7320293,"Longitude":139.5588678},"Nid":1551894456,"Wid":141781317}
{"Coordinate":{"Latitude":35.7320346,"Longitude":139.5569723},"Nid":1551894478,"Wid":141781317}
{"Coordinate":{"Latitude":35.7320346,"Longitude":139.5569723},"Nid":1551894478,"Wid":141781317}
{"Coordinate":{"Latitude":35.7320372,"Longitude":139.5546546},"Nid":1551894476,"Wid":141781317}
{"Coordinate":{"Latitude":35.7320372,"Longitude":139.5546546},"Nid":1551894476,"Wid":141781317}
{"Coordinate":{"Latitude":35.7320225,"Longitude":139.554281},"Nid":-2034016016,"Wid":141781317}
{"Coordinate":{"Latitude":35.7320225,"Longitude":139.554281},"Nid":-2034016016,"Wid":141781317}
{"Coordinate":{"Latitude":35.7319573,"Longitude":139.5527893},"Nid":1551894441,"Wid":141781317}
{"Coordinate":{"Latitude":35.7318442,"Longitude":139.5504989},"Nid":1551894410,"Wid":141781317}
{"Coordinate":{"Latitude":35.7318442,"Longitude":139.5504989},"Nid":1551894410,"Wid":141781317}
{"Coordinate":{"Latitude":35.7317048,"Longitude":139.54879},"Nid":1551894244,"Wid":141781317}
{"Coordinate":{"Latitude":35.7317048,"Longitude":139.54879},"Nid":1551894244,"Wid":141781317}
{"Coordinate":{"Latitude":35.7313863,"Longitude":139.5452676},"Nid":1551894203,"Wid":141781317}
{"Coordinate":{"Latitude":35.7313863,"Longitude":139.5452676},"Nid":1551894203,"Wid":141781317}
{"Coordinate":{"Latitude":35.7317793,"Longitude":139.5424309},"Nid":734176465,"Wid":141781317}
{"Coordinate":{"Latitude":35.7317793,"Longitude":139.5424309},"Nid":734176465,"Wid":141781317}
{"Coordinate":{"Latitude":35.7419307,"Longitude":139.5764841},"Nid":1311924870,"Wid":243113757}
{"Coordinate":{"Latitude":35.7361375,"Longitude":139.5805639},"Nid":1311926583,"Wid":116359197}
{"Coordinate":{"Latitude":35.7237376,"Longitude":139.5405745},"Nid":1551803817,"Wid":149986359}
{"Coordinate":{"Latitude":35.7229562,"Longitude":139.5405061},"Nid":1629231290,"Wid":149986359}
{"Coordinate":{"Latitude":35.7408869,"Longitude":139.5525072},"Nid":734176418,"Wid":141952468}
{"Coordinate":{"Latitude":35.7320044,"Longitude":139.5368703},"Nid":1553901257,"Wid":141964337}
{"Coordinate":{"Latitude":35.7313636,"Longitude":139.5593854},"Nid":1551894199,"Wid":238513919}
{"Coordinate":{"Latitude":35.7313636,"Longitude":139.5593854},"Nid":1551894199,"Wid":238513919}
{"Coordinate":{"Latitude":35.7251086,"Longitude":139.5479019},"Nid":1658857866,"Wid":153168546}
{"Coordinate":{"Latitude":35.744921,"Longitude":139.5622128},"Nid":1199532757,"Wid":103925223}
{"Coordinate":{"Latitude":35.7422718,"Longitude":139.5386341},"Nid":-2017823881,"Wid":249366774}
{"Coordinate":{"Latitude":35.7123924,"Longitude":139.5486262},"Nid":1609999987,"Wid":147855683}
{"Coordinate":{"Latitude":35.7408585,"Longitude":139.560134},"Nid":1553835687,"Wid":141952547}
{"Coordinate":{"Latitude":35.7406994,"Longitude":139.5581615},"Nid":1553835670,"Wid":141952547}
{"Coordinate":{"Latitude":35.7164214,"Longitude":139.5642952},"Nid":1621355432,"Wid":149113421}
{"Coordinate":{"Latitude":35.7334999,"Longitude":139.5631626},"Nid":1551894990,"Wid":237328113}
{"Coordinate":{"Latitude":35.7209641,"Longitude":139.545236},"Nid":1609649446,"Wid":147778563}
{"Coordinate":{"Latitude":35.7204762,"Longitude":139.5454043},"Nid":1551736501,"Wid":147778570}
{"Coordinate":{"Latitude":35.7351292,"Longitude":139.5509157},"Nid":1551895960,"Wid":141780963}
{"Coordinate":{"Latitude":35.730793,"Longitude":139.5622551},"Nid":1551894052,"Wid":141780865}
{"Coordinate":{"Latitude":35.7070507,"Longitude":139.5487288},"Nid":1611666942,"Wid":148057739}
{"Coordinate":{"Latitude":35.7419081,"Longitude":139.5790798},"Nid":-1426097652,"Wid":565829815}
