{"Coordinate":{"Latitude":35.7205178,"Longitude":139.5698317},"Nid":1697457296,"Wid":157511396}
{"Coordinate":{"Latitude":35.7417057,"Longitude":139.5372744},"Nid":1553902071,"Wid":141964175}
{"Coordinate":{"Latitude":35.7424281,"Longitude":139.5362801},"Nid":682898365,"Wid":141964175}
{"Coordinate":{"Latitude":35.7249636,"Longitude":139.5348683},"Nid":687489222,"Wid":59265530}
{"Coordinate":{"Latitude":35.7260178,"Longitude":139.5355574},"Nid":734896330,"Wid":59265530}
{"Coordinate":{"Latitude":35.7087424,"Longitude":139.542331},"Nid":1586623257,"Wid":145230615}
{"Coordinate":{"Latitude":35.7383823,"Longitude":139.5654132},"Nid":684245115,"Wid":141955733}
{"Coordinate":{"Latitude":35.7386261,"Longitude":139.5636649},"Nid":1553862182,"Wid":141955733}
{"Coordinate":{"Latitude":35.7185036,"Longitude":139.5366514},"Nid":1618654725,"Wid":148789938}
{"Coordinate":{"Latitude":35.7186115,"Longitude":139.5367732},"Nid":1618654731,"Wid":148789938}
{"Coordinate":{"Latitude":35.712446,"Longitude":139.5542613},"Nid":1620121681,"Wid":148951957}
{"Coordinate":{"Latitude":35.7104001,"Longitude":139.5441678},"Nid":1611617853,"Wid":148052374}
{"Coordinate":{"Latitude":35.74071,"Longitude":139.5720281},"Nid":-2034152694,"Wid":240074736}
{"Coordinate":{"Latitude":35.7215657,"Longitude":139.5456035},"Nid":1609649465,"Wid":147778586}
{"Coordinate":{"Latitude":35.7211662,"Longitude":139.5460026},"Nid":1551736658,"Wid":147778586}
{"Coordinate":{"Latitude":35.7398625,"Longitude":139.5727601},"Nid":1311921794,"Wid":116357532}
{"Coordinate":{"Latitude":35.7397767,"Longitude":139.5733594},"Nid":1311926127,"Wid":116357532}
{"Coordinate":{"Latitude":35.7180698,"Longitude":139.5425746},"Nid":1551735934,"Wid":149387569}
{"Coordinate":{"Latitude":35.7180689,"Longitude":139.5420965},"Nid":1623748325,"Wid":149387569}
{"Coordinate":{"Latitude":35.7057286,"Longitude":139.5517756},"Nid":1600790272,"Wid":147858883}
{"Coordinate":{"Latitude":35.7057069,"Longitude":139.5407096},"Nid":1767386211,"Wid":165176340}
{"Coordinate":{"Latitude":35.7167737,"Longitude":139.5411849},"Nid":1551735847,"Wid":149387584}
{"Coordinate":{"Latitude":35.718039,"Longitude":139.5412404},"Nid":-2118535457,"Wid":149387584}
{"Coordinate":{"Latitude":35.7424828,"Longitude":139.5731744},"Nid":-1816472342,"Wid":637899847}
{"Coordinate":{"Latitude":35.7063618,"Longitude":139.5485657},"Nid":1611666895,"Wid":148057688}
{"Coordinate":{"Latitude":35.7193785,"Longitude":139.5560018},"Nid":1615381265,"Wid":148431849}
{"Coordinate":{"Latitude":35.7308583,"Longitude":139.5266643},"Nid":1850960346,"Wid":174398411}
{"Coordinate":{"Latitude":35.7223395,"Longitude":139.5439597},"Nid":1551736977,"Wid":141759586}
