{"Coordinate":{"Latitude":35.7199281,"Longitude":139.549309},"Nid":1551736350,"Wid":141759598}
{"Coordinate":{"Latitude":35.7201106,"Longitude":139.5513297},"Nid":1586339417,"Wid":141759598}
{"Coordinate":{"Latitude":35.705511,"Longitude":139.5446369},"Nid":1586623152,"Wid":148183095}
{"Coordinate":{"Latitude":35.7060201,"Longitude":139.5446401},"Nid":1612886661,"Wid":148183095}
{"Coordinate":{"Latitude":35.7371052,"Longitude":139.5490158},"Nid":-1817686975,"Wid":657882675}
{"Coordinate":{"Latitude":35.737431,"Longitude":139.5482631},"Nid":-1817687037,"Wid":657882675}
{"Coordinate":{"Latitude":35.737431,"Longitude":139.5482631},"Nid":-1817687037,"Wid":657882675}
{"Coordinate":{"Latitude":35.7313758,"Longitude":139.5745012},"Nid":393096187,"Wid":560710015}
{"Coordinate":{"Latitude":35.7119903,"Longitude":139.5421219},"Nid":1610041740,"Wid":145235528}
{"Coordinate":{"Latitude":35.711882,"Longitude":139.543088},"Nid":1586654947,"Wid":145235528}
{"Coordinate":{"Latitude":35.7405255,"Longitude":139.5348108},"Nid":-1787118376,"Wid":284233350}
{"Coordinate":{"Latitude":35.7295183,"Longitude":139.5232191},"Nid":733936916,"Wid":141765229}
{"Coordinate":{"Latitude":35.7153928,"Longitude":139.5640967},"Nid":1621355413,"Wid":149113406}
{"Coordinate":{"Latitude":35.7447589,"Longitude":139.5455126},"Nid":1078676814,"Wid":93059779}
{"Coordinate":{"Latitude":35.7227149,"Longitude":139.5328846},"Nid":1625003089,"Wid":259682890}
{"Coordinate":{"Latitude":35.7223343,"Longitude":139.5319315},"Nid":734949518,"Wid":259682890}
{"Coordinate":{"Latitude":35.7219233,"Longitude":139.5266597},"Nid":-1547907429,"Wid":55796509}
{"Coordinate":{"Latitude":35.7042214,"Longitude":139.545187},"Nid":1586623136,"Wid":145229948}
{"Coordinate":{"Latitude":35.7387608,"Longitude":139.5719794},"Nid":-1426343149,"Wid":237324447}
