{"Coordinate":{"Latitude":35.7394331,"Longitude":139.5340095},"Nid":682898341,"Wid":54144616}
{"Coordinate":{"Latitude":35.7410587,"Longitude":139.5322056},"Nid":682926621,"Wid":54144616}
{"Coordinate":{"Latitude":35.7410587,"Longitude":139.5322056},"Nid":682926621,"Wid":54144616}
{"Coordinate":{"Latitude":35.7416432,"Longitude":139.5314299},"Nid":682898334,"Wid":54144616}
{"Coordinate":{"Latitude":35.7074904,"Longitude":139.5446795},"Nid":1611666969,"Wid":148057764}
{"Coordinate":{"Latitude":35.7072109,"Longitude":139.5446227},"Nid":1611666947,"Wid":148057764}
{"Coordinate":{"Latitude":35.7139925,"Longitude":139.5300155},"Nid":1704151394,"Wid":158185461}
{"Coordinate":{"Latitude":35.7248441,"Longitude":139.5419137},"Nid":1551847752,"Wid":141775175}
{"Coordinate":{"Latitude":35.7164765,"Longitude":139.5413009},"Nid":1614274046,"Wid":148319890}
{"Coordinate":{"Latitude":35.7168796,"Longitude":139.5415657},"Nid":1623748077,"Wid":148319890}
{"Coordinate":{"Latitude":35.7387437,"Longitude":139.5686073},"Nid":1311922206,"Wid":116358778}
{"Coordinate":{"Latitude":35.7388639,"Longitude":139.5683866},"Nid":1311928391,"Wid":116358778}
{"Coordinate":{"Latitude":35.7388639,"Longitude":139.5683866},"Nid":1311928391,"Wid":116358778}
{"Coordinate":{"Latitude":35.7395499,"Longitude":139.5682388},"Nid":1311921747,"Wid":116358778}
{"Coordinate":{"Latitude":35.7278685,"Longitude":139.5720131},"Nid":1311923042,"Wid":116357822}
{"Coordinate":{"Latitude":35.7149429,"Longitude":139.5362903},"Nid":1650196487,"Wid":152183176}
{"Coordinate":{"Latitude":35.7078079,"Longitude":139.5478674},"Nid":700848697,"Wid":145230386}
{"Coordinate":{"Latitude":35.7355231,"Longitude":139.5785448},"Nid":1223378048,"Wid":106293800}
{"Coordinate":{"Latitude":35.7269766,"Longitude":139.5754226},"Nid":410119178,"Wid":672473150}
{"Coordinate":{"Latitude":35.7430745,"Longitude":139.5706266},"Nid":1311924418,"Wid":116358541}
{"Coordinate":{"Latitude":35.7439168,"Longitude":139.5705632},"Nid":1311923130,"Wid":116358541}
{"Coordinate":{"Latitude":35.7399297,"Longitude":139.551331},"Nid":1553835551,"Wid":141952541}
{"Coordinate":{"Latitude":35.7398395,"Longitude":139.5502717},"Nid":1553835506,"Wid":141952541}
{"Coordinate":{"Latitude":35.7398395,"Longitude":139.5502717},"Nid":1553835506,"Wid":141952541}
{"Coordinate":{"Latitude":35.7391916,"Longitude":139.5493749},"Nid":1553835456,"Wid":141952541}
{"Coordinate":{"Latitude":35.7201455,"Longitude":139.5414097},"Nid":1623748577,"Wid":149387534}
{"Coordinate":{"Latitude":35.7211646,"Longitude":139.5413502},"Nid":2045633105,"Wid":194053358}
{"Coordinate":{"Latitude":35.7211016,"Longitude":139.5415845},"Nid":2045633100,"Wid":194053358}
{"Coordinate":{"Latitude":35.7092256,"Longitude":139.5420012},"Nid":1611667004,"Wid":148057781}
{"Coordinate":{"Latitude":35.7095082,"Longitude":139.5418055},"Nid":1611667010,"Wid":148057781}
{"Coordinate":{"Latitude":35.7396759,"Longitude":139.5690509},"Nid":-2034148175,"Wid":116358930}
{"Coordinate":{"Latitude":35.7343024,"Longitude":139.5300791},"Nid":1553901375,"Wid":54144463}
{"Coordinate":{"Latitude":35.7386717,"Longitude":139.5711476},"Nid":1311928187,"Wid":479291279}
{"Coordinate":{"Latitude":35.7070155,"Longitude":139.5476063},"Nid":1611666937,"Wid":148057760}
{"Coordinate":{"Latitude":35.7065945,"Longitude":139.5470817},"Nid":1586623206,"Wid":148057760}
{"Coordinate":{"Latitude":35.7232007,"Longitude":139.5600556},"Nid":1631131883,"Wid":150181339}
{"Coordinate":{"Latitude":35.736381,"Longitude":139.5453955},"Nid":-1769707837,"Wid":245303715}
{"Coordinate":{"Latitude":35.7196607,"Longitude":139.5448521},"Nid":1551736247,"Wid":141759513}
{"Coordinate":{"Latitude":35.7200265,"Longitude":139.5557482},"Nid":1615381348,"Wid":148431861}
{"Coordinate":{"Latitude":35.7237585,"Longitude":139.5409031},"Nid":1551803821,"Wid":141765262}
{"Coordinate":{"Latitude":35.7232215,"Longitude":139.5408418},"Nid":1551803623,"Wid":141765262}
{"Coordinate":{"Latitude":35.7387608,"Longitude":139.5719794},"Nid":-1426343149,"Wid":282926076}
{"Coordinate":{"Latitude":35.7052739,"Longitude":139.5399337},"Nid":1767386154,"Wid":165176307}
{"Coordinate":{"Latitude":35.7266623,"Longitude":139.534204},"Nid":734896322,"Wid":141963762}
