{"Coordinate":{"Latitude":35.733685,"Longitude":139.5792943},"Nid":1223378163,"Wid":106293815}
{"Coordinate":{"Latitude":35.7049073,"Longitude":139.5572299},"Nid":1679012160,"Wid":155513891}
{"Coordinate":{"Latitude":35.7049073,"Longitude":139.5572299},"Nid":1679012160,"Wid":155513891}
{"Coordinate":{"Latitude":35.7283245,"Longitude":139.5646352},"Nid":1551848255,"Wid":560710019}
{"Coordinate":{"Latitude":35.716947,"Longitude":139.5716587},"Nid":544473443,"Wid":145236048}
{"Coordinate":{"Latitude":35.715923,"Longitude":139.5509056},"Nid":778224414,"Wid":779233667}
{"Coordinate":{"Latitude":35.715923,"Longitude":139.5509056},"Nid":778224414,"Wid":779233667}
{"Coordinate":{"Latitude":35.7161086,"Longitude":139.547132},"Nid":1551735765,"Wid":141759480}
{"Coordinate":{"Latitude":35.7047537,"Longitude":139.5615168},"Nid":683867673,"Wid":145238510}
{"Coordinate":{"Latitude":35.711103,"Longitude":139.5506976},"Nid":732097087,"Wid":742069268}
{"Coordinate":{"Latitude":35.712586,"Longitude":139.550683},"Nid":1586654988,"Wid":742069268}
{"Coordinate":{"Latitude":35.7442236,"Longitude":139.5586823},"Nid":684245015,"Wid":141952401}
{"Coordinate":{"Latitude":35.722068,"Longitude":139.5366125},"Nid":1551803411,"Wid":141764976}
{"Coordinate":{"Latitude":35.7195852,"Longitude":139.5362956},"Nid":1551803081,"Wid":141764976}
{"Coordinate":{"Latitude":35.7195852,"Longitude":139.5362956},"Nid":1551803081,"Wid":141764976}
{"Coordinate":{"Latitude":35.7185592,"Longitude":139.5362262},"Nid":1551802935,"Wid":141764976}
{"Coordinate":{"Latitude":35.7381641,"Longitude":139.5615527},"Nid":1553861986,"Wid":141955749}
{"Coordinate":{"Latitude":35.7074704,"Longitude":139.5695639},"Nid":372386478,"Wid":33036432}
{"Coordinate":{"Latitude":35.7185522,"Longitude":139.5551315},"Nid":1615381214,"Wid":148431891}
{"Coordinate":{"Latitude":35.7344955,"Longitude":139.5624277},"Nid":1551895590,"Wid":237328119}
{"Coordinate":{"Latitude":35.7216038,"Longitude":139.5419294},"Nid":2045633115,"Wid":194053353}
{"Coordinate":{"Latitude":35.7043096,"Longitude":139.5653353},"Nid":369672559,"Wid":145130493}
{"Coordinate":{"Latitude":35.7181511,"Longitude":139.5354244},"Nid":1722664823,"Wid":160465345}
{"Coordinate":{"Latitude":35.7142521,"Longitude":139.5369339},"Nid":734949283,"Wid":141782674}
{"Coordinate":{"Latitude":35.7141823,"Longitude":139.5380964},"Nid":1551929196,"Wid":141782674}
{"Coordinate":{"Latitude":35.7097717,"Longitude":139.566483},"Nid":1621355341,"Wid":149113405}
{"Coordinate":{"Latitude":35.7324692,"Longitude":139.5634491},"Nid":1551894686,"Wid":141781123}
{"Coordinate":{"Latitude":35.744868,"Longitude":139.5743342},"Nid":1223317412,"Wid":116359185}
{"Coordinate":{"Latitude":35.7173858,"Longitude":139.5319894},"Nid":1618620609,"Wid":148789392}
{"Coordinate":{"Latitude":35.7041844,"Longitude":139.5656657},"Nid":369672563,"Wid":145130473}
{"Coordinate":{"Latitude":35.7055464,"Longitude":139.5555782},"Nid":683867681,"Wid":145233247}
