{"Coordinate":{"Latitude":35.7400153,"Longitude":139.5307403},"Nid":682926616,"Wid":744240504}
{"Coordinate":{"Latitude":35.722785,"Longitude":139.5582482},"Nid":1551847341,"Wid":150181345}
{"Coordinate":{"Latitude":35.7335364,"Longitude":139.5544413},"Nid":2082779883,"Wid":260421348}
{"Coordinate":{"Latitude":35.7320225,"Longitude":139.554281},"Nid":-2034016016,"Wid":260421348}
{"Coordinate":{"Latitude":35.7446684,"Longitude":139.5664393},"Nid":1199532641,"Wid":103925240}
{"Coordinate":{"Latitude":35.7444005,"Longitude":139.5657553},"Nid":1199532651,"Wid":103925240}
{"Coordinate":{"Latitude":35.7379453,"Longitude":139.5652842},"Nid":1553861882,"Wid":141955731}
{"Coordinate":{"Latitude":35.7379271,"Longitude":139.5645774},"Nid":1553861879,"Wid":141955731}
{"Coordinate":{"Latitude":35.7379271,"Longitude":139.5645774},"Nid":1553861879,"Wid":141955731}
{"Coordinate":{"Latitude":35.7378907,"Longitude":139.5638488},"Nid":1553861875,"Wid":141955731}
{"Coordinate":{"Latitude":35.7390407,"Longitude":139.5631643},"Nid":-1803102143,"Wid":241576389}
{"Coordinate":{"Latitude":35.7433137,"Longitude":139.5656533},"Nid":1110063219,"Wid":141952481}
{"Coordinate":{"Latitude":35.7441176,"Longitude":139.5656822},"Nid":1199532626,"Wid":141952481}
{"Coordinate":{"Latitude":35.7427085,"Longitude":139.5588344},"Nid":-2070819764,"Wid":241576395}
{"Coordinate":{"Latitude":35.7194456,"Longitude":139.5357158},"Nid":1626529058,"Wid":149705055}
{"Coordinate":{"Latitude":35.7118835,"Longitude":139.536682},"Nid":-1632096691,"Wid":260724269}
{"Coordinate":{"Latitude":35.7151251,"Longitude":139.5394122},"Nid":1551802765,"Wid":148319897}
{"Coordinate":{"Latitude":35.7149015,"Longitude":139.538995},"Nid":1614273979,"Wid":148319897}
{"Coordinate":{"Latitude":35.7133762,"Longitude":139.52646},"Nid":1665766025,"Wid":153964936}
{"Coordinate":{"Latitude":35.7047537,"Longitude":139.5615168},"Nid":683867673,"Wid":96054578}
{"Coordinate":{"Latitude":35.7221069,"Longitude":139.5413754},"Nid":2045633136,"Wid":141765090}
{"Coordinate":{"Latitude":35.7059407,"Longitude":139.529495},"Nid":1675757187,"Wid":155149841}
{"Coordinate":{"Latitude":35.7115978,"Longitude":139.5413148},"Nid":1611667079,"Wid":148057743}
{"Coordinate":{"Latitude":35.7258071,"Longitude":139.5461603},"Nid":1551847896,"Wid":141775129}
{"Coordinate":{"Latitude":35.72537,"Longitude":139.547704},"Nid":1551847812,"Wid":141775129}
{"Coordinate":{"Latitude":35.7241744,"Longitude":139.5468531},"Nid":1658857801,"Wid":153168538}
{"Coordinate":{"Latitude":35.7247991,"Longitude":139.5261817},"Nid":699532998,"Wid":55672155}
{"Coordinate":{"Latitude":35.7320804,"Longitude":139.5339043},"Nid":1553901268,"Wid":141964054}
{"Coordinate":{"Latitude":35.731613,"Longitude":139.5344011},"Nid":-1643714311,"Wid":141964054}
{"Coordinate":{"Latitude":35.7052739,"Longitude":139.5399337},"Nid":1767386154,"Wid":165176363}
{"Coordinate":{"Latitude":35.7054294,"Longitude":139.5402126},"Nid":1767386171,"Wid":165176363}
{"Coordinate":{"Latitude":35.7063618,"Longitude":139.5485657},"Nid":1611666895,"Wid":148057763}
{"Coordinate":{"Latitude":35.7066077,"Longitude":139.5485324},"Nid":1586623196,"Wid":148057763}
{"Coordinate":{"Latitude":35.7300437,"Longitude":139.5591887},"Nid":1551893728,"Wid":141781037}
{"Coordinate":{"Latitude":35.7305832,"Longitude":139.5677935},"Nid":1551894001,"Wid":141781014}
{"Coordinate":{"Latitude":35.7298176,"Longitude":139.5675088},"Nid":1551848366,"Wid":141781014}
{"Coordinate":{"Latitude":35.7299729,"Longitude":139.5586869},"Nid":1551893715,"Wid":279732688}
{"Coordinate":{"Latitude":35.7057313,"Longitude":139.5402881},"Nid":1767386220,"Wid":165176360}
{"Coordinate":{"Latitude":35.7054971,"Longitude":139.5404651},"Nid":1767386183,"Wid":165176360}
{"Coordinate":{"Latitude":35.7195852,"Longitude":139.5362956},"Nid":1551803081,"Wid":149705041}
