{"Coordinate":{"Latitude":35.7215648,"Longitude":139.5499805},"Nid":1580971335,"Wid":144553421}
{"Coordinate":{"Latitude":35.7214875,"Longitude":139.5505254},"Nid":1580971324,"Wid":144553421}
{"Coordinate":{"Latitude":35.7091445,"Longitude":139.5602573},"Nid":1586699303,"Wid":145238445}
{"Coordinate":{"Latitude":35.7327671,"Longitude":139.5668247},"Nid":1551894759,"Wid":141780884}
{"Coordinate":{"Latitude":35.7086856,"Longitude":139.579711},"Nid":1742392184,"Wid":162328441}
{"Coordinate":{"Latitude":35.7258071,"Longitude":139.5461603},"Nid":1551847896,"Wid":141775164}
{"Coordinate":{"Latitude":35.7263923,"Longitude":139.5449697},"Nid":1551847969,"Wid":141775164}
{"Coordinate":{"Latitude":35.731613,"Longitude":139.5344011},"Nid":-1643714311,"Wid":259684736}
{"Coordinate":{"Latitude":35.7285824,"Longitude":139.5483234},"Nid":-356363474,"Wid":141775246}
{"Coordinate":{"Latitude":35.7285824,"Longitude":139.5483234},"Nid":-356363474,"Wid":141775246}
{"Coordinate":{"Latitude":35.7285524,"Longitude":139.5499427},"Nid":623351336,"Wid":141775246}
{"Coordinate":{"Latitude":35.7385185,"Longitude":139.5570127},"Nid":1129805135,"Wid":562764577}
{"Coordinate":{"Latitude":35.7371052,"Longitude":139.5490158},"Nid":-1817686975,"Wid":239955919}
{"Coordinate":{"Latitude":35.7374099,"Longitude":139.5421014},"Nid":734176321,"Wid":141964248}
{"Coordinate":{"Latitude":35.7413282,"Longitude":139.5613621},"Nid":1553835735,"Wid":141952516}
{"Coordinate":{"Latitude":35.7223119,"Longitude":139.580409},"Nid":1165227758,"Wid":100820774}
{"Coordinate":{"Latitude":35.7299895,"Longitude":139.5588048},"Nid":-1842489367,"Wid":141780988}
{"Coordinate":{"Latitude":35.7416997,"Longitude":139.5773659},"Nid":1311920736,"Wid":106293834}
{"Coordinate":{"Latitude":35.7403774,"Longitude":139.5774892},"Nid":1223378450,"Wid":106293834}
{"Coordinate":{"Latitude":35.724667,"Longitude":139.546309},"Nid":1551847659,"Wid":141775176}
{"Coordinate":{"Latitude":35.7247715,"Longitude":139.547471},"Nid":1658857834,"Wid":141775176}
{"Coordinate":{"Latitude":35.721145,"Longitude":139.5406782},"Nid":1551736718,"Wid":194053357}
{"Coordinate":{"Latitude":35.7211581,"Longitude":139.541191},"Nid":2045633103,"Wid":194053357}
{"Coordinate":{"Latitude":35.7147228,"Longitude":139.5637017},"Nid":1111456237,"Wid":149113409}
{"Coordinate":{"Latitude":35.7398453,"Longitude":139.5670609},"Nid":1553835514,"Wid":141952472}
{"Coordinate":{"Latitude":35.7257763,"Longitude":139.5491048},"Nid":1658857884,"Wid":153168571}
{"Coordinate":{"Latitude":35.7186795,"Longitude":139.5541925},"Nid":778224273,"Wid":147857346}
