{"Coordinate":{"Latitude":35.7320571,"Longitude":139.5452707},"Nid":1551894450,"Wid":141780933}
{"Coordinate":{"Latitude":35.737857,"Longitude":139.5744037},"Nid":1311927747,"Wid":116358089}
{"Coordinate":{"Latitude":35.7385925,"Longitude":139.5743926},"Nid":1311920449,"Wid":116358089}
{"Coordinate":{"Latitude":35.7243535,"Longitude":139.5364733},"Nid":1551929264,"Wid":149532172}
{"Coordinate":{"Latitude":35.7385865,"Longitude":139.5602904},"Nid":1553862159,"Wid":141955769}
{"Coordinate":{"Latitude":35.7278809,"Longitude":139.5367996},"Nid":1629902499,"Wid":150057358}
{"Coordinate":{"Latitude":35.7283741,"Longitude":139.5366236},"Nid":734885879,"Wid":150057358}
{"Coordinate":{"Latitude":35.7061155,"Longitude":139.5491734},"Nid":1610090997,"Wid":148057770}
{"Coordinate":{"Latitude":35.7219933,"Longitude":139.5611737},"Nid":1551847229,"Wid":54612995}
{"Coordinate":{"Latitude":35.7119868,"Longitude":139.5715114},"Nid":459451941,"Wid":145237026}
{"Coordinate":{"Latitude":35.7140015,"Longitude":139.5361938},"Nid":734949277,"Wid":141764834}
{"Coordinate":{"Latitude":35.714807,"Longitude":139.571665},"Nid":1586680757,"Wid":145236903}
{"Coordinate":{"Latitude":35.728611,"Longitude":139.5613475},"Nid":1551848283,"Wid":141775197}
{"Coordinate":{"Latitude":35.7044375,"Longitude":139.5584269},"Nid":1126002190,"Wid":97200664}
{"Coordinate":{"Latitude":35.7220704,"Longitude":139.5451683},"Nid":1551803453,"Wid":152314389}
{"Coordinate":{"Latitude":35.7246007,"Longitude":139.5232885},"Nid":1551804002,"Wid":141764828}
{"Coordinate":{"Latitude":35.7223395,"Longitude":139.5439597},"Nid":1551736977,"Wid":141765071}
{"Coordinate":{"Latitude":35.7075978,"Longitude":139.5484334},"Nid":1611666973,"Wid":148057669}
{"Coordinate":{"Latitude":35.7320367,"Longitude":139.529528},"Nid":1553901267,"Wid":141964297}
{"Coordinate":{"Latitude":35.7316053,"Longitude":139.5309303},"Nid":1553901236,"Wid":141964297}
{"Coordinate":{"Latitude":35.7301238,"Longitude":139.5616028},"Nid":1551893812,"Wid":197129020}
