{"Coordinate":{"Latitude":35.7118835,"Longitude":139.536682},"Nid":-1632096691,"Wid":260724268}
{"Coordinate":{"Latitude":35.7418043,"Longitude":139.5666065},"Nid":1553835834,"Wid":141952513}
{"Coordinate":{"Latitude":35.7418169,"Longitude":139.5658876},"Nid":425344274,"Wid":141952513}
{"Coordinate":{"Latitude":35.7087424,"Longitude":139.542331},"Nid":1586623257,"Wid":158188217}
{"Coordinate":{"Latitude":35.7267326,"Longitude":139.5741442},"Nid":1311961070,"Wid":38324519}
{"Coordinate":{"Latitude":35.7074402,"Longitude":139.5282866},"Nid":1678487953,"Wid":155456387}
{"Coordinate":{"Latitude":35.718553,"Longitude":139.5459384},"Nid":1551735974,"Wid":141759407}
{"Coordinate":{"Latitude":35.7193092,"Longitude":139.5461735},"Nid":1551736179,"Wid":141759407}
{"Coordinate":{"Latitude":35.7087585,"Longitude":139.5302002},"Nid":1611613530,"Wid":274782844}
{"Coordinate":{"Latitude":35.738023,"Longitude":139.540124},"Nid":1553901553,"Wid":141963940}
{"Coordinate":{"Latitude":35.7405372,"Longitude":139.580526},"Nid":1311922975,"Wid":116358427}
{"Coordinate":{"Latitude":35.7401221,"Longitude":139.5798749},"Nid":1311921024,"Wid":240074702}
{"Coordinate":{"Latitude":35.7401221,"Longitude":139.5798749},"Nid":1311921024,"Wid":240074702}
{"Coordinate":{"Latitude":35.7402676,"Longitude":139.5787613},"Nid":1311923415,"Wid":240074702}
{"Coordinate":{"Latitude":35.7091258,"Longitude":139.5799514},"Nid":1165431880,"Wid":33920597}
{"Coordinate":{"Latitude":35.7172476,"Longitude":139.5450501},"Nid":1608830670,"Wid":147681804}
{"Coordinate":{"Latitude":35.717468,"Longitude":139.5455013},"Nid":1551735894,"Wid":147681804}
{"Coordinate":{"Latitude":35.7161487,"Longitude":139.5407515},"Nid":1551802864,"Wid":141765244}
{"Coordinate":{"Latitude":35.7142828,"Longitude":139.5405962},"Nid":1551802715,"Wid":141765244}
{"Coordinate":{"Latitude":35.7157245,"Longitude":139.553723},"Nid":1615420011,"Wid":148435688}
{"Coordinate":{"Latitude":35.7417175,"Longitude":139.5740379},"Nid":1311926402,"Wid":116358773}
{"Coordinate":{"Latitude":35.7416877,"Longitude":139.5746801},"Nid":1311922171,"Wid":116358773}
{"Coordinate":{"Latitude":35.7425057,"Longitude":139.5375642},"Nid":730213080,"Wid":218467121}
{"Coordinate":{"Latitude":35.728246,"Longitude":139.5728356},"Nid":1311926099,"Wid":116358892}
{"Coordinate":{"Latitude":35.7133953,"Longitude":139.5480819},"Nid":1586655039,"Wid":145235506}
{"Coordinate":{"Latitude":35.7168968,"Longitude":139.5520454},"Nid":1615420052,"Wid":148435699}
{"Coordinate":{"Latitude":35.7252137,"Longitude":139.546238},"Nid":1658857874,"Wid":153168562}
{"Coordinate":{"Latitude":35.744868,"Longitude":139.5743342},"Nid":1223317412,"Wid":106289674}
{"Coordinate":{"Latitude":35.7105512,"Longitude":139.5383326},"Nid":1611667046,"Wid":148057652}
