{"Coordinate":{"Latitude":35.7342092,"Longitude":139.5624646},"Nid":1551895431,"Wid":141781171}
{"Coordinate":{"Latitude":35.7346799,"Longitude":139.5641228},"Nid":1551895738,"Wid":141781171}
{"Coordinate":{"Latitude":35.7422718,"Longitude":139.5386341},"Nid":-2017823881,"Wid":249366808}
{"Coordinate":{"Latitude":35.7400368,"Longitude":139.5531568},"Nid":1553835601,"Wid":141952527}
{"Coordinate":{"Latitude":35.7385253,"Longitude":139.5545791},"Nid":1553835423,"Wid":141952527}
{"Coordinate":{"Latitude":35.7158581,"Longitude":139.5688733},"Nid":393724374,"Wid":145236047}
{"Coordinate":{"Latitude":35.7145854,"Longitude":139.5362521},"Nid":734949275,"Wid":141764859}
{"Coordinate":{"Latitude":35.7112853,"Longitude":139.5445329},"Nid":1611617970,"Wid":148052353}
{"Coordinate":{"Latitude":35.7163076,"Longitude":139.5763817},"Nid":475856434,"Wid":39687353}
{"Coordinate":{"Latitude":35.7163893,"Longitude":139.5749543},"Nid":1586680807,"Wid":39687353}
{"Coordinate":{"Latitude":35.731934,"Longitude":139.5447825},"Nid":-1769707873,"Wid":245303711}
{"Coordinate":{"Latitude":35.7234901,"Longitude":139.5677444},"Nid":479474231,"Wid":116358617}
{"Coordinate":{"Latitude":35.7211662,"Longitude":139.5460026},"Nid":1551736658,"Wid":147778580}
{"Coordinate":{"Latitude":35.7213289,"Longitude":139.5470261},"Nid":1551736744,"Wid":147778580}
{"Coordinate":{"Latitude":35.7116177,"Longitude":139.5769871},"Nid":1586680605,"Wid":38748030}
{"Coordinate":{"Latitude":35.7247991,"Longitude":139.5261817},"Nid":699532998,"Wid":141765043}
{"Coordinate":{"Latitude":35.7234992,"Longitude":139.5428187},"Nid":-1780039582,"Wid":244143277}
{"Coordinate":{"Latitude":35.727276,"Longitude":139.5440172},"Nid":1629902362,"Wid":141775021}
{"Coordinate":{"Latitude":35.7194653,"Longitude":139.5521608},"Nid":1586339384,"Wid":145201248}
{"Coordinate":{"Latitude":35.7197326,"Longitude":139.55133},"Nid":-1500466171,"Wid":145201248}
{"Coordinate":{"Latitude":35.7190009,"Longitude":139.5747047},"Nid":410119167,"Wid":145237057}
{"Coordinate":{"Latitude":35.70474,"Longitude":139.5640491},"Nid":366812646,"Wid":34322458}
{"Coordinate":{"Latitude":35.7343638,"Longitude":139.5473471},"Nid":1007093476,"Wid":548851135}
{"Coordinate":{"Latitude":35.7297156,"Longitude":139.5520292},"Nid":1480367034,"Wid":134676910}
{"Coordinate":{"Latitude":35.7130228,"Longitude":139.5326652},"Nid":1732812033,"Wid":161290976}
{"Coordinate":{"Latitude":35.7073499,"Longitude":139.5490449},"Nid":1611666962,"Wid":148057675}
{"Coordinate":{"Latitude":35.7289967,"Longitude":139.5624781},"Nid":1551893402,"Wid":141775097}
{"Coordinate":{"Latitude":35.712793,"Longitude":139.5368113},"Nid":1551929169,"Wid":141782642}
