{"Coordinate":{"Latitude":35.7311011,"Longitude":139.5807598},"Nid":1163196144,"Wid":106337511}
{"Coordinate":{"Latitude":35.7303796,"Longitude":139.5802512},"Nid":1223788732,"Wid":106337511}
{"Coordinate":{"Latitude":35.7277499,"Longitude":139.5664369},"Nid":1551848134,"Wid":141774917}
{"Coordinate":{"Latitude":35.7164214,"Longitude":139.5642952},"Nid":1621355432,"Wid":149113422}
{"Coordinate":{"Latitude":35.7135829,"Longitude":139.5303168},"Nid":1704151339,"Wid":158185474}
{"Coordinate":{"Latitude":35.7139925,"Longitude":139.5300155},"Nid":1704151394,"Wid":158185474}
{"Coordinate":{"Latitude":35.7429759,"Longitude":139.5657087},"Nid":1199532733,"Wid":141952386}
{"Coordinate":{"Latitude":35.743302,"Longitude":139.567075},"Nid":1553836165,"Wid":141952386}
{"Coordinate":{"Latitude":35.7390218,"Longitude":139.5454932},"Nid":-1426540624,"Wid":282899403}
{"Coordinate":{"Latitude":35.7154074,"Longitude":139.5370231},"Nid":1614274005,"Wid":148319859}
{"Coordinate":{"Latitude":35.7192019,"Longitude":139.5550185},"Nid":1615381248,"Wid":148431886}
{"Coordinate":{"Latitude":35.719286,"Longitude":139.5548042},"Nid":1615381255,"Wid":148431886}
{"Coordinate":{"Latitude":35.7409375,"Longitude":139.5356783},"Nid":-1787118401,"Wid":249366803}
{"Coordinate":{"Latitude":35.7222248,"Longitude":139.5274669},"Nid":700873400,"Wid":55672160}
{"Coordinate":{"Latitude":35.7040358,"Longitude":139.5331023},"Nid":1114406621,"Wid":145230364}
{"Coordinate":{"Latitude":35.7406748,"Longitude":139.5683102},"Nid":1311923053,"Wid":141952376}
{"Coordinate":{"Latitude":35.7405405,"Longitude":139.5659392},"Nid":1553835645,"Wid":141952376}
{"Coordinate":{"Latitude":35.7184597,"Longitude":139.5425649},"Nid":1551735977,"Wid":149387548}
{"Coordinate":{"Latitude":35.7184044,"Longitude":139.5375266},"Nid":1551802919,"Wid":141764778}
{"Coordinate":{"Latitude":35.7185036,"Longitude":139.5366514},"Nid":1618654725,"Wid":141764778}
{"Coordinate":{"Latitude":35.7199237,"Longitude":139.5556848},"Nid":1615381338,"Wid":148431898}
{"Coordinate":{"Latitude":35.7072177,"Longitude":139.5482431},"Nid":1611666952,"Wid":148057719}
{"Coordinate":{"Latitude":35.7303586,"Longitude":139.5658002},"Nid":1551893907,"Wid":141780878}
{"Coordinate":{"Latitude":35.7301723,"Longitude":139.5664745},"Nid":1551893836,"Wid":141780878}
{"Coordinate":{"Latitude":35.7210164,"Longitude":139.5680148},"Nid":679185654,"Wid":282863978}
{"Coordinate":{"Latitude":35.7247628,"Longitude":139.5321662},"Nid":1551804009,"Wid":141765257}
{"Coordinate":{"Latitude":35.724312,"Longitude":139.530906},"Nid":1551803954,"Wid":141765257}
{"Coordinate":{"Latitude":35.7319513,"Longitude":139.564226},"Nid":1551894436,"Wid":141781158}
{"Coordinate":{"Latitude":35.7327783,"Longitude":139.5644206},"Nid":1551894782,"Wid":141781158}
{"Coordinate":{"Latitude":35.7339937,"Longitude":139.5735536},"Nid":1311921948,"Wid":657299063}
