{"Coordinate":{"Latitude":35.7292236,"Longitude":139.5749933},"Nid":1311920698,"Wid":116357585}
{"Coordinate":{"Latitude":35.7301431,"Longitude":139.5747227},"Nid":1311921338,"Wid":116357585}
{"Coordinate":{"Latitude":35.7202546,"Longitude":139.5513406},"Nid":1551736386,"Wid":141759611}
{"Coordinate":{"Latitude":35.721945,"Longitude":139.551449},"Nid":1551736960,"Wid":141759611}
{"Coordinate":{"Latitude":35.7195032,"Longitude":139.5457211},"Nid":1609649283,"Wid":147778584}
{"Coordinate":{"Latitude":35.740888,"Longitude":139.5426938},"Nid":1553902021,"Wid":141964327}
{"Coordinate":{"Latitude":35.715668,"Longitude":139.533864},"Nid":1551802789,"Wid":141764805}
{"Coordinate":{"Latitude":35.7374474,"Longitude":139.5696691},"Nid":1311920529,"Wid":116358579}
{"Coordinate":{"Latitude":35.7370121,"Longitude":139.5710812},"Nid":1311926170,"Wid":116358579}
{"Coordinate":{"Latitude":35.7370121,"Longitude":139.5710812},"Nid":1311926170,"Wid":116358579}
{"Coordinate":{"Latitude":35.736686,"Longitude":139.5727285},"Nid":1311922635,"Wid":116358579}
{"Coordinate":{"Latitude":35.7130475,"Longitude":139.5764949},"Nid":459451951,"Wid":145236962}
{"Coordinate":{"Latitude":35.728534,"Longitude":139.5214394},"Nid":733936907,"Wid":59180459}
{"Coordinate":{"Latitude":35.7168387,"Longitude":139.5402129},"Nid":1623748069,"Wid":149387586}
{"Coordinate":{"Latitude":35.7172143,"Longitude":139.5401039},"Nid":1623748128,"Wid":149387586}
{"Coordinate":{"Latitude":35.7400222,"Longitude":139.5734123},"Nid":1311923033,"Wid":116358461}
{"Coordinate":{"Latitude":35.7132493,"Longitude":139.557749},"Nid":1620121991,"Wid":145235547}
{"Coordinate":{"Latitude":35.7125671,"Longitude":139.5592677},"Nid":1586680684,"Wid":145235547}
{"Coordinate":{"Latitude":35.7125671,"Longitude":139.5592677},"Nid":1586680684,"Wid":145235547}
{"Coordinate":{"Latitude":35.7152743,"Longitude":139.5687869},"Nid":1586699364,"Wid":145238498}
{"Coordinate":{"Latitude":35.7073499,"Longitude":139.5490449},"Nid":1611666962,"Wid":145230273}
{"Coordinate":{"Latitude":35.712152,"Longitude":139.5787603},"Nid":475856469,"Wid":39687365}
{"Coordinate":{"Latitude":35.7198175,"Longitude":139.5556194},"Nid":1615381311,"Wid":401020312}
{"Coordinate":{"Latitude":35.7204938,"Longitude":139.5558009},"Nid":1615381380,"Wid":148431911}
{"Coordinate":{"Latitude":35.7217823,"Longitude":139.5374397},"Nid":1551803385,"Wid":141765156}
{"Coordinate":{"Latitude":35.7283162,"Longitude":139.564129},"Nid":1551848242,"Wid":141774901}
{"Coordinate":{"Latitude":35.7296821,"Longitude":139.5392756},"Nid":-1635849351,"Wid":285638884}
{"Coordinate":{"Latitude":35.7223343,"Longitude":139.5319315},"Nid":734949518,"Wid":269499078}
{"Coordinate":{"Latitude":35.7387437,"Longitude":139.5686073},"Nid":1311922206,"Wid":637951850}
