{"Coordinate":{"Latitude":35.7108882,"Longitude":139.5812179},"Nid":410119158,"Wid":164157154}
{"Coordinate":{"Latitude":35.7108882,"Longitude":139.5812179},"Nid":410119158,"Wid":164157154}
{"Coordinate":{"Latitude":35.7071231,"Longitude":139.5450196},"Nid":1611666943,"Wid":148057737}
{"Coordinate":{"Latitude":35.7218316,"Longitude":139.5627545},"Nid":679185641,"Wid":259688700}
{"Coordinate":{"Latitude":35.7127896,"Longitude":139.5389941},"Nid":734949340,"Wid":59272296}
{"Coordinate":{"Latitude":35.704428,"Longitude":139.554474},"Nid":831017991,"Wid":145229967}
{"Coordinate":{"Latitude":35.7161481,"Longitude":139.5679826},"Nid":393724371,"Wid":145236050}
{"Coordinate":{"Latitude":35.7158581,"Longitude":139.5688733},"Nid":393724374,"Wid":145236050}
{"Coordinate":{"Latitude":35.7158581,"Longitude":139.5688733},"Nid":393724374,"Wid":145236050}
{"Coordinate":{"Latitude":35.715527,"Longitude":139.569808},"Nid":544473439,"Wid":145236050}
{"Coordinate":{"Latitude":35.715527,"Longitude":139.569808},"Nid":544473439,"Wid":145236050}
{"Coordinate":{"Latitude":35.7208322,"Longitude":139.5270798},"Nid":700873397,"Wid":141765070}
{"Coordinate":{"Latitude":35.7045387,"Longitude":139.5646793},"Nid":369672522,"Wid":145130479}
{"Coordinate":{"Latitude":35.7156309,"Longitude":139.5347556},"Nid":1551802787,"Wid":292494514}
{"Coordinate":{"Latitude":35.7271218,"Longitude":139.5414337},"Nid":1629902319,"Wid":150057324}
{"Coordinate":{"Latitude":35.710461,"Longitude":139.5223215},"Nid":1665765858,"Wid":398633172}
{"Coordinate":{"Latitude":35.710461,"Longitude":139.5223215},"Nid":1665765858,"Wid":398633172}
{"Coordinate":{"Latitude":35.7097403,"Longitude":139.540612},"Nid":1611667025,"Wid":148057732}
{"Coordinate":{"Latitude":35.7208836,"Longitude":139.546149},"Nid":1551736620,"Wid":147778565}
{"Coordinate":{"Latitude":35.7217505,"Longitude":139.5441889},"Nid":1551736920,"Wid":152314384}
{"Coordinate":{"Latitude":35.7066077,"Longitude":139.5485324},"Nid":1586623196,"Wid":148057710}
{"Coordinate":{"Latitude":35.7397816,"Longitude":139.5451264},"Nid":1553901708,"Wid":282952619}
{"Coordinate":{"Latitude":35.7249122,"Longitude":139.5462738},"Nid":1551847755,"Wid":141774916}
{"Coordinate":{"Latitude":35.7248131,"Longitude":139.5449848},"Nid":1551847692,"Wid":141774916}
{"Coordinate":{"Latitude":35.7164997,"Longitude":139.5388441},"Nid":674766712,"Wid":148789935}
{"Coordinate":{"Latitude":35.7171594,"Longitude":139.5389991},"Nid":1618654607,"Wid":148789935}
{"Coordinate":{"Latitude":35.7098781,"Longitude":139.5415909},"Nid":1611667031,"Wid":148057687}
{"Coordinate":{"Latitude":35.7058657,"Longitude":139.5458653},"Nid":1586623173,"Wid":148057794}
{"Coordinate":{"Latitude":35.713019,"Longitude":139.5670672},"Nid":1717644085,"Wid":159646871}
{"Coordinate":{"Latitude":35.7111502,"Longitude":139.5229402},"Nid":1665765884,"Wid":153964899}
{"Coordinate":{"Latitude":35.7115514,"Longitude":139.5395898},"Nid":1611667075,"Wid":148057730}
{"Coordinate":{"Latitude":35.7119644,"Longitude":139.5688891},"Nid":536666733,"Wid":43761471}
{"Coordinate":{"Latitude":35.7182298,"Longitude":139.57605},"Nid":475856451,"Wid":145236913}
