{"Coordinate":{"Latitude":35.7292236,"Longitude":139.5749933},"Nid":1311920698,"Wid":116359012}
{"Coordinate":{"Latitude":35.7173114,"Longitude":139.5313143},"Nid":1618620579,"Wid":148789409}
{"Coordinate":{"Latitude":35.7169416,"Longitude":139.5309045},"Nid":734949358,"Wid":148789409}
{"Coordinate":{"Latitude":35.7186213,"Longitude":139.5371226},"Nid":1618654733,"Wid":148789917}
{"Coordinate":{"Latitude":35.7109191,"Longitude":139.5422955},"Nid":1610041703,"Wid":147857335}
{"Coordinate":{"Latitude":35.7098281,"Longitude":139.5419494},"Nid":1611667028,"Wid":147857335}
{"Coordinate":{"Latitude":35.7203946,"Longitude":139.5564209},"Nid":1615381364,"Wid":148431859}
{"Coordinate":{"Latitude":35.737037,"Longitude":139.53367},"Nid":1553901506,"Wid":141963721}
{"Coordinate":{"Latitude":35.7109502,"Longitude":139.527268},"Nid":1586623268,"Wid":145230581}
{"Coordinate":{"Latitude":35.737431,"Longitude":139.5482631},"Nid":-1817687037,"Wid":548851129}
{"Coordinate":{"Latitude":35.7271218,"Longitude":139.5414337},"Nid":1629902319,"Wid":150057349}
{"Coordinate":{"Latitude":35.7254839,"Longitude":139.5461932},"Nid":1658857881,"Wid":153168536}
{"Coordinate":{"Latitude":35.7428248,"Longitude":139.5649785},"Nid":1199532727,"Wid":103925242}
