{"Coordinate":{"Latitude":35.7188389,"Longitude":139.5707778},"Nid":393724378,"Wid":145236057}
{"Coordinate":{"Latitude":35.7307017,"Longitude":139.5636132},"Nid":1551894029,"Wid":141781007}
{"Coordinate":{"Latitude":35.7312348,"Longitude":139.5636573},"Nid":1551894143,"Wid":141781007}
{"Coordinate":{"Latitude":35.7215272,"Longitude":139.5421349},"Nid":-1780039676,"Wid":244143284}
{"Coordinate":{"Latitude":35.7385185,"Longitude":139.5570127},"Nid":1129805135,"Wid":562764567}
{"Coordinate":{"Latitude":35.732856,"Longitude":139.544822},"Nid":-1769707860,"Wid":245303719}
{"Coordinate":{"Latitude":35.7079198,"Longitude":139.5407616},"Nid":1651318496,"Wid":401025588}
{"Coordinate":{"Latitude":35.7419529,"Longitude":139.5613549},"Nid":1553835882,"Wid":141952517}
{"Coordinate":{"Latitude":35.7423188,"Longitude":139.5625175},"Nid":1199532646,"Wid":141952517}
{"Coordinate":{"Latitude":35.7108882,"Longitude":139.5812179},"Nid":410119158,"Wid":178773917}
{"Coordinate":{"Latitude":35.711216,"Longitude":139.5803902},"Nid":410119156,"Wid":178773917}
{"Coordinate":{"Latitude":35.7403767,"Longitude":139.5459134},"Nid":1078676816,"Wid":141964180}
{"Coordinate":{"Latitude":35.7389556,"Longitude":139.5463142},"Nid":734176330,"Wid":141964180}
{"Coordinate":{"Latitude":35.7310555,"Longitude":139.5239783},"Nid":1551804100,"Wid":241593154}
{"Coordinate":{"Latitude":35.7180689,"Longitude":139.5420965},"Nid":1623748325,"Wid":149387516}
{"Coordinate":{"Latitude":35.7368555,"Longitude":139.5629097},"Nid":1551896885,"Wid":141780917}
{"Coordinate":{"Latitude":35.7043096,"Longitude":139.5653353},"Nid":369672559,"Wid":32806016}
{"Coordinate":{"Latitude":35.7235798,"Longitude":139.5600888},"Nid":1631132011,"Wid":150181326}
{"Coordinate":{"Latitude":35.7315586,"Longitude":139.5683131},"Nid":1551894223,"Wid":141781033}
{"Coordinate":{"Latitude":35.7325987,"Longitude":139.5687853},"Nid":1551894705,"Wid":141781033}
{"Coordinate":{"Latitude":35.731978,"Longitude":139.5412442},"Nid":-1643714227,"Wid":259684727}
{"Coordinate":{"Latitude":35.7412445,"Longitude":139.5474072},"Nid":1078676809,"Wid":141955776}
{"Coordinate":{"Latitude":35.7406729,"Longitude":139.5473482},"Nid":1553862287,"Wid":141955776}
{"Coordinate":{"Latitude":35.720396,"Longitude":139.5464297},"Nid":1551736518,"Wid":147778574}
{"Coordinate":{"Latitude":35.7225212,"Longitude":139.5545479},"Nid":1551847294,"Wid":141775035}
{"Coordinate":{"Latitude":35.722461,"Longitude":139.5556961},"Nid":1551847262,"Wid":141775035}
{"Coordinate":{"Latitude":35.7409892,"Longitude":139.535787},"Nid":-1787118365,"Wid":243360784}
{"Coordinate":{"Latitude":35.704047,"Longitude":139.5633817},"Nid":683867674,"Wid":657942624}
{"Coordinate":{"Latitude":35.7133878,"Longitude":139.5574205},"Nid":732097098,"Wid":145235450}
