{"Coordinate":{"Latitude":35.7214775,"Longitude":139.531584},"Nid":1551803330,"Wid":141765101}
{"Coordinate":{"Latitude":35.7211906,"Longitude":139.531365},"Nid":1551803306,"Wid":141765101}
{"Coordinate":{"Latitude":35.7097403,"Longitude":139.540612},"Nid":1611667025,"Wid":148057637}
{"Coordinate":{"Latitude":35.7303468,"Longitude":139.5454721},"Nid":1551893912,"Wid":149116073}
{"Coordinate":{"Latitude":35.7428248,"Longitude":139.5649785},"Nid":1199532727,"Wid":657495530}
{"Coordinate":{"Latitude":35.7448115,"Longitude":139.5625817},"Nid":1199532760,"Wid":657495530}
{"Coordinate":{"Latitude":35.7236481,"Longitude":139.5557657},"Nid":1551847444,"Wid":150181328}
{"Coordinate":{"Latitude":35.7189103,"Longitude":139.5536168},"Nid":1610042510,"Wid":147857367}
{"Coordinate":{"Latitude":35.7192457,"Longitude":139.5542388},"Nid":1610042549,"Wid":147857367}
{"Coordinate":{"Latitude":35.7251203,"Longitude":139.548022},"Nid":1658857870,"Wid":153168552}
{"Coordinate":{"Latitude":35.7238729,"Longitude":139.5443479},"Nid":1551803846,"Wid":141765064}
{"Coordinate":{"Latitude":35.7233027,"Longitude":139.5435067},"Nid":1551803650,"Wid":141765064}
{"Coordinate":{"Latitude":35.7134487,"Longitude":139.5268017},"Nid":698091779,"Wid":55546567}
{"Coordinate":{"Latitude":35.7266623,"Longitude":139.534204},"Nid":734896322,"Wid":59265529}
{"Coordinate":{"Latitude":35.7056867,"Longitude":139.5398855},"Nid":1767386209,"Wid":165176320}
{"Coordinate":{"Latitude":35.7348136,"Longitude":139.5774551},"Nid":-1426097869,"Wid":282952669}
{"Coordinate":{"Latitude":35.7213382,"Longitude":139.544342},"Nid":1551736802,"Wid":147778734}
{"Coordinate":{"Latitude":35.720978,"Longitude":139.5434429},"Nid":1551736672,"Wid":147778734}
{"Coordinate":{"Latitude":35.7069833,"Longitude":139.5341633},"Nid":735017636,"Wid":165955696}
{"Coordinate":{"Latitude":35.7267009,"Longitude":139.5463807},"Nid":1551848007,"Wid":141775153}
{"Coordinate":{"Latitude":35.7263514,"Longitude":139.5478319},"Nid":1551847971,"Wid":141775153}
{"Coordinate":{"Latitude":35.7175445,"Longitude":139.5305248},"Nid":1705555131,"Wid":141764909}
{"Coordinate":{"Latitude":35.7102247,"Longitude":139.5375147},"Nid":-1667018600,"Wid":257203179}
{"Coordinate":{"Latitude":35.7252957,"Longitude":139.5478021},"Nid":-1500466158,"Wid":274782180}
{"Coordinate":{"Latitude":35.737175,"Longitude":139.5510397},"Nid":1553861794,"Wid":141955790}
