{"Coordinate":{"Latitude":35.7369565,"Longitude":139.5433722},"Nid":623351279,"Wid":141878144}
{"Coordinate":{"Latitude":35.7369565,"Longitude":139.5433722},"Nid":623351279,"Wid":141878144}
{"Coordinate":{"Latitude":35.7355179,"Longitude":139.5433137},"Nid":1551896227,"Wid":141878144}
{"Coordinate":{"Latitude":35.7147893,"Longitude":139.5290097},"Nid":-1528233539,"Wid":271727708}
{"Coordinate":{"Latitude":35.7303468,"Longitude":139.5454721},"Nid":1551893912,"Wid":149116072}
{"Coordinate":{"Latitude":35.730596,"Longitude":139.5445164},"Nid":1621376848,"Wid":149116072}
{"Coordinate":{"Latitude":35.7417434,"Longitude":139.5475148},"Nid":1078676825,"Wid":98314124}
{"Coordinate":{"Latitude":35.7417471,"Longitude":139.5467694},"Nid":1137517823,"Wid":98314124}
{"Coordinate":{"Latitude":35.7417471,"Longitude":139.5467694},"Nid":1137517823,"Wid":98314124}
{"Coordinate":{"Latitude":35.7414362,"Longitude":139.5457333},"Nid":1022912642,"Wid":98314124}
{"Coordinate":{"Latitude":35.7323668,"Longitude":139.5284324},"Nid":1553901288,"Wid":141964311}
{"Coordinate":{"Latitude":35.7333589,"Longitude":139.5301036},"Nid":1553901337,"Wid":141964311}
{"Coordinate":{"Latitude":35.7188843,"Longitude":139.5422492},"Nid":1623748391,"Wid":149387579}
{"Coordinate":{"Latitude":35.7184597,"Longitude":139.5425649},"Nid":1551735977,"Wid":149387579}
{"Coordinate":{"Latitude":35.7154074,"Longitude":139.5370231},"Nid":1614274005,"Wid":220103541}
{"Coordinate":{"Latitude":35.7436954,"Longitude":139.5697644},"Nid":1311921020,"Wid":237324554}
{"Coordinate":{"Latitude":35.7405647,"Longitude":139.5691906},"Nid":1311922689,"Wid":237324554}
{"Coordinate":{"Latitude":35.719753,"Longitude":139.5524728},"Nid":1586339394,"Wid":145201222}
{"Coordinate":{"Latitude":35.7207011,"Longitude":139.544623},"Nid":1609658108,"Wid":147778725}
{"Coordinate":{"Latitude":35.717088,"Longitude":139.5773868},"Nid":419796713,"Wid":39687352}
{"Coordinate":{"Latitude":35.707276,"Longitude":139.5412882},"Nid":1651318460,"Wid":152303347}
{"Coordinate":{"Latitude":35.7313863,"Longitude":139.5452676},"Nid":1551894203,"Wid":141781239}
{"Coordinate":{"Latitude":35.730519,"Longitude":139.5454175},"Nid":1551893973,"Wid":141781239}
{"Coordinate":{"Latitude":35.7403602,"Longitude":139.5710187},"Nid":1311924582,"Wid":116357578}
{"Coordinate":{"Latitude":35.7390335,"Longitude":139.5711105},"Nid":1311923221,"Wid":116357578}
{"Coordinate":{"Latitude":35.7191869,"Longitude":139.534802},"Nid":1551803014,"Wid":148789552}
{"Coordinate":{"Latitude":35.7073152,"Longitude":139.547084},"Nid":1586623226,"Wid":145230507}
{"Coordinate":{"Latitude":35.738114,"Longitude":139.5776183},"Nid":1034436270,"Wid":200943381}
{"Coordinate":{"Latitude":35.7214404,"Longitude":139.5372563},"Nid":1551803341,"Wid":160465351}
{"Coordinate":{"Latitude":35.7217823,"Longitude":139.5374397},"Nid":1551803385,"Wid":160465351}
{"Coordinate":{"Latitude":35.7282387,"Longitude":139.5388995},"Nid":1553901153,"Wid":150057360}
{"Coordinate":{"Latitude":35.7309498,"Longitude":139.5269665},"Nid":1850960352,"Wid":174398421}
{"Coordinate":{"Latitude":35.7305493,"Longitude":139.5270846},"Nid":1850960328,"Wid":174398421}
{"Coordinate":{"Latitude":35.7061983,"Longitude":139.5500245},"Nid":1600790278,"Wid":147858881}
