{"Coordinate":{"Latitude":35.7251655,"Longitude":139.5283117},"Nid":-1415097609,"Wid":284237697}
{"Coordinate":{"Latitude":35.7332629,"Longitude":139.5662641},"Nid":623351360,"Wid":141775077}
{"Coordinate":{"Latitude":35.7354874,"Longitude":139.565835},"Nid":623351364,"Wid":141775077}
{"Coordinate":{"Latitude":35.7354874,"Longitude":139.565835},"Nid":623351364,"Wid":141775077}
{"Coordinate":{"Latitude":35.7374338,"Longitude":139.5658493},"Nid":1205363631,"Wid":141775077}
{"Coordinate":{"Latitude":35.7374338,"Longitude":139.5658493},"Nid":1205363631,"Wid":141775077}
{"Coordinate":{"Latitude":35.7063591,"Longitude":139.5234336},"Nid":1611613169,"Wid":545398783}
{"Coordinate":{"Latitude":35.7248441,"Longitude":139.5419137},"Nid":1551847752,"Wid":141775198}
{"Coordinate":{"Latitude":35.7353506,"Longitude":139.5691941},"Nid":1311927325,"Wid":134676928}
{"Coordinate":{"Latitude":35.7158581,"Longitude":139.5688733},"Nid":393724374,"Wid":34322468}
{"Coordinate":{"Latitude":35.7067405,"Longitude":139.5510908},"Nid":701651858,"Wid":572839488}
{"Coordinate":{"Latitude":35.7067405,"Longitude":139.5510908},"Nid":701651858,"Wid":572839488}
{"Coordinate":{"Latitude":35.706012,"Longitude":139.5506998},"Nid":701651857,"Wid":572839488}
{"Coordinate":{"Latitude":35.706012,"Longitude":139.5506998},"Nid":701651857,"Wid":572839488}
{"Coordinate":{"Latitude":35.743659,"Longitude":139.576888},"Nid":1223317374,"Wid":579056826}
{"Coordinate":{"Latitude":35.743659,"Longitude":139.576888},"Nid":1223317374,"Wid":579056826}
{"Coordinate":{"Latitude":35.743417,"Longitude":139.5780559},"Nid":1311923750,"Wid":579056826}
{"Coordinate":{"Latitude":35.743417,"Longitude":139.5780559},"Nid":1311923750,"Wid":579056826}
{"Coordinate":{"Latitude":35.7255544,"Longitude":139.5283456},"Nid":-1415097603,"Wid":284237702}
{"Coordinate":{"Latitude":35.717088,"Longitude":139.5773868},"Nid":419796713,"Wid":35911283}
{"Coordinate":{"Latitude":35.7410626,"Longitude":139.5502655},"Nid":734176270,"Wid":241576990}
{"Coordinate":{"Latitude":35.7132043,"Longitude":139.5760246},"Nid":459451950,"Wid":174614205}
{"Coordinate":{"Latitude":35.7234964,"Longitude":139.5539777},"Nid":1551847465,"Wid":141774924}
{"Coordinate":{"Latitude":35.7221069,"Longitude":139.5413754},"Nid":2045633136,"Wid":194053356}
{"Coordinate":{"Latitude":35.7215698,"Longitude":139.5414419},"Nid":2045633114,"Wid":194053356}
{"Coordinate":{"Latitude":35.7082871,"Longitude":139.5228678},"Nid":-2131083909,"Wid":206381402}
{"Coordinate":{"Latitude":35.7211181,"Longitude":139.5268573},"Nid":-1547907452,"Wid":269499090}
{"Coordinate":{"Latitude":35.7409425,"Longitude":139.5767981},"Nid":-1789503205,"Wid":565814062}
{"Coordinate":{"Latitude":35.7202339,"Longitude":139.5357516},"Nid":1626529083,"Wid":149705058}
{"Coordinate":{"Latitude":35.7226432,"Longitude":139.5797669},"Nid":1624992812,"Wid":149530807}
