{"Coordinate":{"Latitude":35.7391436,"Longitude":139.5597068},"Nid":1553835450,"Wid":141955771}
{"Coordinate":{"Latitude":35.7387533,"Longitude":139.559715},"Nid":1553862192,"Wid":141955771}
{"Coordinate":{"Latitude":35.7157627,"Longitude":139.5645516},"Nid":1621355418,"Wid":149113418}
{"Coordinate":{"Latitude":35.7158728,"Longitude":139.5648004},"Nid":1621355422,"Wid":149113418}
{"Coordinate":{"Latitude":35.7056953,"Longitude":139.5399691},"Nid":1767386210,"Wid":165176345}
{"Coordinate":{"Latitude":35.7365031,"Longitude":139.5447391},"Nid":1551896705,"Wid":141781159}
{"Coordinate":{"Latitude":35.7311054,"Longitude":139.5575847},"Nid":1138498111,"Wid":563877346}
{"Coordinate":{"Latitude":35.7444005,"Longitude":139.5657553},"Nid":1199532651,"Wid":141952407}
{"Coordinate":{"Latitude":35.704123,"Longitude":139.5732155},"Nid":366812886,"Wid":54233708}
{"Coordinate":{"Latitude":35.7120701,"Longitude":139.5778043},"Nid":419796694,"Wid":38748027}
