{"Coordinate":{"Latitude":35.725503,"Longitude":139.5391327},"Nid":1629231404,"Wid":149986371}
{"Coordinate":{"Latitude":35.7368799,"Longitude":139.5634564},"Nid":1551896898,"Wid":141955801}
{"Coordinate":{"Latitude":35.725158,"Longitude":139.5408563},"Nid":734896443,"Wid":141775095}
{"Coordinate":{"Latitude":35.7245573,"Longitude":139.5408161},"Nid":1551803990,"Wid":141775095}
{"Coordinate":{"Latitude":35.727268,"Longitude":139.5577446},"Nid":1551848074,"Wid":197127602}
{"Coordinate":{"Latitude":35.7149843,"Longitude":139.5511965},"Nid":1608796580,"Wid":147676546}
{"Coordinate":{"Latitude":35.7405372,"Longitude":139.580526},"Nid":1311922975,"Wid":116357883}
{"Coordinate":{"Latitude":35.7196347,"Longitude":139.5374638},"Nid":1551803091,"Wid":141764817}
{"Coordinate":{"Latitude":35.7091258,"Longitude":139.5799514},"Nid":1165431880,"Wid":162328444}
{"Coordinate":{"Latitude":35.7329108,"Longitude":139.5724928},"Nid":1311920612,"Wid":116357703}
{"Coordinate":{"Latitude":35.7322463,"Longitude":139.5724957},"Nid":-1426098530,"Wid":116357703}
{"Coordinate":{"Latitude":35.7322463,"Longitude":139.5724957},"Nid":-1426098530,"Wid":116357703}
{"Coordinate":{"Latitude":35.7313298,"Longitude":139.5724981},"Nid":393096185,"Wid":116357703}
{"Coordinate":{"Latitude":35.7200025,"Longitude":139.5354049},"Nid":1626529074,"Wid":149705043}
{"Coordinate":{"Latitude":35.7382395,"Longitude":139.5472908},"Nid":1553862027,"Wid":141955716}
{"Coordinate":{"Latitude":35.7380221,"Longitude":139.5476289},"Nid":1553861952,"Wid":141955716}
{"Coordinate":{"Latitude":35.7115514,"Longitude":139.5395898},"Nid":1611667075,"Wid":148057758}
{"Coordinate":{"Latitude":35.7425172,"Longitude":139.5373414},"Nid":730213081,"Wid":58934616}
{"Coordinate":{"Latitude":35.7191291,"Longitude":139.555192},"Nid":1586655194,"Wid":148431860}
{"Coordinate":{"Latitude":35.721059,"Longitude":139.5390674},"Nid":734896357,"Wid":141764765}
{"Coordinate":{"Latitude":35.7211181,"Longitude":139.5268573},"Nid":-1547907452,"Wid":269499076}
