{"Coordinate":{"Latitude":35.7244699,"Longitude":139.5468085},"Nid":1658857810,"Wid":153168542}
{"Coordinate":{"Latitude":35.7174425,"Longitude":139.5374697},"Nid":1618654681,"Wid":148789928}
{"Coordinate":{"Latitude":35.7423502,"Longitude":139.5375621},"Nid":-2017823871,"Wid":249366772}
{"Coordinate":{"Latitude":35.7088023,"Longitude":139.5418868},"Nid":1704175933,"Wid":158188215}
{"Coordinate":{"Latitude":35.7256256,"Longitude":139.5783589},"Nid":-1842596171,"Wid":694892831}
{"Coordinate":{"Latitude":35.726116,"Longitude":139.5783498},"Nid":1163705798,"Wid":694892831}
{"Coordinate":{"Latitude":35.7269066,"Longitude":139.5783342},"Nid":1311960331,"Wid":694892831}
{"Coordinate":{"Latitude":35.7280031,"Longitude":139.57807},"Nid":1223788667,"Wid":694892831}
{"Coordinate":{"Latitude":35.7280031,"Longitude":139.57807},"Nid":1223788667,"Wid":694892831}
{"Coordinate":{"Latitude":35.7120217,"Longitude":139.5322207},"Nid":735017821,"Wid":145230394}
{"Coordinate":{"Latitude":35.713782,"Longitude":139.5273165},"Nid":688501141,"Wid":55546576}
{"Coordinate":{"Latitude":35.7137511,"Longitude":139.5268763},"Nid":698091778,"Wid":55546576}
{"Coordinate":{"Latitude":35.73541,"Longitude":139.556461},"Nid":1551896175,"Wid":141781009}
{"Coordinate":{"Latitude":35.7356441,"Longitude":139.55641},"Nid":1551896273,"Wid":141781009}
{"Coordinate":{"Latitude":35.7349354,"Longitude":139.5339821},"Nid":1553901384,"Wid":141964346}
{"Coordinate":{"Latitude":35.7348386,"Longitude":139.5368513},"Nid":703695323,"Wid":141964346}
{"Coordinate":{"Latitude":35.7050637,"Longitude":139.5509895},"Nid":1610090889,"Wid":147858895}
{"Coordinate":{"Latitude":35.7050081,"Longitude":139.551702},"Nid":1610090887,"Wid":147858895}
{"Coordinate":{"Latitude":35.7234964,"Longitude":139.5539777},"Nid":1551847465,"Wid":141775046}
{"Coordinate":{"Latitude":35.7054294,"Longitude":139.5402126},"Nid":1767386171,"Wid":165176313}
{"Coordinate":{"Latitude":35.709641,"Longitude":139.5430564},"Nid":1610041658,"Wid":147857327}
{"Coordinate":{"Latitude":35.7225212,"Longitude":139.5545479},"Nid":1551847294,"Wid":141775056}
{"Coordinate":{"Latitude":35.723045,"Longitude":139.5546439},"Nid":1631131816,"Wid":141775056}
{"Coordinate":{"Latitude":35.7311908,"Longitude":139.5546483},"Nid":1551894144,"Wid":141781087}
{"Coordinate":{"Latitude":35.7310971,"Longitude":139.5566098},"Nid":1551894121,"Wid":141781087}
{"Coordinate":{"Latitude":35.7199175,"Longitude":139.5345954},"Nid":1618631275,"Wid":149705053}
{"Coordinate":{"Latitude":35.736434,"Longitude":139.545124},"Nid":1551896684,"Wid":245303720}
{"Coordinate":{"Latitude":35.718934,"Longitude":139.5429048},"Nid":1623748396,"Wid":149387547}
{"Coordinate":{"Latitude":35.7091269,"Longitude":139.5722734},"Nid":1708290590,"Wid":158670827}
{"Coordinate":{"Latitude":35.7138132,"Longitude":139.5264834},"Nid":698091783,"Wid":55546566}
{"Coordinate":{"Latitude":35.7246961,"Longitude":139.5492546},"Nid":1551847680,"Wid":141774923}
{"Coordinate":{"Latitude":35.7242318,"Longitude":139.5492908},"Nid":1551847598,"Wid":141774923}
{"Coordinate":{"Latitude":35.7351712,"Longitude":139.540163},"Nid":1551895955,"Wid":141781079}
{"Coordinate":{"Latitude":35.72677,"Longitude":139.5354367},"Nid":1629231443,"Wid":149986348}
{"Coordinate":{"Latitude":35.7423972,"Longitude":139.5524337},"Nid":-1256028183,"Wid":784983604}
