{"Coordinate":{"Latitude":35.7125671,"Longitude":139.5592677},"Nid":1586680684,"Wid":145233252}
{"Coordinate":{"Latitude":35.7081809,"Longitude":139.5563527},"Nid":1586634086,"Wid":145233252}
{"Coordinate":{"Latitude":35.7325891,"Longitude":139.5488887},"Nid":1551894714,"Wid":141781342}
{"Coordinate":{"Latitude":35.7325891,"Longitude":139.5488887},"Nid":1551894714,"Wid":141781342}
{"Coordinate":{"Latitude":35.7346266,"Longitude":139.5508382},"Nid":384804100,"Wid":141781342}
{"Coordinate":{"Latitude":35.7346266,"Longitude":139.5508382},"Nid":384804100,"Wid":141781342}
{"Coordinate":{"Latitude":35.7363836,"Longitude":139.5525322},"Nid":1551896551,"Wid":141781342}
{"Coordinate":{"Latitude":35.7363836,"Longitude":139.5525322},"Nid":1551896551,"Wid":141781342}
{"Coordinate":{"Latitude":35.7385253,"Longitude":139.5545791},"Nid":1553835423,"Wid":141781342}
{"Coordinate":{"Latitude":35.7398751,"Longitude":139.5559333},"Nid":1553835538,"Wid":141781342}
{"Coordinate":{"Latitude":35.7398751,"Longitude":139.5559333},"Nid":1553835538,"Wid":141781342}
{"Coordinate":{"Latitude":35.7407322,"Longitude":139.5568132},"Nid":734176424,"Wid":141781342}
{"Coordinate":{"Latitude":35.7407322,"Longitude":139.5568132},"Nid":734176424,"Wid":141781342}
{"Coordinate":{"Latitude":35.7422786,"Longitude":139.5583994},"Nid":1553835981,"Wid":141781342}
{"Coordinate":{"Latitude":35.7422786,"Longitude":139.5583994},"Nid":1553835981,"Wid":141781342}
{"Coordinate":{"Latitude":35.7427085,"Longitude":139.5588344},"Nid":-2070819764,"Wid":141781342}
{"Coordinate":{"Latitude":35.7430681,"Longitude":139.5591867},"Nid":1553836116,"Wid":141781342}
{"Coordinate":{"Latitude":35.7442659,"Longitude":139.5604021},"Nid":684244993,"Wid":141781342}
{"Coordinate":{"Latitude":35.7440438,"Longitude":139.5580419},"Nid":1222667803,"Wid":574910619}
{"Coordinate":{"Latitude":35.7394446,"Longitude":139.5751332},"Nid":1110063203,"Wid":116358548}
{"Coordinate":{"Latitude":35.7402274,"Longitude":139.5751508},"Nid":1110063193,"Wid":116358548}
{"Coordinate":{"Latitude":35.7286164,"Longitude":139.5390905},"Nid":1553901155,"Wid":285638880}
{"Coordinate":{"Latitude":35.721626,"Longitude":139.5650602},"Nid":1551893300,"Wid":141775146}
{"Coordinate":{"Latitude":35.7351292,"Longitude":139.5509157},"Nid":1551895960,"Wid":141781165}
{"Coordinate":{"Latitude":35.735269,"Longitude":139.549233},"Nid":1551896052,"Wid":141781165}
{"Coordinate":{"Latitude":35.7104882,"Longitude":139.555825},"Nid":1610603334,"Wid":145235524}
{"Coordinate":{"Latitude":35.7102127,"Longitude":139.5564643},"Nid":1586680498,"Wid":145235524}
{"Coordinate":{"Latitude":35.7102127,"Longitude":139.5564643},"Nid":1586680498,"Wid":145235524}
{"Coordinate":{"Latitude":35.7055697,"Longitude":139.5539803},"Nid":1679012161,"Wid":161644140}
{"Coordinate":{"Latitude":35.7060764,"Longitude":139.5528075},"Nid":1679012131,"Wid":161644140}
{"Coordinate":{"Latitude":35.7261933,"Longitude":139.5543439},"Nid":1551847946,"Wid":141775161}
{"Coordinate":{"Latitude":35.704396,"Longitude":139.5307206},"Nid":567871102,"Wid":145230244}
{"Coordinate":{"Latitude":35.7147918,"Longitude":139.5582963},"Nid":1620122295,"Wid":148952028}
{"Coordinate":{"Latitude":35.713921,"Longitude":139.5577878},"Nid":732097099,"Wid":148952028}
{"Coordinate":{"Latitude":35.7424537,"Longitude":139.5302374},"Nid":1553902122,"Wid":355248414}
{"Coordinate":{"Latitude":35.7327783,"Longitude":139.5644206},"Nid":1551894782,"Wid":141781238}
{"Coordinate":{"Latitude":35.733844,"Longitude":139.56436},"Nid":1551895249,"Wid":141781238}
{"Coordinate":{"Latitude":35.7425172,"Longitude":139.5373414},"Nid":730213081,"Wid":141967376}
{"Coordinate":{"Latitude":35.7062289,"Longitude":139.5499275},"Nid":440661893,"Wid":145230278}
{"Coordinate":{"Latitude":35.7069112,"Longitude":139.5497519},"Nid":1610091168,"Wid":145230278}
{"Coordinate":{"Latitude":35.73541,"Longitude":139.556461},"Nid":1551896175,"Wid":562764566}
{"Coordinate":{"Latitude":35.7127335,"Longitude":139.5352544},"Nid":734949225,"Wid":141782612}
{"Coordinate":{"Latitude":35.7126261,"Longitude":139.5360208},"Nid":1551929125,"Wid":141782612}
{"Coordinate":{"Latitude":35.716053,"Longitude":139.5387948},"Nid":674766711,"Wid":53355346}
