{"Coordinate":{"Latitude":35.7327398,"Longitude":139.5676481},"Nid":1551894757,"Wid":141780966}
{"Coordinate":{"Latitude":35.7320346,"Longitude":139.5569723},"Nid":1551894478,"Wid":562764563}
{"Coordinate":{"Latitude":35.7179394,"Longitude":139.5700861},"Nid":393724375,"Wid":145236061}
{"Coordinate":{"Latitude":35.7188389,"Longitude":139.5707778},"Nid":393724378,"Wid":145236061}
{"Coordinate":{"Latitude":35.7390335,"Longitude":139.5711105},"Nid":1311923221,"Wid":116357727}
{"Coordinate":{"Latitude":35.7386717,"Longitude":139.5711476},"Nid":1311928187,"Wid":116357727}
{"Coordinate":{"Latitude":35.706629,"Longitude":139.578145},"Nid":913407237,"Wid":150301666}
{"Coordinate":{"Latitude":35.7387533,"Longitude":139.559715},"Nid":1553862192,"Wid":141955736}
{"Coordinate":{"Latitude":35.7141242,"Longitude":139.5349771},"Nid":1551802725,"Wid":141782647}
{"Coordinate":{"Latitude":35.7405405,"Longitude":139.5659392},"Nid":1553835645,"Wid":141952523}
{"Coordinate":{"Latitude":35.7331789,"Longitude":139.550531},"Nid":1551894843,"Wid":141781151}
{"Coordinate":{"Latitude":35.7335125,"Longitude":139.5505875},"Nid":1551895055,"Wid":141781151}
{"Coordinate":{"Latitude":35.7335125,"Longitude":139.5505875},"Nid":1551895055,"Wid":141781151}
{"Coordinate":{"Latitude":35.7302823,"Longitude":139.5267585},"Nid":1850960315,"Wid":174398414}
{"Coordinate":{"Latitude":35.7243981,"Longitude":139.5700757},"Nid":1311920583,"Wid":116358847}
{"Coordinate":{"Latitude":35.7243148,"Longitude":139.5687627},"Nid":1311923032,"Wid":116358847}
{"Coordinate":{"Latitude":35.71551,"Longitude":139.568117},"Nid":1586699366,"Wid":145238462}
{"Coordinate":{"Latitude":35.7411674,"Longitude":139.5813197},"Nid":1311923770,"Wid":116357565}
{"Coordinate":{"Latitude":35.7411872,"Longitude":139.5805779},"Nid":1311924691,"Wid":116357565}
{"Coordinate":{"Latitude":35.7230244,"Longitude":139.5512685},"Nid":1551847412,"Wid":145201253}
{"Coordinate":{"Latitude":35.721945,"Longitude":139.551449},"Nid":1551736960,"Wid":145201253}
{"Coordinate":{"Latitude":35.7163893,"Longitude":139.5749543},"Nid":1586680807,"Wid":145237060}
{"Coordinate":{"Latitude":35.7168528,"Longitude":139.5489255},"Nid":1825343645,"Wid":172483117}
{"Coordinate":{"Latitude":35.7112468,"Longitude":139.5394752},"Nid":1611667072,"Wid":260723547}
{"Coordinate":{"Latitude":35.7057744,"Longitude":139.5771445},"Nid":982125511,"Wid":33036474}
{"Coordinate":{"Latitude":35.7405753,"Longitude":139.5267761},"Nid":1339795307,"Wid":720254000}
{"Coordinate":{"Latitude":35.7090817,"Longitude":139.5271234},"Nid":1611613609,"Wid":148052440}
{"Coordinate":{"Latitude":35.7088627,"Longitude":139.5611187},"Nid":1586699286,"Wid":145238478}
{"Coordinate":{"Latitude":35.7339714,"Longitude":139.5588737},"Nid":1551895265,"Wid":141781141}
{"Coordinate":{"Latitude":35.7149202,"Longitude":139.5365971},"Nid":1650196486,"Wid":152183181}
{"Coordinate":{"Latitude":35.7132552,"Longitude":139.5236899},"Nid":701730455,"Wid":55885132}
