{"Coordinate":{"Latitude":35.7195825,"Longitude":139.5411996},"Nid":1623748453,"Wid":149387576}
{"Coordinate":{"Latitude":35.7188469,"Longitude":139.5412024},"Nid":1551736085,"Wid":149387576}
{"Coordinate":{"Latitude":35.7163454,"Longitude":139.5351998},"Nid":1722664812,"Wid":160202984}
{"Coordinate":{"Latitude":35.705501,"Longitude":139.5571993},"Nid":683867688,"Wid":161644131}
{"Coordinate":{"Latitude":35.7057744,"Longitude":139.5771445},"Nid":982125511,"Wid":150301664}
{"Coordinate":{"Latitude":35.7039805,"Longitude":139.5761448},"Nid":1119871937,"Wid":150301664}
{"Coordinate":{"Latitude":35.7244063,"Longitude":139.5631471},"Nid":1551847626,"Wid":141775085}
{"Coordinate":{"Latitude":35.7175259,"Longitude":139.5720107},"Nid":544473445,"Wid":43322634}
{"Coordinate":{"Latitude":35.71831,"Longitude":139.5383598},"Nid":1551929236,"Wid":148789932}
{"Coordinate":{"Latitude":35.7180525,"Longitude":139.5383046},"Nid":1618654711,"Wid":148789932}
{"Coordinate":{"Latitude":35.7242419,"Longitude":139.547822},"Nid":1551847600,"Wid":141775031}
{"Coordinate":{"Latitude":35.7248703,"Longitude":139.5483388},"Nid":1551847746,"Wid":141775031}
{"Coordinate":{"Latitude":35.7248703,"Longitude":139.5483388},"Nid":1551847746,"Wid":153168559}
{"Coordinate":{"Latitude":35.728732,"Longitude":139.5513243},"Nid":623351319,"Wid":567855524}
{"Coordinate":{"Latitude":35.7298306,"Longitude":139.5545564},"Nid":-1817686932,"Wid":567855524}
{"Coordinate":{"Latitude":35.7272026,"Longitude":139.5661583},"Nid":1184506862,"Wid":654444020}
{"Coordinate":{"Latitude":35.7129573,"Longitude":139.5798072},"Nid":1064370468,"Wid":91609777}
{"Coordinate":{"Latitude":35.7282586,"Longitude":139.5443119},"Nid":1621376760,"Wid":149116067}
{"Coordinate":{"Latitude":35.7286219,"Longitude":139.5446645},"Nid":1551893345,"Wid":149116067}
{"Coordinate":{"Latitude":35.7187518,"Longitude":139.5552406},"Nid":1586655190,"Wid":62287443}
{"Coordinate":{"Latitude":35.7413483,"Longitude":139.5218831},"Nid":827955188,"Wid":526892731}
{"Coordinate":{"Latitude":35.7413483,"Longitude":139.5218831},"Nid":827955188,"Wid":526892732}
{"Coordinate":{"Latitude":35.7256438,"Longitude":139.5478616},"Nid":-1500466151,"Wid":274782192}
{"Coordinate":{"Latitude":35.7252957,"Longitude":139.5478021},"Nid":-1500466158,"Wid":274782192}
{"Coordinate":{"Latitude":35.7367787,"Longitude":139.5447554},"Nid":1007078795,"Wid":595774667}
{"Coordinate":{"Latitude":35.7166062,"Longitude":139.5453765},"Nid":1608830637,"Wid":147681779}
{"Coordinate":{"Latitude":35.7273296,"Longitude":139.5303997},"Nid":734885820,"Wid":174398422}
{"Coordinate":{"Latitude":35.7266838,"Longitude":139.5304397},"Nid":734885813,"Wid":174398422}
