{"Coordinate":{"Latitude":35.706011,"Longitude":139.5558722},"Nid":683867685,"Wid":97200666}
{"Coordinate":{"Latitude":35.7057611,"Longitude":139.5564932},"Nid":683867670,"Wid":97200666}
{"Coordinate":{"Latitude":35.7301206,"Longitude":139.5621851},"Nid":1551893805,"Wid":141780877}
{"Coordinate":{"Latitude":35.730793,"Longitude":139.5622551},"Nid":1551894052,"Wid":141780877}
{"Coordinate":{"Latitude":35.7352583,"Longitude":139.5401365},"Nid":-1171521883,"Wid":307251134}
{"Coordinate":{"Latitude":35.7352583,"Longitude":139.5401365},"Nid":-1171521883,"Wid":307251134}
{"Coordinate":{"Latitude":35.7190327,"Longitude":139.5442369},"Nid":1624984952,"Wid":149530314}
{"Coordinate":{"Latitude":35.7076438,"Longitude":139.5432544},"Nid":-2131407610,"Wid":206348566}
{"Coordinate":{"Latitude":35.7406729,"Longitude":139.5473482},"Nid":1553862287,"Wid":141955760}
{"Coordinate":{"Latitude":35.7442232,"Longitude":139.524075},"Nid":1339794838,"Wid":526892703}
{"Coordinate":{"Latitude":35.7348136,"Longitude":139.5774551},"Nid":-1426097869,"Wid":657299081}
{"Coordinate":{"Latitude":35.7411647,"Longitude":139.5287507},"Nid":1553902030,"Wid":141964362}
{"Coordinate":{"Latitude":35.7400153,"Longitude":139.5307403},"Nid":682926616,"Wid":141964362}
{"Coordinate":{"Latitude":35.7400153,"Longitude":139.5307403},"Nid":682926616,"Wid":141964362}
{"Coordinate":{"Latitude":35.7193983,"Longitude":139.534827},"Nid":1551803056,"Wid":148789558}
{"Coordinate":{"Latitude":35.7198445,"Longitude":139.5349423},"Nid":1626529065,"Wid":148789558}
{"Coordinate":{"Latitude":35.7232722,"Longitude":139.5456591},"Nid":1551847426,"Wid":141775026}
{"Coordinate":{"Latitude":35.723359,"Longitude":139.546484},"Nid":1551847438,"Wid":141775026}
{"Coordinate":{"Latitude":35.7111419,"Longitude":139.5249666},"Nid":1665765885,"Wid":153964919}
{"Coordinate":{"Latitude":35.7107448,"Longitude":139.5249272},"Nid":1665765867,"Wid":153964919}
{"Coordinate":{"Latitude":35.7080815,"Longitude":139.5448127},"Nid":1586623244,"Wid":145230530}
{"Coordinate":{"Latitude":35.7328082,"Longitude":139.5312456},"Nid":1553901311,"Wid":141963841}
{"Coordinate":{"Latitude":35.7340033,"Longitude":139.5543755},"Nid":1551895325,"Wid":141781054}
{"Coordinate":{"Latitude":35.7437284,"Longitude":139.5226058},"Nid":827955182,"Wid":526892726}
{"Coordinate":{"Latitude":35.7426295,"Longitude":139.5225344},"Nid":1339794617,"Wid":526892726}
{"Coordinate":{"Latitude":35.7056535,"Longitude":139.5473972},"Nid":1586623160,"Wid":145230199}
{"Coordinate":{"Latitude":35.7366159,"Longitude":139.5614447},"Nid":1551896745,"Wid":141780962}
{"Coordinate":{"Latitude":35.7373298,"Longitude":139.5614952},"Nid":1553861799,"Wid":141780962}
{"Coordinate":{"Latitude":35.7085978,"Longitude":139.53584},"Nid":700848601,"Wid":55794830}
{"Coordinate":{"Latitude":35.7059916,"Longitude":139.5434403},"Nid":1612912944,"Wid":148185160}
{"Coordinate":{"Latitude":35.7398569,"Longitude":139.5596407},"Nid":-1817685604,"Wid":284233341}
{"Coordinate":{"Latitude":35.7192019,"Longitude":139.5550185},"Nid":1615381248,"Wid":148431889}
{"Coordinate":{"Latitude":35.7303586,"Longitude":139.5658002},"Nid":1551893907,"Wid":141775177}
{"Coordinate":{"Latitude":35.7298044,"Longitude":139.5655694},"Nid":-1427220084,"Wid":141775177}
{"Coordinate":{"Latitude":35.7290404,"Longitude":139.5652437},"Nid":425344323,"Wid":141775177}
{"Coordinate":{"Latitude":35.7042794,"Longitude":139.5351758},"Nid":1678463785,"Wid":155453268}
{"Coordinate":{"Latitude":35.7370191,"Longitude":139.5510866},"Nid":1551896943,"Wid":141781124}
{"Coordinate":{"Latitude":35.7359489,"Longitude":139.5510076},"Nid":1551896396,"Wid":141781124}
{"Coordinate":{"Latitude":35.7119868,"Longitude":139.5715114},"Nid":459451941,"Wid":145236989}
{"Coordinate":{"Latitude":35.7409892,"Longitude":139.535787},"Nid":-1787118365,"Wid":249366770}
{"Coordinate":{"Latitude":35.720396,"Longitude":139.5464297},"Nid":1551736518,"Wid":141759404}
