{"Coordinate":{"Latitude":35.7408869,"Longitude":139.5525072},"Nid":734176418,"Wid":59199768}
{"Coordinate":{"Latitude":35.7408247,"Longitude":139.5544428},"Nid":734176355,"Wid":59199768}
{"Coordinate":{"Latitude":35.7379485,"Longitude":139.5683883},"Nid":1311923888,"Wid":116357573}
{"Coordinate":{"Latitude":35.7388639,"Longitude":139.5683866},"Nid":1311928391,"Wid":116357573}
{"Coordinate":{"Latitude":35.722068,"Longitude":139.5366125},"Nid":1551803411,"Wid":141765143}
{"Coordinate":{"Latitude":35.7237381,"Longitude":139.5365269},"Nid":1551803786,"Wid":141765143}
{"Coordinate":{"Latitude":35.7270549,"Longitude":139.5808444},"Nid":1161704169,"Wid":100490636}
{"Coordinate":{"Latitude":35.7190304,"Longitude":139.5375034},"Nid":1551802986,"Wid":398634452}
{"Coordinate":{"Latitude":35.7071739,"Longitude":139.5483777},"Nid":1611666944,"Wid":148057676}
{"Coordinate":{"Latitude":35.7328082,"Longitude":139.5312456},"Nid":1553901311,"Wid":141963938}
{"Coordinate":{"Latitude":35.7316053,"Longitude":139.5309303},"Nid":1553901236,"Wid":141963938}
{"Coordinate":{"Latitude":35.7229013,"Longitude":139.5608503},"Nid":1631131815,"Wid":150181325}
{"Coordinate":{"Latitude":35.7278054,"Longitude":139.5304272},"Nid":703516313,"Wid":174398416}
{"Coordinate":{"Latitude":35.7360462,"Longitude":139.5649256},"Nid":-1426343342,"Wid":568714533}
{"Coordinate":{"Latitude":35.7234901,"Longitude":139.5677444},"Nid":479474231,"Wid":116357631}
{"Coordinate":{"Latitude":35.7247285,"Longitude":139.5504547},"Nid":1551847676,"Wid":260419782}
{"Coordinate":{"Latitude":35.7442853,"Longitude":139.5439709},"Nid":1078676871,"Wid":141878140}
{"Coordinate":{"Latitude":35.7250072,"Longitude":139.5474466},"Nid":1658857856,"Wid":153168550}
{"Coordinate":{"Latitude":35.7356816,"Longitude":139.566894},"Nid":1551896276,"Wid":197982031}
{"Coordinate":{"Latitude":35.712802,"Longitude":139.5693417},"Nid":554186575,"Wid":145238448}
{"Coordinate":{"Latitude":35.713125,"Longitude":139.5432089},"Nid":1614273923,"Wid":148319866}
{"Coordinate":{"Latitude":35.7198419,"Longitude":139.5720621},"Nid":2074222778,"Wid":201097097}
