{"Coordinate":{"Latitude":35.72868,"Longitude":139.5763444},"Nid":1311922354,"Wid":36504132}
{"Coordinate":{"Latitude":35.7294972,"Longitude":139.5726351},"Nid":1311921485,"Wid":36504132}
{"Coordinate":{"Latitude":35.7204533,"Longitude":139.5373531},"Nid":1551736514,"Wid":141765160}
{"Coordinate":{"Latitude":35.7093933,"Longitude":139.5244914},"Nid":1944306702,"Wid":206381415}
{"Coordinate":{"Latitude":35.7351961,"Longitude":139.5452358},"Nid":-1769707849,"Wid":245303732}
{"Coordinate":{"Latitude":35.735437,"Longitude":139.5453475},"Nid":-1769707844,"Wid":245303732}
{"Coordinate":{"Latitude":35.7233027,"Longitude":139.5435067},"Nid":1551803650,"Wid":141764892}
{"Coordinate":{"Latitude":35.7088928,"Longitude":139.5688991},"Nid":1120806418,"Wid":742077991}
{"Coordinate":{"Latitude":35.7342195,"Longitude":139.5753723},"Nid":1311921108,"Wid":282952680}
{"Coordinate":{"Latitude":35.7426295,"Longitude":139.5225344},"Nid":1339794617,"Wid":119178466}
{"Coordinate":{"Latitude":35.7276825,"Longitude":139.5421089},"Nid":1551893305,"Wid":150057381}
{"Coordinate":{"Latitude":35.72842,"Longitude":139.542346},"Nid":1629902546,"Wid":150057381}
{"Coordinate":{"Latitude":35.7417862,"Longitude":139.5574756},"Nid":1129805182,"Wid":562764583}
{"Coordinate":{"Latitude":35.7429612,"Longitude":139.5576928},"Nid":1553836101,"Wid":562764583}
{"Coordinate":{"Latitude":35.7175152,"Longitude":139.5432565},"Nid":1608830715,"Wid":147681792}
{"Coordinate":{"Latitude":35.7272846,"Longitude":139.5586733},"Nid":1551848078,"Wid":141775118}
{"Coordinate":{"Latitude":35.7448765,"Longitude":139.5343988},"Nid":752136394,"Wid":60419215}
{"Coordinate":{"Latitude":35.7112771,"Longitude":139.557446},"Nid":1632361083,"Wid":150303342}
{"Coordinate":{"Latitude":35.7055102,"Longitude":139.5440556},"Nid":286903459,"Wid":148183087}
{"Coordinate":{"Latitude":35.7059916,"Longitude":139.5434403},"Nid":1612912944,"Wid":148183087}
{"Coordinate":{"Latitude":35.722271,"Longitude":139.55912},"Nid":1551847248,"Wid":141774940}
{"Coordinate":{"Latitude":35.7209792,"Longitude":139.5372978},"Nid":1551803272,"Wid":141765094}
{"Coordinate":{"Latitude":35.7201312,"Longitude":139.5411881},"Nid":1551736411,"Wid":141759420}
{"Coordinate":{"Latitude":35.7127708,"Longitude":139.5671383},"Nid":1717644080,"Wid":159646839}
{"Coordinate":{"Latitude":35.7288713,"Longitude":139.5778619},"Nid":1162638758,"Wid":116358156}
{"Coordinate":{"Latitude":35.7202826,"Longitude":139.5702145},"Nid":-1334283822,"Wid":145236924}
{"Coordinate":{"Latitude":35.7203964,"Longitude":139.5702634},"Nid":679185653,"Wid":145236924}
{"Coordinate":{"Latitude":35.7300518,"Longitude":139.5635365},"Nid":1551893779,"Wid":141780909}
{"Coordinate":{"Latitude":35.7304442,"Longitude":139.5635828},"Nid":-1427220060,"Wid":141780909}
{"Coordinate":{"Latitude":35.7351961,"Longitude":139.5452358},"Nid":-1769707849,"Wid":245303716}
{"Coordinate":{"Latitude":35.7351292,"Longitude":139.5509157},"Nid":1551895960,"Wid":141780885}
{"Coordinate":{"Latitude":35.7109271,"Longitude":139.5778075},"Nid":410471292,"Wid":91609867}
