{"Coordinate":{"Latitude":35.7115556,"Longitude":139.5617382},"Nid":732097110,"Wid":145237069}
{"Coordinate":{"Latitude":35.7091445,"Longitude":139.5602573},"Nid":1586699303,"Wid":145237069}
{"Coordinate":{"Latitude":35.7091445,"Longitude":139.5602573},"Nid":1586699303,"Wid":145237069}
{"Coordinate":{"Latitude":35.7416091,"Longitude":139.5543632},"Nid":1553835799,"Wid":141952352}
{"Coordinate":{"Latitude":35.7120217,"Longitude":139.5322207},"Nid":735017821,"Wid":801817819}
{"Coordinate":{"Latitude":35.719753,"Longitude":139.5524728},"Nid":1586339394,"Wid":145201214}
{"Coordinate":{"Latitude":35.7192226,"Longitude":139.5320814},"Nid":1551803012,"Wid":141765052}
{"Coordinate":{"Latitude":35.7127987,"Longitude":139.5360425},"Nid":1650196466,"Wid":152183182}
{"Coordinate":{"Latitude":35.7098281,"Longitude":139.5419494},"Nid":1611667028,"Wid":148057681}
{"Coordinate":{"Latitude":35.7381763,"Longitude":139.5784126},"Nid":1223378321,"Wid":106293820}
{"Coordinate":{"Latitude":35.7166732,"Longitude":139.5235401},"Nid":671899449,"Wid":177776595}
{"Coordinate":{"Latitude":35.7139619,"Longitude":139.5303749},"Nid":701730559,"Wid":158185460}
{"Coordinate":{"Latitude":35.7109542,"Longitude":139.5362221},"Nid":1650160801,"Wid":152180726}
{"Coordinate":{"Latitude":35.7074441,"Longitude":139.5563407},"Nid":1586634053,"Wid":147858876}
{"Coordinate":{"Latitude":35.7055717,"Longitude":139.5407389},"Nid":1767386192,"Wid":165176348}
{"Coordinate":{"Latitude":35.7101906,"Longitude":139.529826},"Nid":-1109304262,"Wid":799843135}
{"Coordinate":{"Latitude":35.7250788,"Longitude":139.5377297},"Nid":1551804018,"Wid":149986343}
