{"Coordinate":{"Latitude":35.7051172,"Longitude":139.5597374},"Nid":1112907132,"Wid":97200667}
{"Coordinate":{"Latitude":35.7059876,"Longitude":139.5574825},"Nid":1126002213,"Wid":97200667}
{"Coordinate":{"Latitude":35.7313148,"Longitude":139.5716972},"Nid":393096184,"Wid":36504134}
{"Coordinate":{"Latitude":35.7231603,"Longitude":139.5258281},"Nid":699532982,"Wid":141765202}
{"Coordinate":{"Latitude":35.7418043,"Longitude":139.5666065},"Nid":1553835834,"Wid":141952364}
{"Coordinate":{"Latitude":35.722857,"Longitude":139.545124},"Nid":1551803577,"Wid":141765041}
{"Coordinate":{"Latitude":35.7238729,"Longitude":139.5443479},"Nid":1551803846,"Wid":141765041}
{"Coordinate":{"Latitude":35.7256546,"Longitude":139.5791176},"Nid":1163705831,"Wid":100661336}
{"Coordinate":{"Latitude":35.7127907,"Longitude":139.5718756},"Nid":410119186,"Wid":145237050}
{"Coordinate":{"Latitude":35.7300518,"Longitude":139.5635365},"Nid":1551893779,"Wid":141781005}
{"Coordinate":{"Latitude":35.728993,"Longitude":139.563435},"Nid":1551893400,"Wid":141781005}
{"Coordinate":{"Latitude":35.7265016,"Longitude":139.5411708},"Nid":734896469,"Wid":344286687}
{"Coordinate":{"Latitude":35.7265016,"Longitude":139.5411708},"Nid":734896469,"Wid":344286687}
{"Coordinate":{"Latitude":35.7276193,"Longitude":139.5409922},"Nid":734896485,"Wid":344286687}
{"Coordinate":{"Latitude":35.7276193,"Longitude":139.5409922},"Nid":734896485,"Wid":344286687}
{"Coordinate":{"Latitude":35.7112432,"Longitude":139.5439601},"Nid":-1767938853,"Wid":727985094}
{"Coordinate":{"Latitude":35.7110051,"Longitude":139.5437628},"Nid":-259997261,"Wid":727985094}
{"Coordinate":{"Latitude":35.7388856,"Longitude":139.5614319},"Nid":1553835434,"Wid":141955796}
{"Coordinate":{"Latitude":35.7388739,"Longitude":139.560586},"Nid":1553862223,"Wid":141955796}
{"Coordinate":{"Latitude":35.7133917,"Longitude":139.567728},"Nid":1586699338,"Wid":145238458}
{"Coordinate":{"Latitude":35.7255097,"Longitude":139.5677168},"Nid":1311927718,"Wid":259688702}
{"Coordinate":{"Latitude":35.730525,"Longitude":139.540953},"Nid":1551893958,"Wid":141780864}
{"Coordinate":{"Latitude":35.730655,"Longitude":139.5402154},"Nid":1551894027,"Wid":141780864}
{"Coordinate":{"Latitude":35.7279716,"Longitude":139.5347758},"Nid":734885872,"Wid":59264229}
{"Coordinate":{"Latitude":35.7208322,"Longitude":139.5270798},"Nid":700873397,"Wid":55796510}
{"Coordinate":{"Latitude":35.7317533,"Longitude":139.5222627},"Nid":733936943,"Wid":526895741}
{"Coordinate":{"Latitude":35.721865,"Longitude":139.562199},"Nid":679185640,"Wid":141774979}
