{"Coordinate":{"Latitude":35.7306455,"Longitude":139.5545926},"Nid":2081762087,"Wid":279732690}
{"Coordinate":{"Latitude":35.7144067,"Longitude":139.5413886},"Nid":1614273961,"Wid":148319903}
{"Coordinate":{"Latitude":35.7149082,"Longitude":139.5417633},"Nid":1551802744,"Wid":148319903}
{"Coordinate":{"Latitude":35.7236622,"Longitude":139.5763894},"Nid":419796731,"Wid":390706632}
{"Coordinate":{"Latitude":35.7448254,"Longitude":139.5677835},"Nid":1199532771,"Wid":679599527}
{"Coordinate":{"Latitude":35.7227435,"Longitude":139.5424685},"Nid":-1780039631,"Wid":244143283}
{"Coordinate":{"Latitude":35.7227883,"Longitude":139.542853},"Nid":-1780039628,"Wid":244143283}
{"Coordinate":{"Latitude":35.7138132,"Longitude":139.5264834},"Nid":698091783,"Wid":55546578}
{"Coordinate":{"Latitude":35.7137511,"Longitude":139.5268763},"Nid":698091778,"Wid":55546578}
{"Coordinate":{"Latitude":35.7162768,"Longitude":139.5430301},"Nid":1551735808,"Wid":148319849}
{"Coordinate":{"Latitude":35.7134058,"Longitude":139.526239},"Nid":688500978,"Wid":54604936}
{"Coordinate":{"Latitude":35.7258828,"Longitude":139.5406242},"Nid":1629231415,"Wid":149986335}
{"Coordinate":{"Latitude":35.7416877,"Longitude":139.5746801},"Nid":1311922171,"Wid":565795827}
{"Coordinate":{"Latitude":35.7056535,"Longitude":139.5473972},"Nid":1586623160,"Wid":145230365}
{"Coordinate":{"Latitude":35.744278,"Longitude":139.5784033},"Nid":-2034186592,"Wid":678967915}
{"Coordinate":{"Latitude":35.7428248,"Longitude":139.5649785},"Nid":1199532727,"Wid":657495531}
{"Coordinate":{"Latitude":35.7382395,"Longitude":139.5472908},"Nid":1553862027,"Wid":637746301}
{"Coordinate":{"Latitude":35.7135275,"Longitude":139.5673643},"Nid":554186573,"Wid":43761470}
{"Coordinate":{"Latitude":35.7406608,"Longitude":139.5248108},"Nid":1339794922,"Wid":119178473}
{"Coordinate":{"Latitude":35.7419081,"Longitude":139.5790798},"Nid":-1426097652,"Wid":282952592}
{"Coordinate":{"Latitude":35.718934,"Longitude":139.5429048},"Nid":1623748396,"Wid":149387580}
{"Coordinate":{"Latitude":35.718664,"Longitude":139.5425586},"Nid":1623748377,"Wid":149387580}
{"Coordinate":{"Latitude":35.7209714,"Longitude":139.5434053},"Nid":1609658121,"Wid":141759634}
{"Coordinate":{"Latitude":35.7101181,"Longitude":139.5271603},"Nid":-626922217,"Wid":362511593}
