{"Coordinate":{"Latitude":35.7145667,"Longitude":139.5365515},"Nid":1650196480,"Wid":152183180}
{"Coordinate":{"Latitude":35.7355829,"Longitude":139.5437935},"Nid":-1769707841,"Wid":245303734}
{"Coordinate":{"Latitude":35.7365031,"Longitude":139.5447391},"Nid":1551896705,"Wid":245303734}
{"Coordinate":{"Latitude":35.7056313,"Longitude":139.5412776},"Nid":1767386202,"Wid":165176288}
{"Coordinate":{"Latitude":35.7058366,"Longitude":139.5410962},"Nid":1767386232,"Wid":165176288}
{"Coordinate":{"Latitude":35.7198363,"Longitude":139.5330486},"Nid":1626529064,"Wid":149705078}
{"Coordinate":{"Latitude":35.7201133,"Longitude":139.5331327},"Nid":1626529077,"Wid":149705078}
{"Coordinate":{"Latitude":35.7226358,"Longitude":139.5408044},"Nid":1651415453,"Wid":152314383}
{"Coordinate":{"Latitude":35.7090462,"Longitude":139.5367301},"Nid":735017761,"Wid":165955705}
{"Coordinate":{"Latitude":35.7158228,"Longitude":139.5592026},"Nid":1620122442,"Wid":148951995}
{"Coordinate":{"Latitude":35.728653,"Longitude":139.5447249},"Nid":1551893353,"Wid":149116071}
{"Coordinate":{"Latitude":35.7284951,"Longitude":139.5451485},"Nid":1621376775,"Wid":149116071}
{"Coordinate":{"Latitude":35.7397816,"Longitude":139.5451264},"Nid":1553901708,"Wid":141964256}
{"Coordinate":{"Latitude":35.7388856,"Longitude":139.5614319},"Nid":1553835434,"Wid":141952455}
{"Coordinate":{"Latitude":35.7413282,"Longitude":139.5613621},"Nid":1553835735,"Wid":141952455}
{"Coordinate":{"Latitude":35.7087364,"Longitude":139.5344116},"Nid":735017730,"Wid":145129800}
{"Coordinate":{"Latitude":35.7383376,"Longitude":139.5596883},"Nid":1553862041,"Wid":141955768}
{"Coordinate":{"Latitude":35.7384002,"Longitude":139.5600932},"Nid":1553862064,"Wid":141955768}
{"Coordinate":{"Latitude":35.743659,"Longitude":139.576888},"Nid":1223317374,"Wid":106293846}
{"Coordinate":{"Latitude":35.7054971,"Longitude":139.5404651},"Nid":1767386183,"Wid":165176319}
{"Coordinate":{"Latitude":35.7380986,"Longitude":139.5729435},"Nid":1311920991,"Wid":116357672}
{"Coordinate":{"Latitude":35.7283584,"Longitude":139.5223287},"Nid":733936905,"Wid":141764826}
{"Coordinate":{"Latitude":35.7143247,"Longitude":139.5354674},"Nid":1551929214,"Wid":141782662}
{"Coordinate":{"Latitude":35.7132493,"Longitude":139.557749},"Nid":1620121991,"Wid":147930877}
{"Coordinate":{"Latitude":35.7104882,"Longitude":139.555825},"Nid":1610603334,"Wid":147930877}
{"Coordinate":{"Latitude":35.7104882,"Longitude":139.555825},"Nid":1610603334,"Wid":147930877}
{"Coordinate":{"Latitude":35.708037,"Longitude":139.5606204},"Nid":1736155475,"Wid":161644139}
