{"Coordinate":{"Latitude":35.7210437,"Longitude":139.5421466},"Nid":1609658122,"Wid":141759477}
{"Coordinate":{"Latitude":35.7210678,"Longitude":139.5429028},"Nid":1551736708,"Wid":141759477}
{"Coordinate":{"Latitude":35.726116,"Longitude":139.5783498},"Nid":1163705798,"Wid":116357963}
{"Coordinate":{"Latitude":35.725706,"Longitude":139.5716028},"Nid":1311921517,"Wid":116357963}
{"Coordinate":{"Latitude":35.7279734,"Longitude":139.5395496},"Nid":734949538,"Wid":291310258}
{"Coordinate":{"Latitude":35.7284293,"Longitude":139.5396872},"Nid":734896493,"Wid":291310258}
{"Coordinate":{"Latitude":35.7329808,"Longitude":139.5528089},"Nid":1551894832,"Wid":141780870}
{"Coordinate":{"Latitude":35.7313636,"Longitude":139.5593854},"Nid":1551894199,"Wid":141780915}
{"Coordinate":{"Latitude":35.7301642,"Longitude":139.5601604},"Nid":1551893841,"Wid":141780915}
{"Coordinate":{"Latitude":35.7133953,"Longitude":139.5480819},"Nid":1586655039,"Wid":147855670}
{"Coordinate":{"Latitude":35.7069859,"Longitude":139.5457158},"Nid":1611666935,"Wid":148057691}
{"Coordinate":{"Latitude":35.7303338,"Longitude":139.5417738},"Nid":1965044867,"Wid":185817499}
{"Coordinate":{"Latitude":35.7207352,"Longitude":139.5561696},"Nid":1615381401,"Wid":148431899}
{"Coordinate":{"Latitude":35.7205853,"Longitude":139.5565424},"Nid":1615381386,"Wid":148431899}
{"Coordinate":{"Latitude":35.7320804,"Longitude":139.5339043},"Nid":1553901268,"Wid":141964270}
{"Coordinate":{"Latitude":35.731613,"Longitude":139.5344011},"Nid":-1643714311,"Wid":141964270}
{"Coordinate":{"Latitude":35.731613,"Longitude":139.5344011},"Nid":-1643714311,"Wid":141964270}
{"Coordinate":{"Latitude":35.7202538,"Longitude":139.5435463},"Nid":1551736457,"Wid":147778733}
{"Coordinate":{"Latitude":35.7202784,"Longitude":139.5442293},"Nid":1551736454,"Wid":147778733}
{"Coordinate":{"Latitude":35.7442659,"Longitude":139.5604021},"Nid":684244993,"Wid":141952437}
{"Coordinate":{"Latitude":35.7442236,"Longitude":139.5586823},"Nid":684245015,"Wid":141952437}
{"Coordinate":{"Latitude":35.7289201,"Longitude":139.5609615},"Nid":1551848307,"Wid":141775051}
{"Coordinate":{"Latitude":35.7448115,"Longitude":139.5625817},"Nid":1199532760,"Wid":103925227}
{"Coordinate":{"Latitude":35.7285218,"Longitude":139.5424987},"Nid":1629902553,"Wid":150057339}
{"Coordinate":{"Latitude":35.7129067,"Longitude":139.5251819},"Nid":701730461,"Wid":55885136}
{"Coordinate":{"Latitude":35.724133,"Longitude":139.5452344},"Nid":1551803891,"Wid":141774910}
{"Coordinate":{"Latitude":35.7246246,"Longitude":139.5397495},"Nid":734896396,"Wid":141782618}
{"Coordinate":{"Latitude":35.7244524,"Longitude":139.539838},"Nid":1629231344,"Wid":141782618}
{"Coordinate":{"Latitude":35.7431729,"Longitude":139.573564},"Nid":1311920890,"Wid":555672593}
{"Coordinate":{"Latitude":35.7431763,"Longitude":139.5739845},"Nid":1311921290,"Wid":555672593}
{"Coordinate":{"Latitude":35.7211016,"Longitude":139.5415845},"Nid":2045633100,"Wid":194053350}
