{"Coordinate":{"Latitude":35.7166732,"Longitude":139.5235401},"Nid":671899449,"Wid":177776616}
{"Coordinate":{"Latitude":35.7131366,"Longitude":139.5552453},"Nid":1586655017,"Wid":145235452}
{"Coordinate":{"Latitude":35.7131366,"Longitude":139.5552453},"Nid":1586655017,"Wid":145235452}
{"Coordinate":{"Latitude":35.7133038,"Longitude":139.5548353},"Nid":1620122001,"Wid":145235452}
{"Coordinate":{"Latitude":35.7136791,"Longitude":139.5539147},"Nid":1620122184,"Wid":145235452}
{"Coordinate":{"Latitude":35.7136791,"Longitude":139.5539147},"Nid":1620122184,"Wid":145235452}
{"Coordinate":{"Latitude":35.7138622,"Longitude":139.5534657},"Nid":1586655068,"Wid":145235452}
{"Coordinate":{"Latitude":35.7428219,"Longitude":139.5221188},"Nid":827955186,"Wid":526892729}
{"Coordinate":{"Latitude":35.7426295,"Longitude":139.5225344},"Nid":1339794617,"Wid":526892729}
{"Coordinate":{"Latitude":35.7294972,"Longitude":139.5726351},"Nid":1311921485,"Wid":638785799}
{"Coordinate":{"Latitude":35.7384124,"Longitude":139.5696032},"Nid":-1426343157,"Wid":680041071}
{"Coordinate":{"Latitude":35.7148853,"Longitude":139.5393973},"Nid":1614273978,"Wid":148319869}
{"Coordinate":{"Latitude":35.7347069,"Longitude":139.5220484},"Nid":682898270,"Wid":179461547}
{"Coordinate":{"Latitude":35.7215335,"Longitude":139.5272747},"Nid":-1547907444,"Wid":269499091}
{"Coordinate":{"Latitude":35.7406608,"Longitude":139.5248108},"Nid":1339794922,"Wid":208497827}
{"Coordinate":{"Latitude":35.7406608,"Longitude":139.5248108},"Nid":1339794922,"Wid":208497827}
{"Coordinate":{"Latitude":35.7423718,"Longitude":139.5658089},"Nid":1199532711,"Wid":141952420}
{"Coordinate":{"Latitude":35.7202784,"Longitude":139.5442293},"Nid":1551736454,"Wid":147778731}
{"Coordinate":{"Latitude":35.7195915,"Longitude":139.5443874},"Nid":1551736241,"Wid":147778731}
{"Coordinate":{"Latitude":35.719286,"Longitude":139.5548042},"Nid":1615381255,"Wid":148431896}
{"Coordinate":{"Latitude":35.7371052,"Longitude":139.5490158},"Nid":-1817686975,"Wid":239955948}
{"Coordinate":{"Latitude":35.728534,"Longitude":139.5214394},"Nid":733936907,"Wid":141764785}
{"Coordinate":{"Latitude":35.7417175,"Longitude":139.5740379},"Nid":1311926402,"Wid":565829795}
{"Coordinate":{"Latitude":35.7270549,"Longitude":139.5808444},"Nid":1161704169,"Wid":39687358}
{"Coordinate":{"Latitude":35.7239836,"Longitude":139.5402573},"Nid":1629231321,"Wid":149986327}
