{"Coordinate":{"Latitude":35.7388969,"Longitude":139.5566872},"Nid":1553862255,"Wid":141955747}
{"Coordinate":{"Latitude":35.7295192,"Longitude":139.5563856},"Nid":1551893578,"Wid":197983633}
{"Coordinate":{"Latitude":35.7295192,"Longitude":139.5563856},"Nid":1551893578,"Wid":197983633}
{"Coordinate":{"Latitude":35.7212138,"Longitude":139.5493199},"Nid":1551736727,"Wid":141759608}
{"Coordinate":{"Latitude":35.7214875,"Longitude":139.5505254},"Nid":1580971324,"Wid":141759608}
{"Coordinate":{"Latitude":35.7083647,"Longitude":139.5465082},"Nid":700848707,"Wid":55794836}
{"Coordinate":{"Latitude":35.7359489,"Longitude":139.5510076},"Nid":1551896396,"Wid":141781030}
{"Coordinate":{"Latitude":35.7215187,"Longitude":139.5345774},"Nid":1551803333,"Wid":141765084}
{"Coordinate":{"Latitude":35.7424281,"Longitude":139.5362801},"Nid":682898365,"Wid":249366802}
{"Coordinate":{"Latitude":35.7109149,"Longitude":139.5556964},"Nid":732097085,"Wid":59062086}
{"Coordinate":{"Latitude":35.7390456,"Longitude":139.5633703},"Nid":-1803102126,"Wid":284233338}
{"Coordinate":{"Latitude":35.7248703,"Longitude":139.5483388},"Nid":1551847746,"Wid":141775092}
{"Coordinate":{"Latitude":35.7381603,"Longitude":139.5788918},"Nid":-1816472317,"Wid":680691792}
{"Coordinate":{"Latitude":35.7203936,"Longitude":139.5657814},"Nid":687495452,"Wid":62287452}
{"Coordinate":{"Latitude":35.7336147,"Longitude":139.562634},"Nid":1551895303,"Wid":141781234}
{"Coordinate":{"Latitude":35.7325822,"Longitude":139.5611235},"Nid":1551894701,"Wid":141781234}
{"Coordinate":{"Latitude":35.7325822,"Longitude":139.5611235},"Nid":1551894701,"Wid":141781234}
{"Coordinate":{"Latitude":35.7364593,"Longitude":139.5743436},"Nid":1311922751,"Wid":116358512}
{"Coordinate":{"Latitude":35.7448115,"Longitude":139.5625817},"Nid":1199532760,"Wid":141877922}
{"Coordinate":{"Latitude":35.7231676,"Longitude":139.5457257},"Nid":1551847420,"Wid":141775033}
{"Coordinate":{"Latitude":35.7225741,"Longitude":139.5462019},"Nid":1551847310,"Wid":141775033}
{"Coordinate":{"Latitude":35.7233524,"Longitude":139.5298743},"Nid":1551803660,"Wid":141765235}
{"Coordinate":{"Latitude":35.724312,"Longitude":139.530906},"Nid":1551803954,"Wid":141765235}
{"Coordinate":{"Latitude":35.7097314,"Longitude":139.5425334},"Nid":1586654840,"Wid":145235539}
{"Coordinate":{"Latitude":35.7108104,"Longitude":139.542812},"Nid":1586654889,"Wid":145235539}
{"Coordinate":{"Latitude":35.7088627,"Longitude":139.5611187},"Nid":1586699286,"Wid":145238516}
{"Coordinate":{"Latitude":35.7091445,"Longitude":139.5602573},"Nid":1586699303,"Wid":145238516}
{"Coordinate":{"Latitude":35.7268247,"Longitude":139.5360823},"Nid":734896341,"Wid":141963820}
{"Coordinate":{"Latitude":35.7091534,"Longitude":139.5549074},"Nid":1610603212,"Wid":147930858}
{"Coordinate":{"Latitude":35.7339937,"Longitude":139.5735536},"Nid":1311921948,"Wid":564707011}
