{"Coordinate":{"Latitude":35.7402274,"Longitude":139.5751508},"Nid":1110063193,"Wid":560465716}
{"Coordinate":{"Latitude":35.7402024,"Longitude":139.576835},"Nid":-2034152699,"Wid":560465716}
{"Coordinate":{"Latitude":35.7320338,"Longitude":139.5601157},"Nid":-920160595,"Wid":346921233}
{"Coordinate":{"Latitude":35.7186795,"Longitude":139.5541925},"Nid":778224273,"Wid":147857340}
{"Coordinate":{"Latitude":35.7231931,"Longitude":139.5595928},"Nid":1631131880,"Wid":150181336}
{"Coordinate":{"Latitude":35.7400118,"Longitude":139.5690544},"Nid":1199533364,"Wid":103925284}
{"Coordinate":{"Latitude":35.7355009,"Longitude":139.5648131},"Nid":1551896212,"Wid":141781150}
{"Coordinate":{"Latitude":35.7150488,"Longitude":139.5354651},"Nid":734949292,"Wid":59272290}
{"Coordinate":{"Latitude":35.7046223,"Longitude":139.5372775},"Nid":735017563,"Wid":59277385}
{"Coordinate":{"Latitude":35.7070817,"Longitude":139.5367839},"Nid":700848598,"Wid":59277385}
{"Coordinate":{"Latitude":35.7111502,"Longitude":139.5229402},"Nid":1665765884,"Wid":153964935}
{"Coordinate":{"Latitude":35.7160704,"Longitude":139.5335513},"Nid":1618620496,"Wid":148789394}
{"Coordinate":{"Latitude":35.7416739,"Longitude":139.550174},"Nid":734176336,"Wid":141952436}
{"Coordinate":{"Latitude":35.7414957,"Longitude":139.5500107},"Nid":1080571019,"Wid":141952436}
{"Coordinate":{"Latitude":35.7394726,"Longitude":139.57633},"Nid":1311923891,"Wid":116358570}
{"Coordinate":{"Latitude":35.7394726,"Longitude":139.57633},"Nid":1311923891,"Wid":116358570}
