{"Coordinate":{"Latitude":35.7088086,"Longitude":139.5637981},"Nid":544469873,"Wid":145238472}
{"Coordinate":{"Latitude":35.7103624,"Longitude":139.5647059},"Nid":544473435,"Wid":145238472}
{"Coordinate":{"Latitude":35.7237954,"Longitude":139.5454338},"Nid":-1426855047,"Wid":282863987}
{"Coordinate":{"Latitude":35.7088086,"Longitude":139.5637981},"Nid":544469873,"Wid":372573685}
{"Coordinate":{"Latitude":35.7088086,"Longitude":139.5637981},"Nid":544469873,"Wid":372573685}
{"Coordinate":{"Latitude":35.7075791,"Longitude":139.5663936},"Nid":393724354,"Wid":372573685}
{"Coordinate":{"Latitude":35.7087585,"Longitude":139.5302002},"Nid":1611613530,"Wid":148052593}
{"Coordinate":{"Latitude":35.7344127,"Longitude":139.5484979},"Nid":1551895533,"Wid":141781236}
{"Coordinate":{"Latitude":35.7325891,"Longitude":139.5488887},"Nid":1551894714,"Wid":141781236}
{"Coordinate":{"Latitude":35.7219233,"Longitude":139.5266597},"Nid":-1547907429,"Wid":269499103}
{"Coordinate":{"Latitude":35.7222935,"Longitude":139.527278},"Nid":-1547907421,"Wid":269499103}
{"Coordinate":{"Latitude":35.737857,"Longitude":139.5744037},"Nid":1311927747,"Wid":116357660}
{"Coordinate":{"Latitude":35.7287949,"Longitude":139.5386552},"Nid":1629902589,"Wid":150057312}
{"Coordinate":{"Latitude":35.7312535,"Longitude":139.5322442},"Nid":1553901211,"Wid":141964276}
{"Coordinate":{"Latitude":35.7328082,"Longitude":139.5312456},"Nid":1553901311,"Wid":141964276}
{"Coordinate":{"Latitude":35.7146316,"Longitude":139.558747},"Nid":1620122290,"Wid":148952019}
{"Coordinate":{"Latitude":35.7337416,"Longitude":139.5455168},"Nid":1551895179,"Wid":141780913}
{"Coordinate":{"Latitude":35.7211581,"Longitude":139.541191},"Nid":2045633103,"Wid":194053355}
{"Coordinate":{"Latitude":35.7208192,"Longitude":139.5446032},"Nid":1551736633,"Wid":147778579}
{"Coordinate":{"Latitude":35.7082744,"Longitude":139.5233951},"Nid":1611613403,"Wid":148052828}
{"Coordinate":{"Latitude":35.7048065,"Longitude":139.5409423},"Nid":1767378086,"Wid":165176049}
{"Coordinate":{"Latitude":35.7341691,"Longitude":139.537309},"Nid":1553901365,"Wid":141963945}
{"Coordinate":{"Latitude":35.7441186,"Longitude":139.5573683},"Nid":1553836295,"Wid":241576387}
{"Coordinate":{"Latitude":35.7085479,"Longitude":139.5234253},"Nid":-2131083903,"Wid":206381414}
{"Coordinate":{"Latitude":35.7359077,"Longitude":139.5784179},"Nid":1223378050,"Wid":106293806}
{"Coordinate":{"Latitude":35.7405343,"Longitude":139.5744156},"Nid":-1816472289,"Wid":243113762}
{"Coordinate":{"Latitude":35.7058941,"Longitude":139.5431933},"Nid":1586623174,"Wid":148185154}
{"Coordinate":{"Latitude":35.7111502,"Longitude":139.5229402},"Nid":1665765884,"Wid":153964922}
{"Coordinate":{"Latitude":35.744868,"Longitude":139.5743342},"Nid":1223317412,"Wid":106289691}
