{"Coordinate":{"Latitude":35.7442069,"Longitude":139.5494689},"Nid":-2032724754,"Wid":83913238}
{"Coordinate":{"Latitude":35.7442069,"Longitude":139.5494689},"Nid":-2032724754,"Wid":83913238}
{"Coordinate":{"Latitude":35.7265237,"Longitude":139.5515464},"Nid":1551847985,"Wid":141775003}
{"Coordinate":{"Latitude":35.7430693,"Longitude":139.5586105},"Nid":1553836114,"Wid":141952469}
{"Coordinate":{"Latitude":35.7441398,"Longitude":139.5583756},"Nid":1553836358,"Wid":141952469}
{"Coordinate":{"Latitude":35.7095027,"Longitude":139.5561027},"Nid":1586634141,"Wid":145233256}
{"Coordinate":{"Latitude":35.7236622,"Longitude":139.5763894},"Nid":419796731,"Wid":34946757}
{"Coordinate":{"Latitude":35.7059407,"Longitude":139.529495},"Nid":1675757187,"Wid":155456392}
{"Coordinate":{"Latitude":35.7261262,"Longitude":139.5600505},"Nid":1551847925,"Wid":141775117}
{"Coordinate":{"Latitude":35.7377786,"Longitude":139.5459013},"Nid":1551896993,"Wid":141781125}
{"Coordinate":{"Latitude":35.7363121,"Longitude":139.5457828},"Nid":1551896546,"Wid":141781125}
{"Coordinate":{"Latitude":35.7177132,"Longitude":139.5425853},"Nid":1623748214,"Wid":149387567}
{"Coordinate":{"Latitude":35.7172806,"Longitude":139.5426286},"Nid":1551735866,"Wid":149387567}
{"Coordinate":{"Latitude":35.7132902,"Longitude":139.5446003},"Nid":1609989099,"Wid":147853300}
{"Coordinate":{"Latitude":35.7113726,"Longitude":139.5543659},"Nid":1610603345,"Wid":221066615}
{"Coordinate":{"Latitude":35.7131361,"Longitude":139.52436},"Nid":701730459,"Wid":153964904}
{"Coordinate":{"Latitude":35.7168528,"Longitude":139.5489255},"Nid":1825343645,"Wid":171517667}
{"Coordinate":{"Latitude":35.724667,"Longitude":139.546309},"Nid":1551847659,"Wid":141774906}
{"Coordinate":{"Latitude":35.7125222,"Longitude":139.5392699},"Nid":732097063,"Wid":152181614}
{"Coordinate":{"Latitude":35.7149409,"Longitude":139.5503816},"Nid":1586655106,"Wid":147676536}
{"Coordinate":{"Latitude":35.7073152,"Longitude":139.547084},"Nid":1586623226,"Wid":145230497}
{"Coordinate":{"Latitude":35.7078263,"Longitude":139.5462637},"Nid":1586623238,"Wid":145230497}
{"Coordinate":{"Latitude":35.7126261,"Longitude":139.5360208},"Nid":1551929125,"Wid":152183190}
{"Coordinate":{"Latitude":35.7090844,"Longitude":139.5332639},"Nid":735017732,"Wid":145129796}
{"Coordinate":{"Latitude":35.7097398,"Longitude":139.537622},"Nid":-1667018619,"Wid":257203178}
{"Coordinate":{"Latitude":35.7067688,"Longitude":139.5579692},"Nid":683867690,"Wid":145238525}
{"Coordinate":{"Latitude":35.7164997,"Longitude":139.5388441},"Nid":674766712,"Wid":148789920}
