{"Coordinate":{"Latitude":35.7102127,"Longitude":139.5564643},"Nid":1586680498,"Wid":145236979}
{"Coordinate":{"Latitude":35.7113588,"Longitude":139.5572346},"Nid":1586654915,"Wid":145236979}
{"Coordinate":{"Latitude":35.7091514,"Longitude":139.5565592},"Nid":-2144799557,"Wid":742069276}
{"Coordinate":{"Latitude":35.7107818,"Longitude":139.5576575},"Nid":1586680543,"Wid":742069276}
{"Coordinate":{"Latitude":35.7107818,"Longitude":139.5576575},"Nid":1586680543,"Wid":742069276}
{"Coordinate":{"Latitude":35.7111024,"Longitude":139.5578731},"Nid":1632361074,"Wid":742069276}
{"Coordinate":{"Latitude":35.7116625,"Longitude":139.5582498},"Nid":1632361101,"Wid":742069276}
{"Coordinate":{"Latitude":35.7242553,"Longitude":139.5667337},"Nid":1311926326,"Wid":259688690}
{"Coordinate":{"Latitude":35.7243981,"Longitude":139.5700757},"Nid":1311920583,"Wid":116357589}
{"Coordinate":{"Latitude":35.7098397,"Longitude":139.5418474},"Nid":700848690,"Wid":148057700}
{"Coordinate":{"Latitude":35.7069204,"Longitude":139.5575963},"Nid":683867692,"Wid":54233712}
{"Coordinate":{"Latitude":35.7068936,"Longitude":139.5445169},"Nid":1586623215,"Wid":148183092}
{"Coordinate":{"Latitude":35.7256752,"Longitude":139.579701},"Nid":1161704141,"Wid":100818191}
{"Coordinate":{"Latitude":35.7388165,"Longitude":139.5593048},"Nid":-2034016432,"Wid":141955774}
{"Coordinate":{"Latitude":35.7354394,"Longitude":139.5638818},"Nid":1551896178,"Wid":141781187}
{"Coordinate":{"Latitude":35.7360203,"Longitude":139.5629614},"Nid":1551896393,"Wid":141781187}
{"Coordinate":{"Latitude":35.7116389,"Longitude":139.5243131},"Nid":1665765908,"Wid":153964898}
{"Coordinate":{"Latitude":35.711818,"Longitude":139.5243944},"Nid":1665765927,"Wid":153964898}
{"Coordinate":{"Latitude":35.7180525,"Longitude":139.5383046},"Nid":1618654711,"Wid":148789931}
{"Coordinate":{"Latitude":35.7176027,"Longitude":139.5382497},"Nid":1618654684,"Wid":148789931}
{"Coordinate":{"Latitude":35.7175445,"Longitude":139.5305248},"Nid":1705555131,"Wid":158332034}
{"Coordinate":{"Latitude":35.742693,"Longitude":139.570662},"Nid":1311926842,"Wid":116357811}
{"Coordinate":{"Latitude":35.7048026,"Longitude":139.567195},"Nid":1120806455,"Wid":32806005}
