{"Coordinate":{"Latitude":35.7320541,"Longitude":139.5758391},"Nid":1311921852,"Wid":116357699}
{"Coordinate":{"Latitude":35.716547,"Longitude":139.5591204},"Nid":459451917,"Wid":145235448}
{"Coordinate":{"Latitude":35.7226506,"Longitude":139.536286},"Nid":1625003086,"Wid":149532154}
{"Coordinate":{"Latitude":35.730276,"Longitude":139.573529},"Nid":1311921183,"Wid":259688694}
{"Coordinate":{"Latitude":35.730276,"Longitude":139.573529},"Nid":1311921183,"Wid":259688694}
{"Coordinate":{"Latitude":35.7097047,"Longitude":139.5781169},"Nid":425344234,"Wid":159646894}
{"Coordinate":{"Latitude":35.7242974,"Longitude":139.5593873},"Nid":1551847618,"Wid":651066498}
{"Coordinate":{"Latitude":35.7242974,"Longitude":139.5593873},"Nid":1551847618,"Wid":651066498}
{"Coordinate":{"Latitude":35.7419529,"Longitude":139.5613549},"Nid":1553835882,"Wid":141952530}
{"Coordinate":{"Latitude":35.7432205,"Longitude":139.5608843},"Nid":1553836161,"Wid":141952530}
{"Coordinate":{"Latitude":35.7063897,"Longitude":139.5459248},"Nid":1611666896,"Wid":148057672}
{"Coordinate":{"Latitude":35.7118159,"Longitude":139.52393},"Nid":1665765929,"Wid":153964927}
{"Coordinate":{"Latitude":35.7049626,"Longitude":139.5345691},"Nid":1677789221,"Wid":155373714}
{"Coordinate":{"Latitude":35.706446,"Longitude":139.5547445},"Nid":1586634016,"Wid":155513888}
{"Coordinate":{"Latitude":35.7425151,"Longitude":139.5657865},"Nid":1199532777,"Wid":141952382}
{"Coordinate":{"Latitude":35.7106711,"Longitude":139.543349},"Nid":1586654886,"Wid":145235523}
{"Coordinate":{"Latitude":35.7106711,"Longitude":139.543349},"Nid":1586654886,"Wid":145235523}
{"Coordinate":{"Latitude":35.720978,"Longitude":139.5434429},"Nid":1551736672,"Wid":147778727}
{"Coordinate":{"Latitude":35.7354133,"Longitude":139.5594011},"Nid":1551896123,"Wid":141781192}
{"Coordinate":{"Latitude":35.7252091,"Longitude":139.5363676},"Nid":1629231391,"Wid":149986367}
