{"Coordinate":{"Latitude":35.7084747,"Longitude":139.5764872},"Nid":410471288,"Wid":276479570}
{"Coordinate":{"Latitude":35.7124626,"Longitude":139.5215641},"Nid":700848568,"Wid":146350953}
{"Coordinate":{"Latitude":35.7119867,"Longitude":139.5471423},"Nid":1609999953,"Wid":147855671}
{"Coordinate":{"Latitude":35.7190003,"Longitude":139.5436986},"Nid":1551736121,"Wid":149530329}
{"Coordinate":{"Latitude":35.7307086,"Longitude":139.5809019},"Nid":1480367046,"Wid":694903969}
{"Coordinate":{"Latitude":35.730816,"Longitude":139.5814457},"Nid":-1427220048,"Wid":694903969}
{"Coordinate":{"Latitude":35.730816,"Longitude":139.5814457},"Nid":-1427220048,"Wid":694903969}
{"Coordinate":{"Latitude":35.7303826,"Longitude":139.5248326},"Nid":-60352213,"Wid":241593167}
{"Coordinate":{"Latitude":35.7286219,"Longitude":139.5446645},"Nid":1551893345,"Wid":149116060}
{"Coordinate":{"Latitude":35.7234073,"Longitude":139.5473099},"Nid":1551847450,"Wid":141774963}
{"Coordinate":{"Latitude":35.7242419,"Longitude":139.547822},"Nid":1551847600,"Wid":141774963}
{"Coordinate":{"Latitude":35.7075086,"Longitude":139.5321935},"Nid":1675757213,"Wid":145230582}
{"Coordinate":{"Latitude":35.7445655,"Longitude":139.5742311},"Nid":1311927002,"Wid":116358538}
{"Coordinate":{"Latitude":35.7245673,"Longitude":139.5799142},"Nid":1165206541,"Wid":100490648}
{"Coordinate":{"Latitude":35.7168387,"Longitude":139.5402129},"Nid":1623748069,"Wid":149387570}
{"Coordinate":{"Latitude":35.7172143,"Longitude":139.5401039},"Nid":1623748128,"Wid":149387570}
{"Coordinate":{"Latitude":35.7422718,"Longitude":139.5386341},"Nid":-2017823881,"Wid":218467130}
{"Coordinate":{"Latitude":35.7173501,"Longitude":139.5600757},"Nid":1620122527,"Wid":38748024}
{"Coordinate":{"Latitude":35.7160691,"Longitude":139.5632645},"Nid":459451936,"Wid":38748024}
{"Coordinate":{"Latitude":35.7287666,"Longitude":139.5770594},"Nid":1311923768,"Wid":134676919}
{"Coordinate":{"Latitude":35.7287666,"Longitude":139.5770594},"Nid":1311923768,"Wid":134676919}
{"Coordinate":{"Latitude":35.7293946,"Longitude":139.5769371},"Nid":675752214,"Wid":134676919}
{"Coordinate":{"Latitude":35.7125222,"Longitude":139.5392699},"Nid":732097063,"Wid":59062081}
{"Coordinate":{"Latitude":35.7099347,"Longitude":139.5803546},"Nid":1165431861,"Wid":100848375}
{"Coordinate":{"Latitude":35.7087921,"Longitude":139.5691533},"Nid":1120806420,"Wid":742077992}
