{"Coordinate":{"Latitude":35.7217459,"Longitude":139.524992},"Nid":699532975,"Wid":55676496}
{"Coordinate":{"Latitude":35.7370209,"Longitude":139.5559229},"Nid":1551896938,"Wid":141955816}
{"Coordinate":{"Latitude":35.7370953,"Longitude":139.5576078},"Nid":1553861783,"Wid":141955816}
{"Coordinate":{"Latitude":35.7251509,"Longitude":139.5286571},"Nid":-1415097610,"Wid":284237719}
{"Coordinate":{"Latitude":35.7069714,"Longitude":139.5353159},"Nid":735017662,"Wid":155373711}
{"Coordinate":{"Latitude":35.7203671,"Longitude":139.5559581},"Nid":1615381362,"Wid":145235493}
{"Coordinate":{"Latitude":35.7201373,"Longitude":139.5558165},"Nid":1615381353,"Wid":145235493}
{"Coordinate":{"Latitude":35.721452,"Longitude":139.5469801},"Nid":1580971321,"Wid":144553428}
{"Coordinate":{"Latitude":35.722091,"Longitude":139.546753},"Nid":1551736975,"Wid":144553428}
{"Coordinate":{"Latitude":35.7182773,"Longitude":139.5321745},"Nid":1618620742,"Wid":148789385}
{"Coordinate":{"Latitude":35.7198363,"Longitude":139.5330486},"Nid":1626529064,"Wid":149705070}
{"Coordinate":{"Latitude":35.7201133,"Longitude":139.5331327},"Nid":1626529077,"Wid":149705070}
{"Coordinate":{"Latitude":35.7221414,"Longitude":139.535774},"Nid":1551803430,"Wid":241593165}
{"Coordinate":{"Latitude":35.7190327,"Longitude":139.5442369},"Nid":1624984952,"Wid":149530323}
{"Coordinate":{"Latitude":35.7119868,"Longitude":139.5715114},"Nid":459451941,"Wid":145237024}
{"Coordinate":{"Latitude":35.7283741,"Longitude":139.5366236},"Nid":734885879,"Wid":141963812}
{"Coordinate":{"Latitude":35.706446,"Longitude":139.5547445},"Nid":1586634016,"Wid":161644141}
{"Coordinate":{"Latitude":35.72185,"Longitude":139.5564805},"Nid":1586339495,"Wid":145201231}
{"Coordinate":{"Latitude":35.7284424,"Longitude":139.5453423},"Nid":1621376773,"Wid":149116044}
{"Coordinate":{"Latitude":35.706012,"Longitude":139.5506998},"Nid":701651857,"Wid":287491712}
{"Coordinate":{"Latitude":35.7059529,"Longitude":139.5509504},"Nid":1610090994,"Wid":147858889}
{"Coordinate":{"Latitude":35.7180689,"Longitude":139.5420965},"Nid":1623748325,"Wid":149387521}
{"Coordinate":{"Latitude":35.7084058,"Longitude":139.528909},"Nid":-1500459460,"Wid":274782838}
{"Coordinate":{"Latitude":35.7048065,"Longitude":139.5409423},"Nid":1767378086,"Wid":165176046}
{"Coordinate":{"Latitude":35.7206118,"Longitude":139.5344255},"Nid":1626529089,"Wid":149705050}
{"Coordinate":{"Latitude":35.7142828,"Longitude":139.5405962},"Nid":1551802715,"Wid":148319900}
{"Coordinate":{"Latitude":35.7137394,"Longitude":139.540971},"Nid":1551802702,"Wid":148319900}
{"Coordinate":{"Latitude":35.7190173,"Longitude":139.5439814},"Nid":1624984950,"Wid":149530319}
{"Coordinate":{"Latitude":35.7176343,"Longitude":139.5622989},"Nid":1354233468,"Wid":145235530}
{"Coordinate":{"Latitude":35.712793,"Longitude":139.5368113},"Nid":1551929169,"Wid":141782637}
{"Coordinate":{"Latitude":35.7136776,"Longitude":139.5368823},"Nid":1551929188,"Wid":141782663}
{"Coordinate":{"Latitude":35.7366008,"Longitude":139.5731786},"Nid":-1426343325,"Wid":282926070}
