{"Coordinate":{"Latitude":35.7240392,"Longitude":139.545321},"Nid":1551847538,"Wid":141775134}
{"Coordinate":{"Latitude":35.7237954,"Longitude":139.5454338},"Nid":-1426855047,"Wid":141775134}
{"Coordinate":{"Latitude":35.7232722,"Longitude":139.5456591},"Nid":1551847426,"Wid":141775134}
{"Coordinate":{"Latitude":35.7184984,"Longitude":139.5756502},"Nid":410471307,"Wid":145236960}
{"Coordinate":{"Latitude":35.7188049,"Longitude":139.5750496},"Nid":410119166,"Wid":145236960}
{"Coordinate":{"Latitude":35.721059,"Longitude":139.5390674},"Nid":734896357,"Wid":141765020}
{"Coordinate":{"Latitude":35.721145,"Longitude":139.5406782},"Nid":1551736718,"Wid":141765020}
{"Coordinate":{"Latitude":35.7224571,"Longitude":139.5407735},"Nid":1651415432,"Wid":152314391}
{"Coordinate":{"Latitude":35.7321317,"Longitude":139.5431996},"Nid":1551894499,"Wid":141781143}
{"Coordinate":{"Latitude":35.73061,"Longitude":139.554589},"Nid":1551894018,"Wid":141781048}
{"Coordinate":{"Latitude":35.7298306,"Longitude":139.5545564},"Nid":-1817686932,"Wid":141781048}
{"Coordinate":{"Latitude":35.7289914,"Longitude":139.5644007},"Nid":1354233452,"Wid":120875198}
{"Coordinate":{"Latitude":35.7134058,"Longitude":139.526239},"Nid":688500978,"Wid":55885139}
{"Coordinate":{"Latitude":35.713404,"Longitude":139.5253569},"Nid":701730464,"Wid":55885139}
{"Coordinate":{"Latitude":35.738023,"Longitude":139.540124},"Nid":1553901553,"Wid":141963686}
{"Coordinate":{"Latitude":35.738314,"Longitude":139.541284},"Nid":1553901577,"Wid":141963686}
{"Coordinate":{"Latitude":35.7250956,"Longitude":139.5497754},"Nid":-1500466163,"Wid":274782190}
{"Coordinate":{"Latitude":35.7298436,"Longitude":139.5354803},"Nid":703695303,"Wid":56064047}
{"Coordinate":{"Latitude":35.7441186,"Longitude":139.5573683},"Nid":1553836295,"Wid":141952505}
{"Coordinate":{"Latitude":35.7258686,"Longitude":139.5403468},"Nid":734896448,"Wid":149986365}
{"Coordinate":{"Latitude":35.7085898,"Longitude":139.5356982},"Nid":735017735,"Wid":145129798}
{"Coordinate":{"Latitude":35.7085992,"Longitude":139.5348561},"Nid":1774566967,"Wid":145129798}
{"Coordinate":{"Latitude":35.722091,"Longitude":139.546753},"Nid":1551736975,"Wid":141775105}
{"Coordinate":{"Latitude":35.718664,"Longitude":139.5425586},"Nid":1623748377,"Wid":149387560}
{"Coordinate":{"Latitude":35.7283203,"Longitude":139.5386122},"Nid":1629902539,"Wid":150057334}
{"Coordinate":{"Latitude":35.7201373,"Longitude":139.5558165},"Nid":1615381353,"Wid":148431840}
