{"Coordinate":{"Latitude":35.7439287,"Longitude":139.5527479},"Nid":734176410,"Wid":141952448}
{"Coordinate":{"Latitude":35.7054797,"Longitude":139.539908},"Nid":1767386179,"Wid":165176344}
{"Coordinate":{"Latitude":35.7327671,"Longitude":139.5668247},"Nid":1551894759,"Wid":141781220}
{"Coordinate":{"Latitude":35.7147464,"Longitude":139.5475009},"Nid":1586655096,"Wid":145235433}
{"Coordinate":{"Latitude":35.710461,"Longitude":139.5223215},"Nid":1665765858,"Wid":153964939}
{"Coordinate":{"Latitude":35.7202546,"Longitude":139.5513406},"Nid":1551736386,"Wid":274782185}
{"Coordinate":{"Latitude":35.7199839,"Longitude":139.5533816},"Nid":1551736358,"Wid":274782185}
{"Coordinate":{"Latitude":35.7199839,"Longitude":139.5533816},"Nid":1551736358,"Wid":274782185}
{"Coordinate":{"Latitude":35.729805,"Longitude":139.5506},"Nid":1551893669,"Wid":141781177}
{"Coordinate":{"Latitude":35.7285524,"Longitude":139.5499427},"Nid":623351336,"Wid":141781177}
{"Coordinate":{"Latitude":35.7353506,"Longitude":139.5691941},"Nid":1311927325,"Wid":141781107}
{"Coordinate":{"Latitude":35.7268867,"Longitude":139.5712005},"Nid":1723765500,"Wid":799018772}
{"Coordinate":{"Latitude":35.7300701,"Longitude":139.563178},"Nid":-1427220074,"Wid":282829800}
{"Coordinate":{"Latitude":35.7060401,"Longitude":139.5444018},"Nid":1586623179,"Wid":145230571}
{"Coordinate":{"Latitude":35.7417103,"Longitude":139.5757592},"Nid":1311926446,"Wid":116357818}
{"Coordinate":{"Latitude":35.7419634,"Longitude":139.5761562},"Nid":1311923145,"Wid":116357818}
{"Coordinate":{"Latitude":35.7419634,"Longitude":139.5761562},"Nid":1311923145,"Wid":116357818}
{"Coordinate":{"Latitude":35.7419307,"Longitude":139.5764841},"Nid":1311924870,"Wid":116357818}
{"Coordinate":{"Latitude":35.7419307,"Longitude":139.5764841},"Nid":1311924870,"Wid":116357818}
{"Coordinate":{"Latitude":35.7416997,"Longitude":139.5773659},"Nid":1311920736,"Wid":116357818}
{"Coordinate":{"Latitude":35.7199233,"Longitude":139.581407},"Nid":1724994219,"Wid":38324514}
{"Coordinate":{"Latitude":35.7195449,"Longitude":139.5801966},"Nid":388753255,"Wid":38324514}
{"Coordinate":{"Latitude":35.7195449,"Longitude":139.5801966},"Nid":388753255,"Wid":38324514}
{"Coordinate":{"Latitude":35.7193472,"Longitude":139.5789566},"Nid":419796722,"Wid":38324514}
{"Coordinate":{"Latitude":35.7405372,"Longitude":139.580526},"Nid":1311922975,"Wid":116358744}
{"Coordinate":{"Latitude":35.7401941,"Longitude":139.5805294},"Nid":1311926828,"Wid":116358744}
{"Coordinate":{"Latitude":35.7054485,"Longitude":139.5413227},"Nid":1767386174,"Wid":165176349}
{"Coordinate":{"Latitude":35.7403767,"Longitude":139.5459134},"Nid":1078676816,"Wid":141964299}
{"Coordinate":{"Latitude":35.7040043,"Longitude":139.5661397},"Nid":369672480,"Wid":145130482}
{"Coordinate":{"Latitude":35.7195849,"Longitude":139.5417808},"Nid":734896366,"Wid":149387518}
{"Coordinate":{"Latitude":35.7195915,"Longitude":139.5443874},"Nid":1551736241,"Wid":141759434}
{"Coordinate":{"Latitude":35.715056,"Longitude":139.529039},"Nid":-1528233533,"Wid":271727705}
{"Coordinate":{"Latitude":35.7202538,"Longitude":139.5435463},"Nid":1551736457,"Wid":147778723}
{"Coordinate":{"Latitude":35.7272531,"Longitude":139.5297179},"Nid":734885808,"Wid":59264232}
{"Coordinate":{"Latitude":35.7394726,"Longitude":139.57633},"Nid":1311923891,"Wid":565814059}
{"Coordinate":{"Latitude":35.7162862,"Longitude":139.5513204},"Nid":1608814507,"Wid":147679660}
{"Coordinate":{"Latitude":35.7053406,"Longitude":139.5529907},"Nid":1610090937,"Wid":147858890}
{"Coordinate":{"Latitude":35.7056014,"Longitude":139.5521916},"Nid":1600790270,"Wid":147858890}
{"Coordinate":{"Latitude":35.7327398,"Longitude":139.5676481},"Nid":1551894757,"Wid":141780880}
{"Coordinate":{"Latitude":35.7325987,"Longitude":139.5687853},"Nid":1551894705,"Wid":141780880}
