{"Coordinate":{"Latitude":35.732193,"Longitude":139.5516},"Nid":1551894526,"Wid":141781012}
{"Coordinate":{"Latitude":35.7322564,"Longitude":139.5505495},"Nid":1551894595,"Wid":141781012}
{"Coordinate":{"Latitude":35.725158,"Longitude":139.5408563},"Nid":734896443,"Wid":59265544}
{"Coordinate":{"Latitude":35.7088255,"Longitude":139.5225694},"Nid":1611613539,"Wid":148051682}
{"Coordinate":{"Latitude":35.7256256,"Longitude":139.5783589},"Nid":-1842596171,"Wid":313849148}
{"Coordinate":{"Latitude":35.7054798,"Longitude":139.5686518},"Nid":369672532,"Wid":33036436}
{"Coordinate":{"Latitude":35.7250072,"Longitude":139.5474466},"Nid":1658857856,"Wid":153168561}
{"Coordinate":{"Latitude":35.7251086,"Longitude":139.5479019},"Nid":1658857866,"Wid":153168561}
{"Coordinate":{"Latitude":35.7221255,"Longitude":139.5790382},"Nid":425344239,"Wid":36504130}
{"Coordinate":{"Latitude":35.7245876,"Longitude":139.5394436},"Nid":734896394,"Wid":141782620}
{"Coordinate":{"Latitude":35.7078542,"Longitude":139.5780721},"Nid":419796687,"Wid":91610373}
{"Coordinate":{"Latitude":35.7166062,"Longitude":139.5453765},"Nid":1608830637,"Wid":147681807}
{"Coordinate":{"Latitude":35.717468,"Longitude":139.5455013},"Nid":1551735894,"Wid":147681807}
{"Coordinate":{"Latitude":35.720349,"Longitude":139.5447227},"Nid":1551736517,"Wid":147778567}
{"Coordinate":{"Latitude":35.7161086,"Longitude":139.547132},"Nid":1551735765,"Wid":141759454}
{"Coordinate":{"Latitude":35.7310976,"Longitude":139.5639464},"Nid":1551894120,"Wid":141781156}
{"Coordinate":{"Latitude":35.7335637,"Longitude":139.5383506},"Nid":-1423391266,"Wid":283271365}
{"Coordinate":{"Latitude":35.7370887,"Longitude":139.5593326},"Nid":1551896960,"Wid":141955740}
{"Coordinate":{"Latitude":35.7214446,"Longitude":139.537836},"Nid":-2014117165,"Wid":218877502}
