{"Coordinate":{"Latitude":35.7118312,"Longitude":139.5764204},"Nid":1586680611,"Wid":38324510}
{"Coordinate":{"Latitude":35.744833,"Longitude":139.5509478},"Nid":734176326,"Wid":141878121}
{"Coordinate":{"Latitude":35.7255217,"Longitude":139.561525},"Nid":1551847843,"Wid":141774966}
{"Coordinate":{"Latitude":35.7250756,"Longitude":139.5612422},"Nid":1551847780,"Wid":141774966}
{"Coordinate":{"Latitude":35.7317793,"Longitude":139.5424309},"Nid":734176465,"Wid":59265559}
{"Coordinate":{"Latitude":35.7370944,"Longitude":139.5476971},"Nid":1551896962,"Wid":141955694}
{"Coordinate":{"Latitude":35.716547,"Longitude":139.5591204},"Nid":459451917,"Wid":145235435}
{"Coordinate":{"Latitude":35.7398277,"Longitude":139.5590934},"Nid":1553835519,"Wid":141952487}
{"Coordinate":{"Latitude":35.7413282,"Longitude":139.5613621},"Nid":1553835735,"Wid":141952414}
{"Coordinate":{"Latitude":35.7217865,"Longitude":139.5333967},"Nid":1652820816,"Wid":152464567}
{"Coordinate":{"Latitude":35.724948,"Longitude":139.5468108},"Nid":1658857842,"Wid":153168560}
{"Coordinate":{"Latitude":35.7104975,"Longitude":139.5537202},"Nid":1610603335,"Wid":221066607}
{"Coordinate":{"Latitude":35.7101093,"Longitude":139.5400631},"Nid":700848685,"Wid":56197712}
{"Coordinate":{"Latitude":35.7050138,"Longitude":139.5414793},"Nid":1767378097,"Wid":165176041}
{"Coordinate":{"Latitude":35.7388097,"Longitude":139.5620928},"Nid":1553862225,"Wid":141955734}
{"Coordinate":{"Latitude":35.7056313,"Longitude":139.5412776},"Nid":1767386202,"Wid":165176351}
