{"Coordinate":{"Latitude":35.7235049,"Longitude":139.570167},"Nid":1311921127,"Wid":116357590}
{"Coordinate":{"Latitude":35.7235223,"Longitude":139.5722408},"Nid":1311927432,"Wid":116357590}
{"Coordinate":{"Latitude":35.7242196,"Longitude":139.5722252},"Nid":1311926451,"Wid":34997195}
{"Coordinate":{"Latitude":35.7242196,"Longitude":139.5722252},"Nid":1311926451,"Wid":34997195}
{"Coordinate":{"Latitude":35.7235223,"Longitude":139.5722408},"Nid":1311927432,"Wid":34997195}
{"Coordinate":{"Latitude":35.7235223,"Longitude":139.5722408},"Nid":1311927432,"Wid":34997195}
{"Coordinate":{"Latitude":35.7202071,"Longitude":139.5323363},"Nid":1551803146,"Wid":141765097}
{"Coordinate":{"Latitude":35.7205633,"Longitude":139.5311017},"Nid":1551803210,"Wid":141765097}
{"Coordinate":{"Latitude":35.7352807,"Longitude":139.545272},"Nid":1551895941,"Wid":239955912}
{"Coordinate":{"Latitude":35.7088023,"Longitude":139.5418868},"Nid":1704175933,"Wid":260723549}
{"Coordinate":{"Latitude":35.7096265,"Longitude":139.5411197},"Nid":-1632086046,"Wid":260723549}
{"Coordinate":{"Latitude":35.7090682,"Longitude":139.568442},"Nid":1120806396,"Wid":145237147}
{"Coordinate":{"Latitude":35.727894,"Longitude":139.5349293},"Nid":734885882,"Wid":59264228}
{"Coordinate":{"Latitude":35.7275399,"Longitude":139.5349353},"Nid":734885835,"Wid":59264228}
{"Coordinate":{"Latitude":35.7084058,"Longitude":139.528909},"Nid":-1500459460,"Wid":155456416}
{"Coordinate":{"Latitude":35.7448765,"Longitude":139.5343988},"Nid":752136394,"Wid":245315776}
{"Coordinate":{"Latitude":35.7431205,"Longitude":139.5348902},"Nid":752136384,"Wid":245315776}
{"Coordinate":{"Latitude":35.7355129,"Longitude":139.5334544},"Nid":1553901402,"Wid":141964008}
{"Coordinate":{"Latitude":35.7349174,"Longitude":139.5328019},"Nid":1553901380,"Wid":141964008}
{"Coordinate":{"Latitude":35.7211646,"Longitude":139.5413502},"Nid":2045633105,"Wid":194053354}
{"Coordinate":{"Latitude":35.7342092,"Longitude":139.5624646},"Nid":1551895431,"Wid":141780847}
{"Coordinate":{"Latitude":35.7178187,"Longitude":139.5320751},"Nid":1618620702,"Wid":148789383}
{"Coordinate":{"Latitude":35.7118159,"Longitude":139.52393},"Nid":1665765929,"Wid":153964903}
{"Coordinate":{"Latitude":35.7287695,"Longitude":139.5624772},"Nid":1551848293,"Wid":141775057}
{"Coordinate":{"Latitude":35.7042794,"Longitude":139.5351758},"Nid":1678463785,"Wid":155453269}
{"Coordinate":{"Latitude":35.7122555,"Longitude":139.5518116},"Nid":1611618051,"Wid":148052334}
{"Coordinate":{"Latitude":35.7219786,"Longitude":139.5273985},"Nid":-1547907426,"Wid":269499094}
