{"Coordinate":{"Latitude":35.7138926,"Longitude":139.5380833},"Nid":734949347,"Wid":59272253}
{"Coordinate":{"Latitude":35.7192457,"Longitude":139.5542388},"Nid":1610042549,"Wid":147857360}
{"Coordinate":{"Latitude":35.7186857,"Longitude":139.5539142},"Nid":1586655188,"Wid":147857360}
{"Coordinate":{"Latitude":35.7131712,"Longitude":139.5284695},"Nid":688501144,"Wid":55885159}
{"Coordinate":{"Latitude":35.7381641,"Longitude":139.5615527},"Nid":1553861986,"Wid":141955781}
{"Coordinate":{"Latitude":35.7373298,"Longitude":139.5614952},"Nid":1553861799,"Wid":141955781}
{"Coordinate":{"Latitude":35.7423933,"Longitude":139.5388329},"Nid":682898420,"Wid":249366810}
{"Coordinate":{"Latitude":35.7147464,"Longitude":139.5475009},"Nid":1586655096,"Wid":62287460}
{"Coordinate":{"Latitude":35.7137702,"Longitude":139.5503931},"Nid":726443990,"Wid":62287460}
{"Coordinate":{"Latitude":35.7431295,"Longitude":139.5214542},"Nid":-2107097418,"Wid":119178545}
{"Coordinate":{"Latitude":35.7431295,"Longitude":139.5214542},"Nid":-2107097418,"Wid":119178545}
{"Coordinate":{"Latitude":35.7159385,"Longitude":139.5554993},"Nid":-1807019977,"Wid":241100768}
{"Coordinate":{"Latitude":35.7137754,"Longitude":139.5784166},"Nid":410471303,"Wid":39687362}
{"Coordinate":{"Latitude":35.7126274,"Longitude":139.57752},"Nid":459451956,"Wid":39687362}
{"Coordinate":{"Latitude":35.7189866,"Longitude":139.5546411},"Nid":778224308,"Wid":148431897}
{"Coordinate":{"Latitude":35.7186795,"Longitude":139.5541925},"Nid":778224273,"Wid":148431897}
{"Coordinate":{"Latitude":35.7282602,"Longitude":139.560065},"Nid":1551848212,"Wid":197127606}
{"Coordinate":{"Latitude":35.7382992,"Longitude":139.5547434},"Nid":1553862055,"Wid":141955852}
{"Coordinate":{"Latitude":35.7370209,"Longitude":139.5559229},"Nid":1551896938,"Wid":141955852}
{"Coordinate":{"Latitude":35.7229044,"Longitude":139.5423851},"Nid":-1780039613,"Wid":244143267}
{"Coordinate":{"Latitude":35.7226711,"Longitude":139.525698},"Nid":-1643744179,"Wid":284237711}
{"Coordinate":{"Latitude":35.7116389,"Longitude":139.5243131},"Nid":1665765908,"Wid":153964914}
{"Coordinate":{"Latitude":35.7164273,"Longitude":139.540277},"Nid":1551802870,"Wid":148319868}
{"Coordinate":{"Latitude":35.7168387,"Longitude":139.5402129},"Nid":1623748069,"Wid":148319868}
{"Coordinate":{"Latitude":35.7238156,"Longitude":139.5223826},"Nid":1551803851,"Wid":141765008}
{"Coordinate":{"Latitude":35.7244966,"Longitude":139.5402606},"Nid":1551929265,"Wid":149986353}
{"Coordinate":{"Latitude":35.7239836,"Longitude":139.5402573},"Nid":1629231321,"Wid":149986353}
{"Coordinate":{"Latitude":35.7083647,"Longitude":139.5465082},"Nid":700848707,"Wid":145230222}
{"Coordinate":{"Latitude":35.7050036,"Longitude":139.5600555},"Nid":1112907131,"Wid":150175246}
{"Coordinate":{"Latitude":35.7164911,"Longitude":139.5515619},"Nid":1615420036,"Wid":148435698}
