{"Coordinate":{"Latitude":35.7127685,"Longitude":139.5349218},"Nid":1551929158,"Wid":59272268}
{"Coordinate":{"Latitude":35.7247991,"Longitude":139.5261817},"Nid":699532998,"Wid":141764936}
{"Coordinate":{"Latitude":35.7104514,"Longitude":139.5590979},"Nid":1586680519,"Wid":145236946}
{"Coordinate":{"Latitude":35.7056216,"Longitude":139.5775785},"Nid":982125423,"Wid":84527715}
{"Coordinate":{"Latitude":35.7056636,"Longitude":139.5415516},"Nid":1767386206,"Wid":165176354}
{"Coordinate":{"Latitude":35.7056389,"Longitude":139.5413425},"Nid":1767386203,"Wid":165176354}
{"Coordinate":{"Latitude":35.732874,"Longitude":139.5452641},"Nid":1551894790,"Wid":141780926}
{"Coordinate":{"Latitude":35.7320571,"Longitude":139.5452707},"Nid":1551894450,"Wid":141780926}
{"Coordinate":{"Latitude":35.7256664,"Longitude":139.5703694},"Nid":1311921727,"Wid":116357730}
{"Coordinate":{"Latitude":35.725597,"Longitude":139.5686305},"Nid":1311926151,"Wid":116357730}
{"Coordinate":{"Latitude":35.7243317,"Longitude":139.5669983},"Nid":1311922189,"Wid":197127605}
{"Coordinate":{"Latitude":35.7388744,"Longitude":139.5615091},"Nid":684244963,"Wid":141955755}
{"Coordinate":{"Latitude":35.7381922,"Longitude":139.561345},"Nid":1553862010,"Wid":141955755}
{"Coordinate":{"Latitude":35.7381922,"Longitude":139.561345},"Nid":1553862010,"Wid":141955755}
{"Coordinate":{"Latitude":35.7194248,"Longitude":139.5730878},"Nid":-1842359876,"Wid":562225706}
{"Coordinate":{"Latitude":35.7250956,"Longitude":139.5497754},"Nid":-1500466163,"Wid":274782184}
{"Coordinate":{"Latitude":35.7190378,"Longitude":139.5771198},"Nid":475856439,"Wid":53803606}
{"Coordinate":{"Latitude":35.7311908,"Longitude":139.5546483},"Nid":1551894144,"Wid":141780883}
{"Coordinate":{"Latitude":35.7320372,"Longitude":139.5546546},"Nid":1551894476,"Wid":141780883}
{"Coordinate":{"Latitude":35.7436954,"Longitude":139.5697644},"Nid":1311921020,"Wid":637899879}
{"Coordinate":{"Latitude":35.7135829,"Longitude":139.5303168},"Nid":1704151339,"Wid":55885154}
{"Coordinate":{"Latitude":35.74071,"Longitude":139.5720281},"Nid":-2034152694,"Wid":240074744}
{"Coordinate":{"Latitude":35.7148672,"Longitude":139.5359478},"Nid":1650196483,"Wid":152183191}
{"Coordinate":{"Latitude":35.7060167,"Longitude":139.5446812},"Nid":1586623177,"Wid":148057636}
{"Coordinate":{"Latitude":35.7211581,"Longitude":139.541191},"Nid":2045633103,"Wid":194053349}
