{"Coordinate":{"Latitude":35.7332629,"Longitude":139.5662641},"Nid":623351360,"Wid":141774841}
{"Coordinate":{"Latitude":35.7340176,"Longitude":139.5694793},"Nid":646911924,"Wid":141774841}
{"Coordinate":{"Latitude":35.7340176,"Longitude":139.5694793},"Nid":646911924,"Wid":141774841}
{"Coordinate":{"Latitude":35.7348135,"Longitude":139.5725099},"Nid":1311927710,"Wid":141774841}
{"Coordinate":{"Latitude":35.7348135,"Longitude":139.5725099},"Nid":1311927710,"Wid":141774841}
{"Coordinate":{"Latitude":35.7082871,"Longitude":139.5228678},"Nid":-2131083909,"Wid":206381427}
{"Coordinate":{"Latitude":35.7082744,"Longitude":139.5233951},"Nid":1611613403,"Wid":206381427}
{"Coordinate":{"Latitude":35.7070359,"Longitude":139.5678621},"Nid":1120806409,"Wid":742090621}
{"Coordinate":{"Latitude":35.7042888,"Longitude":139.5753536},"Nid":1119871939,"Wid":742090621}
{"Coordinate":{"Latitude":35.7042888,"Longitude":139.5753536},"Nid":1119871939,"Wid":742090621}
{"Coordinate":{"Latitude":35.7041353,"Longitude":139.5757408},"Nid":1119871938,"Wid":742090621}
{"Coordinate":{"Latitude":35.7039805,"Longitude":139.5761448},"Nid":1119871937,"Wid":742090621}
{"Coordinate":{"Latitude":35.7189633,"Longitude":139.5524037},"Nid":1551736118,"Wid":141759629}
{"Coordinate":{"Latitude":35.7194653,"Longitude":139.5521608},"Nid":1586339384,"Wid":141759629}
{"Coordinate":{"Latitude":35.7225559,"Longitude":139.5407898},"Nid":1651415447,"Wid":152314397}
{"Coordinate":{"Latitude":35.722339,"Longitude":139.540754},"Nid":1551803495,"Wid":152314397}
{"Coordinate":{"Latitude":35.7283741,"Longitude":139.5366236},"Nid":734885879,"Wid":308410304}
{"Coordinate":{"Latitude":35.7382699,"Longitude":139.5797118},"Nid":-260000230,"Wid":116357742}
{"Coordinate":{"Latitude":35.7382699,"Longitude":139.5797118},"Nid":-260000230,"Wid":116357742}
{"Coordinate":{"Latitude":35.7127962,"Longitude":139.5392899},"Nid":732097065,"Wid":141782621}
{"Coordinate":{"Latitude":35.724813,"Longitude":139.547949},"Nid":1551847697,"Wid":153168566}
{"Coordinate":{"Latitude":35.7248703,"Longitude":139.5483388},"Nid":1551847746,"Wid":153168566}
{"Coordinate":{"Latitude":35.7226824,"Longitude":139.5524783},"Nid":1551847320,"Wid":141774985}
{"Coordinate":{"Latitude":35.7162141,"Longitude":139.5366275},"Nid":1551802867,"Wid":148319891}
{"Coordinate":{"Latitude":35.7154074,"Longitude":139.5370231},"Nid":1614274005,"Wid":148319891}
{"Coordinate":{"Latitude":35.7042349,"Longitude":139.5605306},"Nid":1112907138,"Wid":145238501}
{"Coordinate":{"Latitude":35.7229013,"Longitude":139.5608503},"Nid":1631131815,"Wid":150181329}
{"Coordinate":{"Latitude":35.7226514,"Longitude":139.5623821},"Nid":1551847318,"Wid":141775122}
{"Coordinate":{"Latitude":35.722801,"Longitude":139.561661},"Nid":1551847345,"Wid":141775122}
{"Coordinate":{"Latitude":35.7133017,"Longitude":139.5483826},"Nid":1586655038,"Wid":147855654}
{"Coordinate":{"Latitude":35.7042778,"Longitude":139.5307666},"Nid":567871267,"Wid":145230378}
{"Coordinate":{"Latitude":35.7055097,"Longitude":139.5445791},"Nid":1612886657,"Wid":148183085}
{"Coordinate":{"Latitude":35.7072797,"Longitude":139.5480611},"Nid":1611666956,"Wid":148057735}
{"Coordinate":{"Latitude":35.7045387,"Longitude":139.5646793},"Nid":369672522,"Wid":145130478}
{"Coordinate":{"Latitude":35.7127708,"Longitude":139.5671383},"Nid":1717644080,"Wid":159646868}
