{"Coordinate":{"Latitude":35.7194514,"Longitude":139.5543721},"Nid":1586655197,"Wid":145235521}
{"Coordinate":{"Latitude":35.7276193,"Longitude":139.5409922},"Nid":734896485,"Wid":141780827}
{"Coordinate":{"Latitude":35.7276825,"Longitude":139.5421089},"Nid":1551893305,"Wid":141780827}
{"Coordinate":{"Latitude":35.7155058,"Longitude":139.5590314},"Nid":1620122410,"Wid":148951914}
{"Coordinate":{"Latitude":35.7253868,"Longitude":139.5271208},"Nid":699533042,"Wid":292494517}
{"Coordinate":{"Latitude":35.7109149,"Longitude":139.5556964},"Nid":732097085,"Wid":145235446}
{"Coordinate":{"Latitude":35.7164915,"Longitude":139.5335949},"Nid":1618620497,"Wid":148789384}
{"Coordinate":{"Latitude":35.7301431,"Longitude":139.5747227},"Nid":1311921338,"Wid":116357951}
{"Coordinate":{"Latitude":35.7313758,"Longitude":139.5745012},"Nid":393096187,"Wid":116357951}
{"Coordinate":{"Latitude":35.7059876,"Longitude":139.5574825},"Nid":1126002213,"Wid":146455056}
{"Coordinate":{"Latitude":35.7138622,"Longitude":139.5534657},"Nid":1586655068,"Wid":742069269}
{"Coordinate":{"Latitude":35.7127445,"Longitude":139.5379869},"Nid":1551929149,"Wid":141782628}
{"Coordinate":{"Latitude":35.712793,"Longitude":139.5368113},"Nid":1551929169,"Wid":141782628}
{"Coordinate":{"Latitude":35.7281585,"Longitude":139.5529196},"Nid":1621368159,"Wid":149115204}
{"Coordinate":{"Latitude":35.723564,"Longitude":139.560729},"Nid":1631132001,"Wid":150181355}
{"Coordinate":{"Latitude":35.706012,"Longitude":139.5506998},"Nid":701651857,"Wid":287491713}
{"Coordinate":{"Latitude":35.7061983,"Longitude":139.5500245},"Nid":1600790278,"Wid":287491713}
{"Coordinate":{"Latitude":35.7288274,"Longitude":139.5385495},"Nid":1553901156,"Wid":141963750}
{"Coordinate":{"Latitude":35.7223425,"Longitude":139.5575467},"Nid":1551847254,"Wid":141775036}
{"Coordinate":{"Latitude":35.7099717,"Longitude":139.5724592},"Nid":-912869578,"Wid":331149486}
{"Coordinate":{"Latitude":35.7120963,"Longitude":139.5522762},"Nid":1586654958,"Wid":145235447}
{"Coordinate":{"Latitude":35.7120963,"Longitude":139.5522762},"Nid":1586654958,"Wid":145235447}
{"Coordinate":{"Latitude":35.7122555,"Longitude":139.5518116},"Nid":1611618051,"Wid":145235447}
{"Coordinate":{"Latitude":35.712384,"Longitude":139.5513745},"Nid":1586654985,"Wid":145235447}
{"Coordinate":{"Latitude":35.712586,"Longitude":139.550683},"Nid":1586654988,"Wid":145235447}
{"Coordinate":{"Latitude":35.7161487,"Longitude":139.5407515},"Nid":1551802864,"Wid":141765390}
{"Coordinate":{"Latitude":35.7409249,"Longitude":139.5757481},"Nid":1311928914,"Wid":116358396}
{"Coordinate":{"Latitude":35.7270724,"Longitude":139.5362808},"Nid":1629902298,"Wid":150057365}
{"Coordinate":{"Latitude":35.7278809,"Longitude":139.5367996},"Nid":1629902499,"Wid":150057365}
{"Coordinate":{"Latitude":35.7243148,"Longitude":139.5687627},"Nid":1311923032,"Wid":116357534}
