{"Coordinate":{"Latitude":35.7119986,"Longitude":139.5471045},"Nid":1586654950,"Wid":145235453}
{"Coordinate":{"Latitude":35.712536,"Longitude":139.5452106},"Nid":732097079,"Wid":145235453}
{"Coordinate":{"Latitude":35.7287645,"Longitude":139.5624955},"Nid":1551848292,"Wid":141774947}
{"Coordinate":{"Latitude":35.711103,"Longitude":139.5506976},"Nid":732097087,"Wid":58618714}
{"Coordinate":{"Latitude":35.7435468,"Longitude":139.536693},"Nid":752136385,"Wid":249366785}
{"Coordinate":{"Latitude":35.7209501,"Longitude":139.5372986},"Nid":-2014117173,"Wid":218877506}
{"Coordinate":{"Latitude":35.7204533,"Longitude":139.5373531},"Nid":1551736514,"Wid":218877506}
{"Coordinate":{"Latitude":35.724682,"Longitude":139.533125},"Nid":1551804005,"Wid":141764997}
{"Coordinate":{"Latitude":35.7247628,"Longitude":139.5321662},"Nid":1551804009,"Wid":141764997}
{"Coordinate":{"Latitude":35.7171544,"Longitude":139.53943},"Nid":1618654606,"Wid":148789908}
{"Coordinate":{"Latitude":35.7271657,"Longitude":139.559314},"Nid":1551848034,"Wid":563877359}
{"Coordinate":{"Latitude":35.722068,"Longitude":139.5366125},"Nid":1551803411,"Wid":141765142}
{"Coordinate":{"Latitude":35.7221414,"Longitude":139.535774},"Nid":1551803430,"Wid":141765142}
{"Coordinate":{"Latitude":35.7222393,"Longitude":139.5349722},"Nid":1551803465,"Wid":141765142}
{"Coordinate":{"Latitude":35.7222393,"Longitude":139.5349722},"Nid":1551803465,"Wid":141765142}
{"Coordinate":{"Latitude":35.7229625,"Longitude":139.533128},"Nid":1551803599,"Wid":141765142}
{"Coordinate":{"Latitude":35.7275605,"Longitude":139.5808347},"Nid":1161725663,"Wid":100492858}
{"Coordinate":{"Latitude":35.7106448,"Longitude":139.5555089},"Nid":1586634175,"Wid":147930887}
{"Coordinate":{"Latitude":35.7249421,"Longitude":139.537523},"Nid":1629231375,"Wid":149986315}
{"Coordinate":{"Latitude":35.7433499,"Longitude":139.5608541},"Nid":1553836175,"Wid":240079294}
