{"Coordinate":{"Latitude":35.7131712,"Longitude":139.5284695},"Nid":688501144,"Wid":177953016}
{"Coordinate":{"Latitude":35.7138926,"Longitude":139.5380833},"Nid":734949347,"Wid":141782673}
{"Coordinate":{"Latitude":35.7171544,"Longitude":139.53943},"Nid":1618654606,"Wid":148789940}
{"Coordinate":{"Latitude":35.7161886,"Longitude":139.5393941},"Nid":1618654395,"Wid":148789940}
{"Coordinate":{"Latitude":35.7355231,"Longitude":139.5785448},"Nid":1223378048,"Wid":106293801}
{"Coordinate":{"Latitude":35.7359077,"Longitude":139.5784179},"Nid":1223378050,"Wid":106293801}
{"Coordinate":{"Latitude":35.7182607,"Longitude":139.5637238},"Nid":1354233496,"Wid":775540694}
{"Coordinate":{"Latitude":35.7186956,"Longitude":139.5625246},"Nid":1354233485,"Wid":775540694}
{"Coordinate":{"Latitude":35.715527,"Longitude":139.569808},"Nid":544473439,"Wid":145238532}
{"Coordinate":{"Latitude":35.7131351,"Longitude":139.5684505},"Nid":554186572,"Wid":145238532}
{"Coordinate":{"Latitude":35.7284115,"Longitude":139.5383016},"Nid":1629902547,"Wid":141963781}
{"Coordinate":{"Latitude":35.7224377,"Longitude":139.5312219},"Nid":-1547907419,"Wid":59272313}
{"Coordinate":{"Latitude":35.716947,"Longitude":139.5716587},"Nid":544473443,"Wid":62287451}
{"Coordinate":{"Latitude":35.7176199,"Longitude":139.5699123},"Nid":778224351,"Wid":62287451}
{"Coordinate":{"Latitude":35.7301238,"Longitude":139.5616028},"Nid":1551893812,"Wid":141780848}
{"Coordinate":{"Latitude":35.7433137,"Longitude":139.5656533},"Nid":1110063219,"Wid":282926105}
{"Coordinate":{"Latitude":35.7127685,"Longitude":139.5349218},"Nid":1551929158,"Wid":141782627}
{"Coordinate":{"Latitude":35.7215028,"Longitude":139.5252981},"Nid":699532978,"Wid":259682593}
{"Coordinate":{"Latitude":35.7149082,"Longitude":139.5417633},"Nid":1551802744,"Wid":251488991}
{"Coordinate":{"Latitude":35.7162014,"Longitude":139.5417526},"Nid":678573888,"Wid":251488991}
{"Coordinate":{"Latitude":35.7414957,"Longitude":139.5500107},"Nid":1080571019,"Wid":141952429}
{"Coordinate":{"Latitude":35.7412515,"Longitude":139.5498526},"Nid":734176299,"Wid":141952429}
{"Coordinate":{"Latitude":35.728611,"Longitude":139.5613475},"Nid":1551848283,"Wid":141774982}
{"Coordinate":{"Latitude":35.7135217,"Longitude":139.5432993},"Nid":-1632096668,"Wid":260722820}
{"Coordinate":{"Latitude":35.7116389,"Longitude":139.5243131},"Nid":1665765908,"Wid":153964929}
