{"Coordinate":{"Latitude":35.7195449,"Longitude":139.5801966},"Nid":388753255,"Wid":33920606}
{"Coordinate":{"Latitude":35.7226432,"Longitude":139.5797669},"Nid":1624992812,"Wid":33920606}
{"Coordinate":{"Latitude":35.7043234,"Longitude":139.5603184},"Nid":1112907142,"Wid":146455065}
{"Coordinate":{"Latitude":35.7046374,"Longitude":139.5594621},"Nid":1112907137,"Wid":146455065}
{"Coordinate":{"Latitude":35.711695,"Longitude":139.5360889},"Nid":1650160926,"Wid":152180724}
{"Coordinate":{"Latitude":35.7234407,"Longitude":139.5329315},"Nid":1551803686,"Wid":141764767}
{"Coordinate":{"Latitude":35.7228636,"Longitude":139.5299197},"Nid":1551803571,"Wid":141764767}
{"Coordinate":{"Latitude":35.7073152,"Longitude":139.547084},"Nid":1586623226,"Wid":145230494}
{"Coordinate":{"Latitude":35.7047537,"Longitude":139.5615168},"Nid":683867673,"Wid":145238464}
{"Coordinate":{"Latitude":35.7054162,"Longitude":139.561873},"Nid":440610785,"Wid":145238464}
{"Coordinate":{"Latitude":35.7041353,"Longitude":139.5757408},"Nid":1119871938,"Wid":203726549}
{"Coordinate":{"Latitude":35.7252142,"Longitude":139.5600123},"Nid":1551847804,"Wid":141774960}
{"Coordinate":{"Latitude":35.7057138,"Longitude":139.5597613},"Nid":1736733023,"Wid":161716669}
