{"Coordinate":{"Latitude":35.7448315,"Longitude":139.5287053},"Nid":926773074,"Wid":220376347}
{"Coordinate":{"Latitude":35.7111941,"Longitude":139.5548659},"Nid":1586634179,"Wid":145233232}
{"Coordinate":{"Latitude":35.7111941,"Longitude":139.5548659},"Nid":1586634179,"Wid":145233232}
{"Coordinate":{"Latitude":35.7287645,"Longitude":139.5624955},"Nid":1551848292,"Wid":141774888}
{"Coordinate":{"Latitude":35.7224377,"Longitude":139.5312219},"Nid":-1547907419,"Wid":269499088}
{"Coordinate":{"Latitude":35.7246692,"Longitude":139.53488},"Nid":1625003150,"Wid":149532144}
{"Coordinate":{"Latitude":35.715056,"Longitude":139.529039},"Nid":-1528233533,"Wid":271727702}
{"Coordinate":{"Latitude":35.7358015,"Longitude":139.5465274},"Nid":1551896302,"Wid":282899385}
{"Coordinate":{"Latitude":35.7221973,"Longitude":139.5473734},"Nid":1580971403,"Wid":144553416}
{"Coordinate":{"Latitude":35.7183395,"Longitude":139.5420847},"Nid":1623748339,"Wid":149387543}
{"Coordinate":{"Latitude":35.7325231,"Longitude":139.5527595},"Nid":1551894697,"Wid":141780853}
{"Coordinate":{"Latitude":35.7335906,"Longitude":139.559354},"Nid":1551895065,"Wid":562225709}
{"Coordinate":{"Latitude":35.7404766,"Longitude":139.5274842},"Nid":1339794930,"Wid":119178476}
{"Coordinate":{"Latitude":35.7405753,"Longitude":139.5267761},"Nid":1339795307,"Wid":119178476}
{"Coordinate":{"Latitude":35.7070376,"Longitude":139.5454362},"Nid":1611666939,"Wid":148057649}
{"Coordinate":{"Latitude":35.7319573,"Longitude":139.5527893},"Nid":1551894441,"Wid":141780957}
{"Coordinate":{"Latitude":35.7077971,"Longitude":139.5586089},"Nid":554186570,"Wid":145238449}
{"Coordinate":{"Latitude":35.7367787,"Longitude":139.5447554},"Nid":1007078795,"Wid":548848911}
{"Coordinate":{"Latitude":35.7123393,"Longitude":139.5782953},"Nid":419796698,"Wid":145236999}
{"Coordinate":{"Latitude":35.7162489,"Longitude":139.5396412},"Nid":1614274041,"Wid":148319872}
