{"Coordinate":{"Latitude":35.7066768,"Longitude":139.5541912},"Nid":1586634031,"Wid":145233239}
{"Coordinate":{"Latitude":35.7071154,"Longitude":139.5530505},"Nid":1586634049,"Wid":145233239}
{"Coordinate":{"Latitude":35.7279126,"Longitude":139.5646413},"Nid":1184506866,"Wid":141774937}
{"Coordinate":{"Latitude":35.7272026,"Longitude":139.5661583},"Nid":1184506862,"Wid":141774937}
{"Coordinate":{"Latitude":35.7441176,"Longitude":139.5656822},"Nid":1199532626,"Wid":103925235}
{"Coordinate":{"Latitude":35.713393,"Longitude":139.5368525},"Nid":734949249,"Wid":141782629}
{"Coordinate":{"Latitude":35.7241409,"Longitude":139.5357706},"Nid":1551803937,"Wid":149532142}
{"Coordinate":{"Latitude":35.7251785,"Longitude":139.5280021},"Nid":-1415097608,"Wid":284237709}
{"Coordinate":{"Latitude":35.7214166,"Longitude":139.5620535},"Nid":1354252109,"Wid":145236051}
{"Coordinate":{"Latitude":35.7080515,"Longitude":139.541011},"Nid":1586623242,"Wid":145230626}
{"Coordinate":{"Latitude":35.7093585,"Longitude":139.540122},"Nid":1611667006,"Wid":145230626}
{"Coordinate":{"Latitude":35.7189742,"Longitude":139.5552359},"Nid":1615381237,"Wid":148431858}
{"Coordinate":{"Latitude":35.7405647,"Longitude":139.5691906},"Nid":1311922689,"Wid":116358066}
{"Coordinate":{"Latitude":35.7400118,"Longitude":139.5690544},"Nid":1199533364,"Wid":116358066}
{"Coordinate":{"Latitude":35.7172851,"Longitude":139.5382442},"Nid":1618654639,"Wid":148789923}
{"Coordinate":{"Latitude":35.7221414,"Longitude":139.535774},"Nid":1551803430,"Wid":149532168}
{"Coordinate":{"Latitude":35.7203641,"Longitude":139.5447184},"Nid":1609658105,"Wid":147778724}
{"Coordinate":{"Latitude":35.7040043,"Longitude":139.5661397},"Nid":369672480,"Wid":32806006}
{"Coordinate":{"Latitude":35.7058962,"Longitude":139.5672295},"Nid":369672487,"Wid":32806006}
{"Coordinate":{"Latitude":35.7133017,"Longitude":139.5483826},"Nid":1586655038,"Wid":147855675}
