{"Coordinate":{"Latitude":35.7136025,"Longitude":139.5380596},"Nid":1551929182,"Wid":141782648}
{"Coordinate":{"Latitude":35.7287452,"Longitude":139.5717131},"Nid":1311920892,"Wid":116358515}
{"Coordinate":{"Latitude":35.730596,"Longitude":139.5445164},"Nid":1621376848,"Wid":149116052}
{"Coordinate":{"Latitude":35.7059876,"Longitude":139.5574825},"Nid":1126002213,"Wid":146455064}
{"Coordinate":{"Latitude":35.7390407,"Longitude":139.5631643},"Nid":-1803102143,"Wid":284233340}
{"Coordinate":{"Latitude":35.7232215,"Longitude":139.5408418},"Nid":1551803623,"Wid":184601434}
{"Coordinate":{"Latitude":35.7226358,"Longitude":139.5408044},"Nid":1651415453,"Wid":184601434}
{"Coordinate":{"Latitude":35.7272846,"Longitude":139.5586733},"Nid":1551848078,"Wid":478155659}
{"Coordinate":{"Latitude":35.7432774,"Longitude":139.5314393},"Nid":-94601584,"Wid":595811255}
{"Coordinate":{"Latitude":35.7432774,"Longitude":139.5314393},"Nid":-94601584,"Wid":595811255}
{"Coordinate":{"Latitude":35.7301723,"Longitude":139.5664745},"Nid":1551893836,"Wid":141781215}
{"Coordinate":{"Latitude":35.731673,"Longitude":139.5667095},"Nid":1551894242,"Wid":141781215}
{"Coordinate":{"Latitude":35.7093933,"Longitude":139.5244914},"Nid":1944306702,"Wid":206381419}
{"Coordinate":{"Latitude":35.7052789,"Longitude":139.5313823},"Nid":567871855,"Wid":26202055}
{"Coordinate":{"Latitude":35.7052946,"Longitude":139.5320941},"Nid":619109275,"Wid":26202055}
{"Coordinate":{"Latitude":35.7052946,"Longitude":139.5320941},"Nid":619109275,"Wid":26202055}
{"Coordinate":{"Latitude":35.7283561,"Longitude":139.5571666},"Nid":1551848263,"Wid":141775127}
{"Coordinate":{"Latitude":35.7081809,"Longitude":139.5563527},"Nid":1586634086,"Wid":145233227}
{"Coordinate":{"Latitude":35.7063099,"Longitude":139.5550885},"Nid":1586634015,"Wid":145233227}
{"Coordinate":{"Latitude":35.7063099,"Longitude":139.5550885},"Nid":1586634015,"Wid":145233227}
{"Coordinate":{"Latitude":35.705359,"Longitude":139.554468},"Nid":440661898,"Wid":145233227}
{"Coordinate":{"Latitude":35.7413483,"Longitude":139.5218831},"Nid":827955188,"Wid":526892730}
{"Coordinate":{"Latitude":35.7096265,"Longitude":139.5411197},"Nid":-1632086046,"Wid":260723542}
{"Coordinate":{"Latitude":35.7238171,"Longitude":139.5525051},"Nid":1631132129,"Wid":150181375}
{"Coordinate":{"Latitude":35.7234964,"Longitude":139.5539777},"Nid":1551847465,"Wid":150181375}
{"Coordinate":{"Latitude":35.7435468,"Longitude":139.536693},"Nid":752136385,"Wid":249366805}
{"Coordinate":{"Latitude":35.7099583,"Longitude":139.5550313},"Nid":1586634159,"Wid":145233254}
{"Coordinate":{"Latitude":35.7085996,"Longitude":139.5540858},"Nid":393724339,"Wid":145233254}
{"Coordinate":{"Latitude":35.7203946,"Longitude":139.5564209},"Nid":1615381364,"Wid":401020309}
{"Coordinate":{"Latitude":35.7397767,"Longitude":139.5733594},"Nid":1311926127,"Wid":116357855}
{"Coordinate":{"Latitude":35.7380986,"Longitude":139.5729435},"Nid":1311920991,"Wid":116357855}
{"Coordinate":{"Latitude":35.721733,"Longitude":139.5546049},"Nid":1551736901,"Wid":141759522}
{"Coordinate":{"Latitude":35.7387608,"Longitude":139.5719794},"Nid":-1426343149,"Wid":479291281}
{"Coordinate":{"Latitude":35.7090236,"Longitude":139.5279312},"Nid":1611613589,"Wid":148052091}
{"Coordinate":{"Latitude":35.7090817,"Longitude":139.5271234},"Nid":1611613609,"Wid":148052091}
{"Coordinate":{"Latitude":35.7042778,"Longitude":139.5307666},"Nid":567871267,"Wid":44778622}
{"Coordinate":{"Latitude":35.718121,"Longitude":139.5448281},"Nid":1608830757,"Wid":147681793}
{"Coordinate":{"Latitude":35.7228158,"Longitude":139.5575788},"Nid":1551847358,"Wid":141775084}
{"Coordinate":{"Latitude":35.7246896,"Longitude":139.5246894},"Nid":700873371,"Wid":141764986}
