{"Coordinate":{"Latitude":35.7075791,"Longitude":139.5663936},"Nid":393724354,"Wid":742090617}
{"Coordinate":{"Latitude":35.7094303,"Longitude":139.5674445},"Nid":393724355,"Wid":742090617}
{"Coordinate":{"Latitude":35.7096887,"Longitude":139.5441728},"Nid":1611617736,"Wid":148052354}
{"Coordinate":{"Latitude":35.722755,"Longitude":139.5591125},"Nid":1551847325,"Wid":141775015}
{"Coordinate":{"Latitude":35.722271,"Longitude":139.55912},"Nid":1551847248,"Wid":141775015}
{"Coordinate":{"Latitude":35.7158728,"Longitude":139.5648004},"Nid":1621355422,"Wid":149113419}
{"Coordinate":{"Latitude":35.7402274,"Longitude":139.5751508},"Nid":1110063193,"Wid":116357600}
{"Coordinate":{"Latitude":35.7243698,"Longitude":139.5548982},"Nid":1551847616,"Wid":141775087}
{"Coordinate":{"Latitude":35.7409249,"Longitude":139.5757481},"Nid":1311928914,"Wid":116358926}
{"Coordinate":{"Latitude":35.7417103,"Longitude":139.5757592},"Nid":1311926446,"Wid":116358926}
{"Coordinate":{"Latitude":35.7093585,"Longitude":139.540122},"Nid":1611667006,"Wid":148057670}
{"Coordinate":{"Latitude":35.7096709,"Longitude":139.5399127},"Nid":705149793,"Wid":148057670}
{"Coordinate":{"Latitude":35.7390833,"Longitude":139.5471673},"Nid":734176276,"Wid":141955785}
{"Coordinate":{"Latitude":35.7382395,"Longitude":139.5472908},"Nid":1553862027,"Wid":141955785}
{"Coordinate":{"Latitude":35.705359,"Longitude":139.554468},"Nid":440661898,"Wid":145233237}
{"Coordinate":{"Latitude":35.7370209,"Longitude":139.5559229},"Nid":1551896938,"Wid":141781194}
{"Coordinate":{"Latitude":35.7356441,"Longitude":139.55641},"Nid":1551896273,"Wid":141781194}
{"Coordinate":{"Latitude":35.7287021,"Longitude":139.554556},"Nid":1551848287,"Wid":141775001}
{"Coordinate":{"Latitude":35.7287872,"Longitude":139.555259},"Nid":1551848294,"Wid":141775001}
{"Coordinate":{"Latitude":35.7311908,"Longitude":139.5546483},"Nid":1551894144,"Wid":141781076}
{"Coordinate":{"Latitude":35.7427009,"Longitude":139.5328821},"Nid":682898353,"Wid":141964315}
{"Coordinate":{"Latitude":35.7059529,"Longitude":139.5509504},"Nid":1610090994,"Wid":147858877}
{"Coordinate":{"Latitude":35.7230081,"Longitude":139.5493218},"Nid":1586339511,"Wid":145201234}
{"Coordinate":{"Latitude":35.7242318,"Longitude":139.5492908},"Nid":1551847598,"Wid":145201234}
{"Coordinate":{"Latitude":35.7214166,"Longitude":139.5620535},"Nid":1354252109,"Wid":34322469}
{"Coordinate":{"Latitude":35.722835,"Longitude":139.561488},"Nid":1551847360,"Wid":141774994}
{"Coordinate":{"Latitude":35.7068816,"Longitude":139.5478528},"Nid":1586623214,"Wid":148057641}
{"Coordinate":{"Latitude":35.7405405,"Longitude":139.5659392},"Nid":1553835645,"Wid":141952370}
{"Coordinate":{"Latitude":35.7412856,"Longitude":139.5659481},"Nid":1199532662,"Wid":141952370}
{"Coordinate":{"Latitude":35.7287021,"Longitude":139.554556},"Nid":1551848287,"Wid":141774889}
{"Coordinate":{"Latitude":35.7320293,"Longitude":139.5588678},"Nid":1551894456,"Wid":141780849}
{"Coordinate":{"Latitude":35.7255672,"Longitude":139.5280209},"Nid":-1415097602,"Wid":284237698}
