{"Coordinate":{"Latitude":35.714384,"Longitude":139.57025},"Nid":1586680736,"Wid":145237138}
{"Coordinate":{"Latitude":35.7051172,"Longitude":139.5597374},"Nid":1112907132,"Wid":145238399}
{"Coordinate":{"Latitude":35.7051172,"Longitude":139.5597374},"Nid":1112907132,"Wid":145238399}
{"Coordinate":{"Latitude":35.7046374,"Longitude":139.5594621},"Nid":1112907137,"Wid":145238399}
{"Coordinate":{"Latitude":35.7046374,"Longitude":139.5594621},"Nid":1112907137,"Wid":145238399}
{"Coordinate":{"Latitude":35.7056636,"Longitude":139.5415516},"Nid":1767386206,"Wid":165176373}
{"Coordinate":{"Latitude":35.7054485,"Longitude":139.5413227},"Nid":1767386174,"Wid":165176373}
{"Coordinate":{"Latitude":35.7388165,"Longitude":139.5593048},"Nid":-2034016432,"Wid":657495525}
{"Coordinate":{"Latitude":35.7228636,"Longitude":139.5299197},"Nid":1551803571,"Wid":141765157}
{"Coordinate":{"Latitude":35.7448592,"Longitude":139.5767343},"Nid":1223317346,"Wid":106289665}
{"Coordinate":{"Latitude":35.7437614,"Longitude":139.5760243},"Nid":1223317360,"Wid":106289665}
{"Coordinate":{"Latitude":35.7400293,"Longitude":139.5485484},"Nid":734176360,"Wid":141952466}
{"Coordinate":{"Latitude":35.7406729,"Longitude":139.5473482},"Nid":1553862287,"Wid":141952466}
{"Coordinate":{"Latitude":35.7441186,"Longitude":139.5573683},"Nid":1553836295,"Wid":141952551}
{"Coordinate":{"Latitude":35.7277598,"Longitude":139.5300665},"Nid":734885843,"Wid":174398410}
{"Coordinate":{"Latitude":35.7066854,"Longitude":139.5459699},"Nid":1586623199,"Wid":148057709}
{"Coordinate":{"Latitude":35.7129573,"Longitude":139.5798072},"Nid":1064370468,"Wid":91609783}
{"Coordinate":{"Latitude":35.7133249,"Longitude":139.5788497},"Nid":410471298,"Wid":91609783}
{"Coordinate":{"Latitude":35.7344128,"Longitude":139.5565861},"Nid":1551895566,"Wid":141780867}
{"Coordinate":{"Latitude":35.734666,"Longitude":139.555212},"Nid":1551895758,"Wid":141780867}
{"Coordinate":{"Latitude":35.7426377,"Longitude":139.5240508},"Nid":1339795093,"Wid":119178475}
{"Coordinate":{"Latitude":35.7287949,"Longitude":139.5386552},"Nid":1629902589,"Wid":150057330}
{"Coordinate":{"Latitude":35.7286164,"Longitude":139.5390905},"Nid":1553901155,"Wid":150057330}
{"Coordinate":{"Latitude":35.7290434,"Longitude":139.5787801},"Nid":1162638755,"Wid":560080426}
{"Coordinate":{"Latitude":35.7094757,"Longitude":139.5389709},"Nid":1650163510,"Wid":152180878}
{"Coordinate":{"Latitude":35.7082826,"Longitude":139.580437},"Nid":1165431838,"Wid":33920601}
{"Coordinate":{"Latitude":35.7278054,"Longitude":139.5304272},"Nid":703516313,"Wid":59264224}
