{"Coordinate":{"Latitude":35.7046888,"Longitude":139.5452282},"Nid":1586623142,"Wid":161290978}
{"Coordinate":{"Latitude":35.7104001,"Longitude":139.5441678},"Nid":1611617853,"Wid":148052373}
{"Coordinate":{"Latitude":35.7112853,"Longitude":139.5445329},"Nid":1611617970,"Wid":148052373}
{"Coordinate":{"Latitude":35.7201351,"Longitude":139.570716},"Nid":-1842359864,"Wid":584877926}
{"Coordinate":{"Latitude":35.7401221,"Longitude":139.5798749},"Nid":1311921024,"Wid":116358182}
{"Coordinate":{"Latitude":35.7225212,"Longitude":139.5545479},"Nid":1551847294,"Wid":141774946}
{"Coordinate":{"Latitude":35.722536,"Longitude":139.553869},"Nid":1551847299,"Wid":141774946}
{"Coordinate":{"Latitude":35.7236481,"Longitude":139.5557657},"Nid":1551847444,"Wid":150181369}
{"Coordinate":{"Latitude":35.7110051,"Longitude":139.5437628},"Nid":-259997261,"Wid":401020316}
{"Coordinate":{"Latitude":35.721452,"Longitude":139.5469801},"Nid":1580971321,"Wid":144553433}
{"Coordinate":{"Latitude":35.7221973,"Longitude":139.5473734},"Nid":1580971403,"Wid":144553433}
{"Coordinate":{"Latitude":35.7059334,"Longitude":139.5602159},"Nid":683867689,"Wid":760659664}
{"Coordinate":{"Latitude":35.733844,"Longitude":139.56436},"Nid":1551895249,"Wid":141781070}
{"Coordinate":{"Latitude":35.7334999,"Longitude":139.5631626},"Nid":1551894990,"Wid":141781070}
{"Coordinate":{"Latitude":35.7424828,"Longitude":139.5731744},"Nid":-1816472342,"Wid":240074732}
{"Coordinate":{"Latitude":35.7060453,"Longitude":139.5667359},"Nid":369672496,"Wid":145238496}
{"Coordinate":{"Latitude":35.7041685,"Longitude":139.5657061},"Nid":369672504,"Wid":145238496}
{"Coordinate":{"Latitude":35.7131712,"Longitude":139.5284695},"Nid":688501144,"Wid":54682424}
{"Coordinate":{"Latitude":35.7133762,"Longitude":139.52646},"Nid":1665766025,"Wid":54682424}
{"Coordinate":{"Latitude":35.7239836,"Longitude":139.5402573},"Nid":1629231321,"Wid":149986350}
{"Coordinate":{"Latitude":35.7095082,"Longitude":139.5418055},"Nid":1611667010,"Wid":148057761}
{"Coordinate":{"Latitude":35.7092256,"Longitude":139.5420012},"Nid":1611667004,"Wid":148057761}
{"Coordinate":{"Latitude":35.7139574,"Longitude":139.5369115},"Nid":734949281,"Wid":141782632}
