{"Coordinate":{"Latitude":35.7387533,"Longitude":139.559715},"Nid":1553862192,"Wid":555672591}
{"Coordinate":{"Latitude":35.7129069,"Longitude":139.5632144},"Nid":1111456251,"Wid":381936082}
{"Coordinate":{"Latitude":35.7133038,"Longitude":139.5548353},"Nid":1620122001,"Wid":148952015}
{"Coordinate":{"Latitude":35.7355179,"Longitude":139.5433137},"Nid":1551896227,"Wid":141781253}
{"Coordinate":{"Latitude":35.7321317,"Longitude":139.5431996},"Nid":1551894499,"Wid":141781253}
{"Coordinate":{"Latitude":35.7321317,"Longitude":139.5431996},"Nid":1551894499,"Wid":141781253}
{"Coordinate":{"Latitude":35.715716,"Longitude":139.5594937},"Nid":1620122434,"Wid":148951993}
{"Coordinate":{"Latitude":35.7082817,"Longitude":139.5364878},"Nid":1774566953,"Wid":165955694}
{"Coordinate":{"Latitude":35.7446872,"Longitude":139.5658255},"Nid":1199532685,"Wid":141952426}
{"Coordinate":{"Latitude":35.732874,"Longitude":139.5452641},"Nid":1551894790,"Wid":282910486}
{"Coordinate":{"Latitude":35.7182447,"Longitude":139.5425702},"Nid":1623748332,"Wid":149387535}
{"Coordinate":{"Latitude":35.7214446,"Longitude":139.537836},"Nid":-2014117165,"Wid":218877509}
{"Coordinate":{"Latitude":35.7212654,"Longitude":139.5384409},"Nid":-2014117167,"Wid":218877509}
{"Coordinate":{"Latitude":35.7088825,"Longitude":139.5791743},"Nid":440586259,"Wid":37584546}
{"Coordinate":{"Latitude":35.7229132,"Longitude":139.5605656},"Nid":1551847375,"Wid":141775114}
{"Coordinate":{"Latitude":35.708037,"Longitude":139.5606204},"Nid":1736155475,"Wid":161644158}
