{"Coordinate":{"Latitude":35.7278037,"Longitude":139.530824},"Nid":734885842,"Wid":59264222}
{"Coordinate":{"Latitude":35.7290993,"Longitude":139.5693346},"Nid":1311927546,"Wid":197983127}
{"Coordinate":{"Latitude":35.7234407,"Longitude":139.5329315},"Nid":1551803686,"Wid":141765218}
{"Coordinate":{"Latitude":35.724682,"Longitude":139.533125},"Nid":1551804005,"Wid":141765218}
{"Coordinate":{"Latitude":35.7056458,"Longitude":139.5568252},"Nid":683867686,"Wid":146455066}
{"Coordinate":{"Latitude":35.7297474,"Longitude":139.5515332},"Nid":1551893654,"Wid":141781190}
{"Coordinate":{"Latitude":35.718553,"Longitude":139.5459384},"Nid":1551735974,"Wid":141759525}
{"Coordinate":{"Latitude":35.7386261,"Longitude":139.5636649},"Nid":1553862182,"Wid":141955778}
{"Coordinate":{"Latitude":35.7378907,"Longitude":139.5638488},"Nid":1553861875,"Wid":141955778}
{"Coordinate":{"Latitude":35.7132517,"Longitude":139.539354},"Nid":1650178016,"Wid":141765246}
{"Coordinate":{"Latitude":35.719753,"Longitude":139.5524728},"Nid":1586339394,"Wid":145201243}
{"Coordinate":{"Latitude":35.7289967,"Longitude":139.5624781},"Nid":1551893402,"Wid":141781013}
{"Coordinate":{"Latitude":35.728993,"Longitude":139.563435},"Nid":1551893400,"Wid":141781013}
{"Coordinate":{"Latitude":35.7290416,"Longitude":139.5379714},"Nid":734896488,"Wid":141964181}
{"Coordinate":{"Latitude":35.7430745,"Longitude":139.5706266},"Nid":1311924418,"Wid":116358915}
{"Coordinate":{"Latitude":35.7190395,"Longitude":139.5743037},"Nid":-1842359905,"Wid":145236929}
{"Coordinate":{"Latitude":35.7213877,"Longitude":139.5375426},"Nid":-2014117166,"Wid":218877504}
{"Coordinate":{"Latitude":35.7166062,"Longitude":139.5453765},"Nid":1608830637,"Wid":141759607}
{"Coordinate":{"Latitude":35.7183028,"Longitude":139.5329286},"Nid":1551802924,"Wid":148789404}
{"Coordinate":{"Latitude":35.7110203,"Longitude":139.577587},"Nid":410471296,"Wid":35911280}
{"Coordinate":{"Latitude":35.7203964,"Longitude":139.5702634},"Nid":679185653,"Wid":145236893}
