{"Coordinate":{"Latitude":35.737431,"Longitude":139.526067},"Nid":1553901531,"Wid":119178464}
{"Coordinate":{"Latitude":35.7379386,"Longitude":139.5252798},"Nid":1339795143,"Wid":119178464}
{"Coordinate":{"Latitude":35.7379386,"Longitude":139.5252798},"Nid":1339795143,"Wid":119178464}
{"Coordinate":{"Latitude":35.7419529,"Longitude":139.5613549},"Nid":1553835882,"Wid":141952409}
{"Coordinate":{"Latitude":35.7133038,"Longitude":139.5548353},"Nid":1620122001,"Wid":148952012}
{"Coordinate":{"Latitude":35.7045967,"Longitude":139.5716218},"Nid":366812911,"Wid":33036458}
{"Coordinate":{"Latitude":35.7056867,"Longitude":139.5398855},"Nid":1767386209,"Wid":165176368}
{"Coordinate":{"Latitude":35.7055099,"Longitude":139.5396909},"Nid":1767386187,"Wid":165176368}
{"Coordinate":{"Latitude":35.7062204,"Longitude":139.5524742},"Nid":1586634014,"Wid":145233244}
{"Coordinate":{"Latitude":35.7071154,"Longitude":139.5530505},"Nid":1586634049,"Wid":145233244}
{"Coordinate":{"Latitude":35.7396379,"Longitude":139.5291397},"Nid":682898323,"Wid":564324525}
{"Coordinate":{"Latitude":35.7328807,"Longitude":139.5439716},"Nid":-1769707859,"Wid":245303718}
{"Coordinate":{"Latitude":35.73061,"Longitude":139.554589},"Nid":1551894018,"Wid":141781064}
{"Coordinate":{"Latitude":35.7214875,"Longitude":139.5505254},"Nid":1580971324,"Wid":144553413}
{"Coordinate":{"Latitude":35.7423107,"Longitude":139.5505248},"Nid":-1426097627,"Wid":282952719}
{"Coordinate":{"Latitude":35.7217191,"Longitude":139.5434087},"Nid":-1780039671,"Wid":244143275}
{"Coordinate":{"Latitude":35.7057138,"Longitude":139.5597613},"Nid":1736733023,"Wid":161716667}
{"Coordinate":{"Latitude":35.7062289,"Longitude":139.5499275},"Nid":440661893,"Wid":147858894}
{"Coordinate":{"Latitude":35.7057846,"Longitude":139.5515446},"Nid":1610090986,"Wid":147858888}
{"Coordinate":{"Latitude":35.7059418,"Longitude":139.5509955},"Nid":1600790274,"Wid":147858888}
{"Coordinate":{"Latitude":35.71831,"Longitude":139.5383598},"Nid":1551929236,"Wid":148789939}
{"Coordinate":{"Latitude":35.7187403,"Longitude":139.5392373},"Nid":1551736035,"Wid":148789939}
{"Coordinate":{"Latitude":35.7146191,"Longitude":139.5389704},"Nid":1614273967,"Wid":148319896}
{"Coordinate":{"Latitude":35.731984,"Longitude":139.5439131},"Nid":-1769707872,"Wid":245303727}
{"Coordinate":{"Latitude":35.7320834,"Longitude":139.5434921},"Nid":1551894474,"Wid":245303727}
{"Coordinate":{"Latitude":35.7077971,"Longitude":139.5586089},"Nid":554186570,"Wid":145238460}
{"Coordinate":{"Latitude":35.72868,"Longitude":139.5763444},"Nid":1311922354,"Wid":116357546}
