{"Coordinate":{"Latitude":35.7065495,"Longitude":139.5605585},"Nid":1736733052,"Wid":760659662}
{"Coordinate":{"Latitude":35.7102361,"Longitude":139.5595522},"Nid":1586680501,"Wid":150303347}
{"Coordinate":{"Latitude":35.7274122,"Longitude":139.5426285},"Nid":1629902431,"Wid":150057382}
{"Coordinate":{"Latitude":35.7189633,"Longitude":139.5524037},"Nid":1551736118,"Wid":141759493}
{"Coordinate":{"Latitude":35.730276,"Longitude":139.573529},"Nid":1311921183,"Wid":259688715}
{"Coordinate":{"Latitude":35.7268867,"Longitude":139.5712005},"Nid":1723765500,"Wid":638646008}
{"Coordinate":{"Latitude":35.7085992,"Longitude":139.5348561},"Nid":1774566967,"Wid":165955678}
{"Coordinate":{"Latitude":35.7308532,"Longitude":139.5546138},"Nid":-1817693854,"Wid":141780958}
{"Coordinate":{"Latitude":35.7046903,"Longitude":139.5674926},"Nid":1120806463,"Wid":145130492}
{"Coordinate":{"Latitude":35.7300333,"Longitude":139.5620675},"Nid":1551893726,"Wid":141781095}
{"Coordinate":{"Latitude":35.7301206,"Longitude":139.5621851},"Nid":1551893805,"Wid":141781095}
{"Coordinate":{"Latitude":35.7225741,"Longitude":139.5462019},"Nid":1551847310,"Wid":141774989}
{"Coordinate":{"Latitude":35.722091,"Longitude":139.546753},"Nid":1551736975,"Wid":141774989}
{"Coordinate":{"Latitude":35.7071119,"Longitude":139.5787461},"Nid":372387090,"Wid":33036480}
{"Coordinate":{"Latitude":35.7348136,"Longitude":139.5774551},"Nid":-1426097869,"Wid":282952732}
{"Coordinate":{"Latitude":35.7066029,"Longitude":139.5321335},"Nid":1586623198,"Wid":145230500}
{"Coordinate":{"Latitude":35.7052946,"Longitude":139.5320941},"Nid":619109275,"Wid":145230500}
{"Coordinate":{"Latitude":35.7223425,"Longitude":139.5575467},"Nid":1551847254,"Wid":141774897}
{"Coordinate":{"Latitude":35.7206118,"Longitude":139.5344255},"Nid":1626529089,"Wid":149705061}
{"Coordinate":{"Latitude":35.7178187,"Longitude":139.5320751},"Nid":1618620702,"Wid":148789398}
{"Coordinate":{"Latitude":35.7045387,"Longitude":139.5646793},"Nid":369672522,"Wid":145130501}
{"Coordinate":{"Latitude":35.7055166,"Longitude":139.5652412},"Nid":369672524,"Wid":145130501}
{"Coordinate":{"Latitude":35.7131361,"Longitude":139.52436},"Nid":701730459,"Wid":55885134}
