{"Coordinate":{"Latitude":35.7082649,"Longitude":139.5629248},"Nid":-1780046081,"Wid":244142414}
{"Coordinate":{"Latitude":35.7090406,"Longitude":139.5626912},"Nid":-1780046047,"Wid":244142414}
{"Coordinate":{"Latitude":35.7065495,"Longitude":139.5605585},"Nid":1736733052,"Wid":161716657}
{"Coordinate":{"Latitude":35.7046223,"Longitude":139.5372775},"Nid":735017563,"Wid":145229951}
{"Coordinate":{"Latitude":35.7046223,"Longitude":139.5372775},"Nid":735017563,"Wid":145229951}
{"Coordinate":{"Latitude":35.704611,"Longitude":139.5399296},"Nid":1114406633,"Wid":145229951}
{"Coordinate":{"Latitude":35.709844,"Longitude":139.566245},"Nid":1586680478,"Wid":145238493}
{"Coordinate":{"Latitude":35.7209485,"Longitude":139.5344152},"Nid":1551803258,"Wid":141765006}
{"Coordinate":{"Latitude":35.7129069,"Longitude":139.5632144},"Nid":1111456251,"Wid":145236861}
{"Coordinate":{"Latitude":35.7044281,"Longitude":139.5549892},"Nid":700848576,"Wid":155513879}
{"Coordinate":{"Latitude":35.7344127,"Longitude":139.5484979},"Nid":1551895533,"Wid":141780950}
{"Coordinate":{"Latitude":35.7245876,"Longitude":139.5394436},"Nid":734896394,"Wid":149986349}
{"Coordinate":{"Latitude":35.7371052,"Longitude":139.5490158},"Nid":-1817686975,"Wid":657882678}
{"Coordinate":{"Latitude":35.7296757,"Longitude":139.5527522},"Nid":1551893630,"Wid":598613834}
{"Coordinate":{"Latitude":35.7235628,"Longitude":139.5502194},"Nid":1551847457,"Wid":145201249}
{"Coordinate":{"Latitude":35.7230081,"Longitude":139.5493218},"Nid":1586339511,"Wid":145201249}
{"Coordinate":{"Latitude":35.7328278,"Longitude":139.5578971},"Nid":1551894786,"Wid":141780925}
{"Coordinate":{"Latitude":35.7220124,"Longitude":139.5452121},"Nid":1551736968,"Wid":141759574}
{"Coordinate":{"Latitude":35.7059637,"Longitude":139.5481946},"Nid":1611666877,"Wid":148057746}
{"Coordinate":{"Latitude":35.7063618,"Longitude":139.5485657},"Nid":1611666895,"Wid":148057746}
{"Coordinate":{"Latitude":35.7164911,"Longitude":139.5515619},"Nid":1615420036,"Wid":148435693}
{"Coordinate":{"Latitude":35.7211181,"Longitude":139.5268573},"Nid":-1547907452,"Wid":269499089}
{"Coordinate":{"Latitude":35.7352807,"Longitude":139.545272},"Nid":1551895941,"Wid":245303722}
{"Coordinate":{"Latitude":35.7190818,"Longitude":139.5389459},"Nid":1624970742,"Wid":149528769}
{"Coordinate":{"Latitude":35.7168968,"Longitude":139.5520454},"Nid":1615420052,"Wid":147857353}
