{"Coordinate":{"Latitude":35.7211906,"Longitude":139.531365},"Nid":1551803306,"Wid":152464574}
{"Coordinate":{"Latitude":35.7209061,"Longitude":139.5312241},"Nid":1551803256,"Wid":152464574}
{"Coordinate":{"Latitude":35.7205633,"Longitude":139.5311017},"Nid":1551803210,"Wid":141765196}
{"Coordinate":{"Latitude":35.742703,"Longitude":139.5575837},"Nid":1129805179,"Wid":282952739}
{"Coordinate":{"Latitude":35.7127962,"Longitude":139.5392899},"Nid":732097065,"Wid":152181626}
{"Coordinate":{"Latitude":35.7132517,"Longitude":139.539354},"Nid":1650178016,"Wid":152181626}
{"Coordinate":{"Latitude":35.7272846,"Longitude":139.5586733},"Nid":1551848078,"Wid":141774929}
{"Coordinate":{"Latitude":35.7289971,"Longitude":139.5598385},"Nid":1551848345,"Wid":141774929}
{"Coordinate":{"Latitude":35.7110051,"Longitude":139.5437628},"Nid":-259997261,"Wid":141764755}
{"Coordinate":{"Latitude":35.7110051,"Longitude":139.5437628},"Nid":-259997261,"Wid":141764755}
{"Coordinate":{"Latitude":35.7134487,"Longitude":139.5268017},"Nid":698091779,"Wid":55546573}
{"Coordinate":{"Latitude":35.7394849,"Longitude":139.5477284},"Nid":734176316,"Wid":141955798}
{"Coordinate":{"Latitude":35.7403601,"Longitude":139.547372},"Nid":1553862285,"Wid":141955798}
{"Coordinate":{"Latitude":35.706936,"Longitude":139.5460231},"Nid":1611666933,"Wid":148057639}
{"Coordinate":{"Latitude":35.7182108,"Longitude":139.545056},"Nid":1608830760,"Wid":147681778}
{"Coordinate":{"Latitude":35.7431614,"Longitude":139.5599491},"Nid":1553836156,"Wid":141952446}
{"Coordinate":{"Latitude":35.7430681,"Longitude":139.5591867},"Nid":1553836116,"Wid":141952446}
{"Coordinate":{"Latitude":35.7439168,"Longitude":139.5705632},"Nid":1311923130,"Wid":116359179}
{"Coordinate":{"Latitude":35.7237381,"Longitude":139.5365269},"Nid":1551803786,"Wid":141765266}
{"Coordinate":{"Latitude":35.7222393,"Longitude":139.5349722},"Nid":1551803465,"Wid":141765266}
{"Coordinate":{"Latitude":35.7118312,"Longitude":139.5764204},"Nid":1586680611,"Wid":145236914}
{"Coordinate":{"Latitude":35.7116177,"Longitude":139.5769871},"Nid":1586680605,"Wid":145236914}
{"Coordinate":{"Latitude":35.7130221,"Longitude":139.5435466},"Nid":-1632096683,"Wid":260722823}
{"Coordinate":{"Latitude":35.7354133,"Longitude":139.5594011},"Nid":1551896123,"Wid":141781046}
{"Coordinate":{"Latitude":35.709457,"Longitude":139.5788829},"Nid":419796689,"Wid":159646893}
{"Coordinate":{"Latitude":35.7342529,"Longitude":139.5642161},"Nid":1551895456,"Wid":141781118}
{"Coordinate":{"Latitude":35.7085978,"Longitude":139.53584},"Nid":700848601,"Wid":59277415}
{"Coordinate":{"Latitude":35.7116962,"Longitude":139.5300348},"Nid":735017788,"Wid":59277418}
