{"Coordinate":{"Latitude":35.7145366,"Longitude":139.5369587},"Nid":734949285,"Wid":141764935}
{"Coordinate":{"Latitude":35.7379271,"Longitude":139.5645774},"Nid":1553861879,"Wid":563760760}
{"Coordinate":{"Latitude":35.7353705,"Longitude":139.5441261},"Nid":-1769707847,"Wid":245303724}
{"Coordinate":{"Latitude":35.7343911,"Longitude":139.5444691},"Nid":-1769707856,"Wid":245303724}
{"Coordinate":{"Latitude":35.7342783,"Longitude":139.5318717},"Nid":1553901370,"Wid":141964184}
{"Coordinate":{"Latitude":35.7340152,"Longitude":139.53379},"Nid":1553901353,"Wid":141964184}
{"Coordinate":{"Latitude":35.7190547,"Longitude":139.5446123},"Nid":1609649236,"Wid":149530326}
{"Coordinate":{"Latitude":35.7181074,"Longitude":139.5447935},"Nid":1624984853,"Wid":149530326}
{"Coordinate":{"Latitude":35.7322341,"Longitude":139.5693777},"Nid":1551894579,"Wid":637951820}
{"Coordinate":{"Latitude":35.7433499,"Longitude":139.5608541},"Nid":1553836175,"Wid":141952510}
{"Coordinate":{"Latitude":35.7303826,"Longitude":139.5248326},"Nid":-60352213,"Wid":423962380}
{"Coordinate":{"Latitude":35.721145,"Longitude":139.5406782},"Nid":1551736718,"Wid":194053352}
{"Coordinate":{"Latitude":35.7354394,"Longitude":139.5638818},"Nid":1551896178,"Wid":141780852}
{"Coordinate":{"Latitude":35.7355009,"Longitude":139.5648131},"Nid":1551896212,"Wid":141780852}
{"Coordinate":{"Latitude":35.742319,"Longitude":139.5460449},"Nid":926799673,"Wid":87999850}
{"Coordinate":{"Latitude":35.7333589,"Longitude":139.5301036},"Nid":1553901337,"Wid":141964105}
{"Coordinate":{"Latitude":35.7061687,"Longitude":139.5662993},"Nid":369672516,"Wid":742090625}
{"Coordinate":{"Latitude":35.7209714,"Longitude":139.5434053},"Nid":1609658121,"Wid":147778722}
{"Coordinate":{"Latitude":35.7282375,"Longitude":139.5642545},"Nid":1112167725,"Wid":141774934}
{"Coordinate":{"Latitude":35.7042166,"Longitude":139.5452486},"Nid":1594180098,"Wid":146153771}
{"Coordinate":{"Latitude":35.7244063,"Longitude":139.5631471},"Nid":1551847626,"Wid":141774878}
{"Coordinate":{"Latitude":35.7206813,"Longitude":139.5401735},"Nid":1580971197,"Wid":144553423}
