{"Coordinate":{"Latitude":35.7275605,"Longitude":139.5808347},"Nid":1161725663,"Wid":100555165}
{"Coordinate":{"Latitude":35.7118312,"Longitude":139.5764204},"Nid":1586680611,"Wid":145237187}
{"Coordinate":{"Latitude":35.7448765,"Longitude":139.5343988},"Nid":752136394,"Wid":245315778}
{"Coordinate":{"Latitude":35.7394726,"Longitude":139.57633},"Nid":1311923891,"Wid":243113768}
{"Coordinate":{"Latitude":35.7153549,"Longitude":139.5491729},"Nid":1586655124,"Wid":145235491}
{"Coordinate":{"Latitude":35.7153549,"Longitude":139.5491729},"Nid":1586655124,"Wid":145235491}
{"Coordinate":{"Latitude":35.728407,"Longitude":139.556115},"Nid":1551848260,"Wid":141775138}
{"Coordinate":{"Latitude":35.7283561,"Longitude":139.5571666},"Nid":1551848263,"Wid":141775138}
{"Coordinate":{"Latitude":35.7416997,"Longitude":139.5773659},"Nid":1311920736,"Wid":116357924}
{"Coordinate":{"Latitude":35.7413523,"Longitude":139.5792751},"Nid":1311924170,"Wid":116357924}
{"Coordinate":{"Latitude":35.710461,"Longitude":139.5223215},"Nid":1665765858,"Wid":153964946}
{"Coordinate":{"Latitude":35.7104347,"Longitude":139.5216568},"Nid":758616521,"Wid":153964946}
{"Coordinate":{"Latitude":35.7079388,"Longitude":139.5475111},"Nid":1611666991,"Wid":148057643}
{"Coordinate":{"Latitude":35.7123924,"Longitude":139.5486262},"Nid":1609999987,"Wid":147855661}
{"Coordinate":{"Latitude":35.7116906,"Longitude":139.5481707},"Nid":1586654931,"Wid":147855661}
{"Coordinate":{"Latitude":35.7055869,"Longitude":139.5408838},"Nid":1767386194,"Wid":165176334}
{"Coordinate":{"Latitude":35.7124178,"Longitude":139.5596022},"Nid":1632361146,"Wid":150303335}
{"Coordinate":{"Latitude":35.7081244,"Longitude":139.5262189},"Nid":1611613381,"Wid":155456410}
{"Coordinate":{"Latitude":35.7086111,"Longitude":139.562433},"Nid":-1780046057,"Wid":244142412}
{"Coordinate":{"Latitude":35.720349,"Longitude":139.5447227},"Nid":1551736517,"Wid":147778564}
{"Coordinate":{"Latitude":35.7080973,"Longitude":139.5441529},"Nid":1586623245,"Wid":148183089}
{"Coordinate":{"Latitude":35.7283162,"Longitude":139.564129},"Nid":1551848242,"Wid":562225708}
{"Coordinate":{"Latitude":35.7088825,"Longitude":139.5791743},"Nid":440586259,"Wid":159646849}
{"Coordinate":{"Latitude":35.7226711,"Longitude":139.525698},"Nid":-1643744179,"Wid":284237700}
{"Coordinate":{"Latitude":35.7081129,"Longitude":139.5567346},"Nid":1679012149,"Wid":155513890}
{"Coordinate":{"Latitude":35.713302,"Longitude":139.5353259},"Nid":734949233,"Wid":141782660}
