{"Coordinate":{"Latitude":35.738604,"Longitude":139.538424},"Nid":1553901598,"Wid":141963694}
{"Coordinate":{"Latitude":35.7065495,"Longitude":139.5605585},"Nid":1736733052,"Wid":161716680}
{"Coordinate":{"Latitude":35.7059504,"Longitude":139.5621636},"Nid":1586699161,"Wid":161716680}
{"Coordinate":{"Latitude":35.7357597,"Longitude":139.5813413},"Nid":1311928571,"Wid":116357774}
{"Coordinate":{"Latitude":35.7343177,"Longitude":139.5808886},"Nid":1311926619,"Wid":116357774}
{"Coordinate":{"Latitude":35.7294972,"Longitude":139.5726351},"Nid":1311921485,"Wid":560710014}
{"Coordinate":{"Latitude":35.7313148,"Longitude":139.5716972},"Nid":393096184,"Wid":560710014}
{"Coordinate":{"Latitude":35.7419634,"Longitude":139.5761562},"Nid":1311923145,"Wid":564730802}
{"Coordinate":{"Latitude":35.7189057,"Longitude":139.5425632},"Nid":1551736090,"Wid":141759472}
{"Coordinate":{"Latitude":35.7132902,"Longitude":139.5446003},"Nid":1609989099,"Wid":147853311}
{"Coordinate":{"Latitude":35.7235908,"Longitude":139.5814936},"Nid":475856442,"Wid":39687366}
{"Coordinate":{"Latitude":35.7054162,"Longitude":139.561873},"Nid":440610785,"Wid":742074903}
{"Coordinate":{"Latitude":35.7104356,"Longitude":139.5281672},"Nid":735017580,"Wid":802927440}
{"Coordinate":{"Latitude":35.7072177,"Longitude":139.5482431},"Nid":1611666952,"Wid":148057693}
{"Coordinate":{"Latitude":35.7112771,"Longitude":139.557446},"Nid":1632361083,"Wid":150303337}
{"Coordinate":{"Latitude":35.7104356,"Longitude":139.5281672},"Nid":735017580,"Wid":259680971}
{"Coordinate":{"Latitude":35.7101181,"Longitude":139.5271603},"Nid":-626922217,"Wid":259680971}
{"Coordinate":{"Latitude":35.7302954,"Longitude":139.5266825},"Nid":1850960316,"Wid":174398400}
{"Coordinate":{"Latitude":35.7385253,"Longitude":139.5545791},"Nid":1553835423,"Wid":141955782}
