{"Coordinate":{"Latitude":35.7272026,"Longitude":139.5661583},"Nid":1184506862,"Wid":116357728}
{"Coordinate":{"Latitude":35.7131914,"Longitude":139.5402171},"Nid":1650178011,"Wid":152181625}
{"Coordinate":{"Latitude":35.7217459,"Longitude":139.524992},"Nid":699532975,"Wid":55796514}
{"Coordinate":{"Latitude":35.7060764,"Longitude":139.5528075},"Nid":1679012131,"Wid":155513883}
{"Coordinate":{"Latitude":35.7075791,"Longitude":139.5663936},"Nid":393724354,"Wid":742090616}
{"Coordinate":{"Latitude":35.7073562,"Longitude":139.566983},"Nid":1120806393,"Wid":742090616}
{"Coordinate":{"Latitude":35.7317155,"Longitude":139.555775},"Nid":-1817693816,"Wid":239955252}
{"Coordinate":{"Latitude":35.7317155,"Longitude":139.555775},"Nid":-1817693816,"Wid":239955252}
{"Coordinate":{"Latitude":35.704428,"Longitude":139.554474},"Nid":831017991,"Wid":37586054}
{"Coordinate":{"Latitude":35.7044281,"Longitude":139.5549892},"Nid":700848576,"Wid":37586054}
{"Coordinate":{"Latitude":35.7042781,"Longitude":139.5305885},"Nid":567871092,"Wid":145230451}
{"Coordinate":{"Latitude":35.704396,"Longitude":139.5307206},"Nid":567871102,"Wid":145230451}
{"Coordinate":{"Latitude":35.7056741,"Longitude":139.5426893},"Nid":1586623164,"Wid":145230301}
{"Coordinate":{"Latitude":35.7206024,"Longitude":139.5558635},"Nid":1615381393,"Wid":148431913}
{"Coordinate":{"Latitude":35.7207352,"Longitude":139.5561696},"Nid":1615381401,"Wid":148431913}
{"Coordinate":{"Latitude":35.7066768,"Longitude":139.5541912},"Nid":1586634031,"Wid":145233253}
{"Coordinate":{"Latitude":35.7050081,"Longitude":139.551702},"Nid":1610090887,"Wid":146847626}
{"Coordinate":{"Latitude":35.716661,"Longitude":139.5493054},"Nid":678573895,"Wid":141759488}
{"Coordinate":{"Latitude":35.7066077,"Longitude":139.5485324},"Nid":1586623196,"Wid":145230453}
{"Coordinate":{"Latitude":35.7062289,"Longitude":139.5499275},"Nid":440661893,"Wid":145230453}
{"Coordinate":{"Latitude":35.7185522,"Longitude":139.5551315},"Nid":1615381214,"Wid":750327579}
{"Coordinate":{"Latitude":35.7408585,"Longitude":139.560134},"Nid":1553835687,"Wid":141952512}
{"Coordinate":{"Latitude":35.7398569,"Longitude":139.5596407},"Nid":-1817685604,"Wid":141952512}
{"Coordinate":{"Latitude":35.7271657,"Longitude":139.559314},"Nid":1551848034,"Wid":237328121}
{"Coordinate":{"Latitude":35.7279716,"Longitude":139.5347758},"Nid":734885872,"Wid":158185469}
{"Coordinate":{"Latitude":35.7298436,"Longitude":139.5354803},"Nid":703695303,"Wid":174397966}
{"Coordinate":{"Latitude":35.7293116,"Longitude":139.5372422},"Nid":734896479,"Wid":174397966}
{"Coordinate":{"Latitude":35.7113749,"Longitude":139.5685398},"Nid":536666734,"Wid":43761472}
{"Coordinate":{"Latitude":35.7429899,"Longitude":139.5682412},"Nid":1199533367,"Wid":141952454}
{"Coordinate":{"Latitude":35.742933,"Longitude":139.5672728},"Nid":1553836093,"Wid":141952454}
{"Coordinate":{"Latitude":35.7226508,"Longitude":139.568732},"Nid":-1481777141,"Wid":760851968}
{"Coordinate":{"Latitude":35.7322341,"Longitude":139.5693777},"Nid":1551894579,"Wid":564717915}
{"Coordinate":{"Latitude":35.7163076,"Longitude":139.5763817},"Nid":475856434,"Wid":145237082}
{"Coordinate":{"Latitude":35.7274316,"Longitude":139.5799876},"Nid":475856447,"Wid":100492850}
{"Coordinate":{"Latitude":35.7217865,"Longitude":139.5333967},"Nid":1652820816,"Wid":152464576}
{"Coordinate":{"Latitude":35.7228512,"Longitude":139.556762},"Nid":1551847369,"Wid":141775112}
{"Coordinate":{"Latitude":35.7206311,"Longitude":139.5547759},"Nid":1551736547,"Wid":141759532}
