{"Coordinate":{"Latitude":35.7363836,"Longitude":139.5525322},"Nid":1551896551,"Wid":141781223}
{"Coordinate":{"Latitude":35.7370191,"Longitude":139.5510866},"Nid":1551896943,"Wid":141781223}
{"Coordinate":{"Latitude":35.7235253,"Longitude":139.5595626},"Nid":1631131964,"Wid":150181361}
{"Coordinate":{"Latitude":35.7242974,"Longitude":139.5593873},"Nid":1551847618,"Wid":150181361}
{"Coordinate":{"Latitude":35.711216,"Longitude":139.5803902},"Nid":410119156,"Wid":178773920}
{"Coordinate":{"Latitude":35.7114953,"Longitude":139.5796315},"Nid":410119157,"Wid":178773920}
{"Coordinate":{"Latitude":35.7114953,"Longitude":139.5796315},"Nid":410119157,"Wid":178773920}
{"Coordinate":{"Latitude":35.7059469,"Longitude":139.5452688},"Nid":1611666875,"Wid":148057701}
{"Coordinate":{"Latitude":35.7448592,"Longitude":139.5767343},"Nid":1223317346,"Wid":116358907}
{"Coordinate":{"Latitude":35.7133762,"Longitude":139.52646},"Nid":1665766025,"Wid":153964956}
{"Coordinate":{"Latitude":35.740888,"Longitude":139.5426938},"Nid":1553902021,"Wid":141963896}
{"Coordinate":{"Latitude":35.7403602,"Longitude":139.5710187},"Nid":1311924582,"Wid":116358881}
{"Coordinate":{"Latitude":35.7398625,"Longitude":139.5727601},"Nid":1311921794,"Wid":116358881}
{"Coordinate":{"Latitude":35.7180195,"Longitude":139.5445708},"Nid":1608830750,"Wid":147681802}
{"Coordinate":{"Latitude":35.7177255,"Longitude":139.5448686},"Nid":1608830730,"Wid":147681802}
{"Coordinate":{"Latitude":35.7097367,"Longitude":139.5439907},"Nid":1611617750,"Wid":148052350}
{"Coordinate":{"Latitude":35.7212933,"Longitude":139.527208},"Nid":-1547907449,"Wid":269499087}
{"Coordinate":{"Latitude":35.7206011,"Longitude":139.5390998},"Nid":1551736545,"Wid":141759581}
{"Coordinate":{"Latitude":35.7204533,"Longitude":139.5373531},"Nid":1551736514,"Wid":141759581}
{"Coordinate":{"Latitude":35.7053291,"Longitude":139.5691492},"Nid":369672535,"Wid":32806013}
{"Coordinate":{"Latitude":35.7344041,"Longitude":139.5484606},"Nid":1007093479,"Wid":141781169}
{"Coordinate":{"Latitude":35.7350489,"Longitude":139.548356},"Nid":1551895946,"Wid":141781169}
{"Coordinate":{"Latitude":35.7342141,"Longitude":139.5366694},"Nid":703695321,"Wid":141963847}
{"Coordinate":{"Latitude":35.7161086,"Longitude":139.547132},"Nid":1551735765,"Wid":147855687}
{"Coordinate":{"Latitude":35.704428,"Longitude":139.554474},"Nid":831017991,"Wid":146847635}
{"Coordinate":{"Latitude":35.7052133,"Longitude":139.5532401},"Nid":1600790268,"Wid":146847635}
{"Coordinate":{"Latitude":35.7050081,"Longitude":139.551702},"Nid":1610090887,"Wid":147858891}
{"Coordinate":{"Latitude":35.7057286,"Longitude":139.5517756},"Nid":1600790272,"Wid":147858891}
{"Coordinate":{"Latitude":35.7407013,"Longitude":139.5572823},"Nid":1553835672,"Wid":562908929}
{"Coordinate":{"Latitude":35.7110733,"Longitude":139.5415627},"Nid":1611667064,"Wid":148057777}
{"Coordinate":{"Latitude":35.7099318,"Longitude":139.5411976},"Nid":732097060,"Wid":148057777}
{"Coordinate":{"Latitude":35.7334006,"Longitude":139.5793232},"Nid":1223378170,"Wid":106337528}
{"Coordinate":{"Latitude":35.7321028,"Longitude":139.5789091},"Nid":1223788878,"Wid":106337528}
{"Coordinate":{"Latitude":35.7052789,"Longitude":139.5313823},"Nid":567871855,"Wid":155149834}
