{"Coordinate":{"Latitude":35.7282596,"Longitude":139.5644978},"Nid":1184506864,"Wid":141775067}
{"Coordinate":{"Latitude":35.737357,"Longitude":139.537665},"Nid":1553901530,"Wid":141963932}
{"Coordinate":{"Latitude":35.7058644,"Longitude":139.5413098},"Nid":1767386235,"Wid":165176371}
{"Coordinate":{"Latitude":35.7056636,"Longitude":139.5415516},"Nid":1767386206,"Wid":165176371}
{"Coordinate":{"Latitude":35.7355678,"Longitude":139.5445682},"Nid":-1769707842,"Wid":245303709}
{"Coordinate":{"Latitude":35.7407022,"Longitude":139.5336831},"Nid":1553902014,"Wid":141963969}
{"Coordinate":{"Latitude":35.7217832,"Longitude":139.5804299},"Nid":1624992757,"Wid":39687357}
{"Coordinate":{"Latitude":35.7162167,"Longitude":139.5419158},"Nid":1614274039,"Wid":148319884}
{"Coordinate":{"Latitude":35.7151976,"Longitude":139.5706947},"Nid":410119183,"Wid":145236049}
{"Coordinate":{"Latitude":35.7400368,"Longitude":139.5531568},"Nid":1553835601,"Wid":141952440}
{"Coordinate":{"Latitude":35.7281164,"Longitude":139.5449394},"Nid":1621376754,"Wid":149116068}
{"Coordinate":{"Latitude":35.7282586,"Longitude":139.5443119},"Nid":1621376760,"Wid":149116068}
{"Coordinate":{"Latitude":35.7321977,"Longitude":139.5420349},"Nid":734176471,"Wid":141781145}
{"Coordinate":{"Latitude":35.7302962,"Longitude":139.5217459},"Nid":733936929,"Wid":55672154}
{"Coordinate":{"Latitude":35.7241271,"Longitude":139.5463832},"Nid":1551847573,"Wid":141774976}
{"Coordinate":{"Latitude":35.723359,"Longitude":139.546484},"Nid":1551847438,"Wid":141774976}
{"Coordinate":{"Latitude":35.7198445,"Longitude":139.5349423},"Nid":1626529065,"Wid":149705044}
{"Coordinate":{"Latitude":35.715479,"Longitude":139.5334847},"Nid":1551802772,"Wid":148789407}
{"Coordinate":{"Latitude":35.7058657,"Longitude":139.5458653},"Nid":1586623173,"Wid":148057664}
