{"Coordinate":{"Latitude":35.7061391,"Longitude":139.5555256},"Nid":1610091013,"Wid":147858868}
{"Coordinate":{"Latitude":35.7190378,"Longitude":139.5771198},"Nid":475856439,"Wid":672434102}
{"Coordinate":{"Latitude":35.7193472,"Longitude":139.5789566},"Nid":419796722,"Wid":672434102}
{"Coordinate":{"Latitude":35.7237655,"Longitude":139.5793067},"Nid":425344242,"Wid":100818183}
{"Coordinate":{"Latitude":35.7354598,"Longitude":139.5706181},"Nid":1311920458,"Wid":237324443}
{"Coordinate":{"Latitude":35.7130085,"Longitude":139.5687787},"Nid":1976490433,"Wid":186901881}
{"Coordinate":{"Latitude":35.7272168,"Longitude":139.5436735},"Nid":1629902357,"Wid":150057294}
{"Coordinate":{"Latitude":35.7267823,"Longitude":139.5437177},"Nid":1629902271,"Wid":150057294}
{"Coordinate":{"Latitude":35.7166257,"Longitude":139.5524851},"Nid":970335483,"Wid":147676553}
{"Coordinate":{"Latitude":35.7172897,"Longitude":139.5525113},"Nid":1608796632,"Wid":147676553}
{"Coordinate":{"Latitude":35.7086312,"Longitude":139.5344002},"Nid":735017729,"Wid":59277412}
{"Coordinate":{"Latitude":35.73061,"Longitude":139.554589},"Nid":1551894018,"Wid":279732682}
{"Coordinate":{"Latitude":35.7200265,"Longitude":139.5557482},"Nid":1615381348,"Wid":148431854}
{"Coordinate":{"Latitude":35.716661,"Longitude":139.5493054},"Nid":678573895,"Wid":141759426}
{"Coordinate":{"Latitude":35.7350489,"Longitude":139.548356},"Nid":1551895946,"Wid":141780905}
{"Coordinate":{"Latitude":35.7137995,"Longitude":139.5666552},"Nid":544473437,"Wid":145238475}
{"Coordinate":{"Latitude":35.7220021,"Longitude":139.5440939},"Nid":1651415425,"Wid":152314393}
{"Coordinate":{"Latitude":35.7340033,"Longitude":139.5543755},"Nid":1551895325,"Wid":141781098}
{"Coordinate":{"Latitude":35.7352931,"Longitude":139.5542017},"Nid":1551896031,"Wid":141781098}
{"Coordinate":{"Latitude":35.716182,"Longitude":139.5412947},"Nid":678573889,"Wid":148319910}
{"Coordinate":{"Latitude":35.7202339,"Longitude":139.5357516},"Nid":1626529083,"Wid":149705076}
{"Coordinate":{"Latitude":35.7217459,"Longitude":139.5273338},"Nid":-1547907441,"Wid":269499093}
