{"Coordinate":{"Latitude":35.7317533,"Longitude":139.5222627},"Nid":733936943,"Wid":59180464}
{"Coordinate":{"Latitude":35.7317533,"Longitude":139.5222627},"Nid":733936943,"Wid":59180464}
{"Coordinate":{"Latitude":35.7302962,"Longitude":139.5217459},"Nid":733936929,"Wid":59180464}
{"Coordinate":{"Latitude":35.7423933,"Longitude":139.5388329},"Nid":682898420,"Wid":218467108}
{"Coordinate":{"Latitude":35.7298436,"Longitude":139.5354803},"Nid":703695303,"Wid":284237729}
{"Coordinate":{"Latitude":35.7298436,"Longitude":139.5354803},"Nid":703695303,"Wid":284237729}
{"Coordinate":{"Latitude":35.7188381,"Longitude":139.5330211},"Nid":1551802973,"Wid":141765185}
{"Coordinate":{"Latitude":35.7187626,"Longitude":139.5347652},"Nid":687489217,"Wid":141765185}
{"Coordinate":{"Latitude":35.7128216,"Longitude":139.5769605},"Nid":419796700,"Wid":145237189}
{"Coordinate":{"Latitude":35.7235908,"Longitude":139.5814936},"Nid":475856442,"Wid":674666908}
{"Coordinate":{"Latitude":35.7417175,"Longitude":139.5740379},"Nid":1311926402,"Wid":116359066}
{"Coordinate":{"Latitude":35.7421201,"Longitude":139.5714637},"Nid":1311922959,"Wid":116359066}
{"Coordinate":{"Latitude":35.7421201,"Longitude":139.5714637},"Nid":1311922959,"Wid":116359066}
{"Coordinate":{"Latitude":35.7244524,"Longitude":139.539838},"Nid":1629231344,"Wid":149986329}
{"Coordinate":{"Latitude":35.7430693,"Longitude":139.5586105},"Nid":1553836114,"Wid":141952345}
{"Coordinate":{"Latitude":35.7375155,"Longitude":139.5225028},"Nid":827955191,"Wid":526892733}
{"Coordinate":{"Latitude":35.7109372,"Longitude":139.5384935},"Nid":-1632086029,"Wid":260723548}
{"Coordinate":{"Latitude":35.710088,"Longitude":139.5551224},"Nid":1586634161,"Wid":145233242}
{"Coordinate":{"Latitude":35.7106448,"Longitude":139.5555089},"Nid":1586634175,"Wid":145233242}
{"Coordinate":{"Latitude":35.722801,"Longitude":139.561661},"Nid":1551847345,"Wid":141775010}
{"Coordinate":{"Latitude":35.7041685,"Longitude":139.5657061},"Nid":369672504,"Wid":145130485}
{"Coordinate":{"Latitude":35.7195164,"Longitude":139.5731167},"Nid":393724384,"Wid":775451341}
{"Coordinate":{"Latitude":35.7142575,"Longitude":139.580509},"Nid":425344230,"Wid":36504128}
{"Coordinate":{"Latitude":35.7307017,"Longitude":139.5636132},"Nid":1551894029,"Wid":141780961}
{"Coordinate":{"Latitude":35.730793,"Longitude":139.5622551},"Nid":1551894052,"Wid":141780961}
{"Coordinate":{"Latitude":35.7399337,"Longitude":139.5665763},"Nid":1153476857,"Wid":565842552}
