{"Coordinate":{"Latitude":35.7400368,"Longitude":139.5531568},"Nid":1553835601,"Wid":141952422}
{"Coordinate":{"Latitude":35.7400763,"Longitude":139.5525448},"Nid":1553835602,"Wid":141952422}
{"Coordinate":{"Latitude":35.7148792,"Longitude":139.5536476},"Nid":-479510239,"Wid":572839486}
{"Coordinate":{"Latitude":35.726272,"Longitude":139.56855},"Nid":1311925859,"Wid":116359091}
{"Coordinate":{"Latitude":35.7272516,"Longitude":139.5700583},"Nid":1311921818,"Wid":116359091}
{"Coordinate":{"Latitude":35.7282387,"Longitude":139.5388995},"Nid":1553901153,"Wid":150057326}
{"Coordinate":{"Latitude":35.722339,"Longitude":139.540754},"Nid":1551803495,"Wid":152314387}
{"Coordinate":{"Latitude":35.7209485,"Longitude":139.5344152},"Nid":1551803258,"Wid":141765260}
{"Coordinate":{"Latitude":35.7213419,"Longitude":139.532835},"Nid":1551803319,"Wid":141765260}
{"Coordinate":{"Latitude":35.7235377,"Longitude":139.5547414},"Nid":1551847459,"Wid":141775058}
{"Coordinate":{"Latitude":35.7417434,"Longitude":139.5475148},"Nid":1078676825,"Wid":282952615}
{"Coordinate":{"Latitude":35.7098748,"Longitude":139.5724021},"Nid":-912869582,"Wid":331149485}
{"Coordinate":{"Latitude":35.7182607,"Longitude":139.5637238},"Nid":1354233496,"Wid":120875196}
{"Coordinate":{"Latitude":35.7240392,"Longitude":139.545321},"Nid":1551847538,"Wid":141774941}
{"Coordinate":{"Latitude":35.7241271,"Longitude":139.5463832},"Nid":1551847573,"Wid":141774941}
{"Coordinate":{"Latitude":35.7235316,"Longitude":139.538754},"Nid":734896385,"Wid":158188884}
{"Coordinate":{"Latitude":35.730816,"Longitude":139.5814457},"Nid":-1427220048,"Wid":282829832}
{"Coordinate":{"Latitude":35.722256,"Longitude":139.5431399},"Nid":287446110,"Wid":141765124}
{"Coordinate":{"Latitude":35.7137511,"Longitude":139.5268763},"Nid":698091778,"Wid":55546577}
{"Coordinate":{"Latitude":35.7221006,"Longitude":139.5406972},"Nid":1551803423,"Wid":144553431}
{"Coordinate":{"Latitude":35.7215238,"Longitude":139.540684},"Nid":1580971326,"Wid":144553431}
{"Coordinate":{"Latitude":35.7173114,"Longitude":139.5313143},"Nid":1618620579,"Wid":148789379}
{"Coordinate":{"Latitude":35.7318442,"Longitude":139.5504989},"Nid":1551894410,"Wid":141780920}
{"Coordinate":{"Latitude":35.7296781,"Longitude":139.5802065},"Nid":1162638890,"Wid":100555162}
{"Coordinate":{"Latitude":35.7365181,"Longitude":139.5430984},"Nid":1551896691,"Wid":141780967}
