{"Coordinate":{"Latitude":35.7082649,"Longitude":139.5629248},"Nid":-1780046081,"Wid":244142408}
{"Coordinate":{"Latitude":35.7311011,"Longitude":139.5807598},"Nid":1163196144,"Wid":100613703}
{"Coordinate":{"Latitude":35.7284939,"Longitude":139.5533605},"Nid":1621368180,"Wid":141775054}
{"Coordinate":{"Latitude":35.7287021,"Longitude":139.554556},"Nid":1551848287,"Wid":141775054}
{"Coordinate":{"Latitude":35.7215657,"Longitude":139.5456035},"Nid":1609649465,"Wid":147778591}
{"Coordinate":{"Latitude":35.7209641,"Longitude":139.545236},"Nid":1609649446,"Wid":147778591}
{"Coordinate":{"Latitude":35.7165941,"Longitude":139.567388},"Nid":778224423,"Wid":34322466}
{"Coordinate":{"Latitude":35.7074402,"Longitude":139.5282866},"Nid":1678487953,"Wid":155456449}
{"Coordinate":{"Latitude":35.7437426,"Longitude":139.5764128},"Nid":1311921953,"Wid":565795839}
{"Coordinate":{"Latitude":35.7437426,"Longitude":139.5764128},"Nid":1311921953,"Wid":565795839}
{"Coordinate":{"Latitude":35.7072049,"Longitude":139.5462586},"Nid":1611666945,"Wid":148057698}
{"Coordinate":{"Latitude":35.7209458,"Longitude":139.5567504},"Nid":1615381406,"Wid":148431912}
{"Coordinate":{"Latitude":35.7226711,"Longitude":139.525698},"Nid":-1643744179,"Wid":259682591}
{"Coordinate":{"Latitude":35.7253902,"Longitude":139.5362603},"Nid":1551929314,"Wid":141782664}
{"Coordinate":{"Latitude":35.725921,"Longitude":139.5369617},"Nid":734896339,"Wid":141782664}
{"Coordinate":{"Latitude":35.7204533,"Longitude":139.5373531},"Nid":1551736514,"Wid":141765066}
{"Coordinate":{"Latitude":35.7229679,"Longitude":139.5402164},"Nid":1629231292,"Wid":152314395}
{"Coordinate":{"Latitude":35.7085334,"Longitude":139.527897},"Nid":-1500459458,"Wid":274782836}
{"Coordinate":{"Latitude":35.7209031,"Longitude":139.5471804},"Nid":1551736628,"Wid":147778561}
{"Coordinate":{"Latitude":35.7409425,"Longitude":139.5767981},"Nid":-1789503205,"Wid":243113752}
{"Coordinate":{"Latitude":35.7183028,"Longitude":139.5329286},"Nid":1551802924,"Wid":148789381}
{"Coordinate":{"Latitude":35.7301992,"Longitude":139.576044},"Nid":1311928457,"Wid":116357761}
{"Coordinate":{"Latitude":35.7218316,"Longitude":139.5627545},"Nid":679185641,"Wid":259688691}
{"Coordinate":{"Latitude":35.7297156,"Longitude":139.5520292},"Nid":1480367034,"Wid":141780980}
{"Coordinate":{"Latitude":35.7297474,"Longitude":139.5515332},"Nid":1551893654,"Wid":141780980}
{"Coordinate":{"Latitude":35.733685,"Longitude":139.5792943},"Nid":1223378163,"Wid":106293814}
{"Coordinate":{"Latitude":35.736422,"Longitude":139.541727},"Nid":1551896680,"Wid":141780952}
