{"Coordinate":{"Latitude":35.7283964,"Longitude":139.5528435},"Nid":1621368169,"Wid":149115207}
{"Coordinate":{"Latitude":35.7284939,"Longitude":139.5533605},"Nid":1621368180,"Wid":149115207}
{"Coordinate":{"Latitude":35.7125222,"Longitude":139.5392699},"Nid":732097063,"Wid":152181615}
{"Coordinate":{"Latitude":35.7178187,"Longitude":139.5320751},"Nid":1618620702,"Wid":148789393}
{"Coordinate":{"Latitude":35.7154074,"Longitude":139.5370231},"Nid":1614274005,"Wid":148319898}
{"Coordinate":{"Latitude":35.7161803,"Longitude":139.5369647},"Nid":778224468,"Wid":148319898}
{"Coordinate":{"Latitude":35.7296781,"Longitude":139.5802065},"Nid":1162638890,"Wid":100555163}
{"Coordinate":{"Latitude":35.7290434,"Longitude":139.5787801},"Nid":1162638755,"Wid":100555163}
{"Coordinate":{"Latitude":35.7411647,"Longitude":139.5287507},"Nid":1553902030,"Wid":141963949}
{"Coordinate":{"Latitude":35.7057611,"Longitude":139.5564932},"Nid":683867670,"Wid":146455055}
{"Coordinate":{"Latitude":35.7244063,"Longitude":139.5631471},"Nid":1551847626,"Wid":141775068}
{"Coordinate":{"Latitude":35.7246881,"Longitude":139.5622072},"Nid":1551847665,"Wid":141775068}
{"Coordinate":{"Latitude":35.7235514,"Longitude":139.5730888},"Nid":410471372,"Wid":201097100}
{"Coordinate":{"Latitude":35.7242484,"Longitude":139.5730652},"Nid":1311925760,"Wid":201097100}
{"Coordinate":{"Latitude":35.7264817,"Longitude":139.5729352},"Nid":1311961007,"Wid":201097100}
{"Coordinate":{"Latitude":35.7264817,"Longitude":139.5729352},"Nid":1311961007,"Wid":201097100}
{"Coordinate":{"Latitude":35.7269301,"Longitude":139.5729153},"Nid":1311928143,"Wid":201097100}
{"Coordinate":{"Latitude":35.7273305,"Longitude":139.5728943},"Nid":393724387,"Wid":201097100}
{"Coordinate":{"Latitude":35.7314015,"Longitude":139.5503661},"Nid":1551894197,"Wid":239955251}
{"Coordinate":{"Latitude":35.7416904,"Longitude":139.5355966},"Nid":1419177901,"Wid":601139160}
{"Coordinate":{"Latitude":35.724339,"Longitude":139.552595},"Nid":1551847619,"Wid":141774867}
{"Coordinate":{"Latitude":35.724469,"Longitude":139.55408},"Nid":1551847641,"Wid":141774867}
{"Coordinate":{"Latitude":35.708031,"Longitude":139.5572369},"Nid":1679012130,"Wid":155513882}
{"Coordinate":{"Latitude":35.7057846,"Longitude":139.5515446},"Nid":1610090986,"Wid":147858892}
{"Coordinate":{"Latitude":35.7087364,"Longitude":139.5344116},"Nid":735017730,"Wid":59277413}
{"Coordinate":{"Latitude":35.7146191,"Longitude":139.5389704},"Nid":1614273967,"Wid":148319886}
{"Coordinate":{"Latitude":35.7133195,"Longitude":139.5380352},"Nid":734949338,"Wid":141782635}
{"Coordinate":{"Latitude":35.7085898,"Longitude":139.5356982},"Nid":735017735,"Wid":165955700}
{"Coordinate":{"Latitude":35.7082817,"Longitude":139.5364878},"Nid":1774566953,"Wid":165955700}
