{"Coordinate":{"Latitude":35.7091269,"Longitude":139.5722734},"Nid":1708290590,"Wid":32618833}
{"Coordinate":{"Latitude":35.7302563,"Longitude":139.5504617},"Nid":1551893857,"Wid":141781114}
{"Coordinate":{"Latitude":35.7303367,"Longitude":139.5487135},"Nid":1551893904,"Wid":141781114}
{"Coordinate":{"Latitude":35.7361375,"Longitude":139.5805639},"Nid":1311926583,"Wid":116358568}
{"Coordinate":{"Latitude":35.7234327,"Longitude":139.5595883},"Nid":1631131948,"Wid":150181331}
{"Coordinate":{"Latitude":35.7177132,"Longitude":139.5425853},"Nid":1623748214,"Wid":149387571}
{"Coordinate":{"Latitude":35.7176381,"Longitude":139.5420236},"Nid":1623748205,"Wid":149387571}
{"Coordinate":{"Latitude":35.7278081,"Longitude":139.5728679},"Nid":1311960513,"Wid":116358318}
{"Coordinate":{"Latitude":35.7278685,"Longitude":139.5720131},"Nid":1311923042,"Wid":116358318}
{"Coordinate":{"Latitude":35.7100216,"Longitude":139.560034},"Nid":1586680487,"Wid":145237028}
{"Coordinate":{"Latitude":35.7117746,"Longitude":139.5229387},"Nid":1665765921,"Wid":153964909}
{"Coordinate":{"Latitude":35.7216979,"Longitude":139.5318801},"Nid":687489213,"Wid":141765120}
{"Coordinate":{"Latitude":35.7213419,"Longitude":139.532835},"Nid":1551803319,"Wid":141765120}
{"Coordinate":{"Latitude":35.7433639,"Longitude":139.5702545},"Nid":1311927434,"Wid":116357552}
{"Coordinate":{"Latitude":35.7123547,"Longitude":139.5417729},"Nid":1650177975,"Wid":152181624}
{"Coordinate":{"Latitude":35.7153166,"Longitude":139.5643008},"Nid":1621355411,"Wid":95927760}
{"Coordinate":{"Latitude":35.7281207,"Longitude":139.5515533},"Nid":1551848186,"Wid":141774995}
{"Coordinate":{"Latitude":35.720414,"Longitude":139.5450752},"Nid":1609649414,"Wid":147778568}
{"Coordinate":{"Latitude":35.7226305,"Longitude":139.5791546},"Nid":1624992810,"Wid":149530794}
{"Coordinate":{"Latitude":35.7080141,"Longitude":139.5273433},"Nid":1611613372,"Wid":155456393}
{"Coordinate":{"Latitude":35.7340176,"Longitude":139.5739499},"Nid":1311920895,"Wid":116357835}
{"Coordinate":{"Latitude":35.7339937,"Longitude":139.5735536},"Nid":1311921948,"Wid":116357835}
{"Coordinate":{"Latitude":35.7180698,"Longitude":139.5425746},"Nid":1551735934,"Wid":149387511}
{"Coordinate":{"Latitude":35.7199199,"Longitude":139.5791041},"Nid":419796720,"Wid":100842482}
{"Coordinate":{"Latitude":35.738468,"Longitude":139.5702456},"Nid":1311925379,"Wid":116358524}
{"Coordinate":{"Latitude":35.7357597,"Longitude":139.5813413},"Nid":1311928571,"Wid":116358868}
{"Coordinate":{"Latitude":35.711695,"Longitude":139.5360889},"Nid":1650160926,"Wid":152180727}
{"Coordinate":{"Latitude":35.7159747,"Longitude":139.5325962},"Nid":734949272,"Wid":141765166}
