{"Coordinate":{"Latitude":35.7307086,"Longitude":139.5809019},"Nid":1480367046,"Wid":134676906}
{"Coordinate":{"Latitude":35.7311011,"Longitude":139.5807598},"Nid":1163196144,"Wid":134676906}
{"Coordinate":{"Latitude":35.713975,"Longitude":139.5323464},"Nid":701730573,"Wid":55885156}
{"Coordinate":{"Latitude":35.7043351,"Longitude":139.5652622},"Nid":369672512,"Wid":145130475}
{"Coordinate":{"Latitude":35.7250788,"Longitude":139.5377297},"Nid":1551804018,"Wid":149986336}
{"Coordinate":{"Latitude":35.7220124,"Longitude":139.5452121},"Nid":1551736968,"Wid":141775151}
{"Coordinate":{"Latitude":35.7225741,"Longitude":139.5462019},"Nid":1551847310,"Wid":141775151}
{"Coordinate":{"Latitude":35.711103,"Longitude":139.5506976},"Nid":732097087,"Wid":145130187}
{"Coordinate":{"Latitude":35.7115504,"Longitude":139.5486579},"Nid":1611618002,"Wid":145130187}
{"Coordinate":{"Latitude":35.7115504,"Longitude":139.5486579},"Nid":1611618002,"Wid":145130187}
{"Coordinate":{"Latitude":35.7116906,"Longitude":139.5481707},"Nid":1586654931,"Wid":145130187}
{"Coordinate":{"Latitude":35.7119867,"Longitude":139.5471423},"Nid":1609999953,"Wid":145130187}
{"Coordinate":{"Latitude":35.7182108,"Longitude":139.545056},"Nid":1608830760,"Wid":147681787}
{"Coordinate":{"Latitude":35.742693,"Longitude":139.570662},"Nid":1311926842,"Wid":116359073}
{"Coordinate":{"Latitude":35.7233524,"Longitude":139.5298743},"Nid":1551803660,"Wid":141765034}
{"Coordinate":{"Latitude":35.7228636,"Longitude":139.5299197},"Nid":1551803571,"Wid":141765034}
{"Coordinate":{"Latitude":35.7381763,"Longitude":139.5784126},"Nid":1223378321,"Wid":106293821}
{"Coordinate":{"Latitude":35.7377261,"Longitude":139.5783052},"Nid":1223378327,"Wid":106293821}
{"Coordinate":{"Latitude":35.7067171,"Longitude":139.5232773},"Nid":-2131083940,"Wid":206381406}
{"Coordinate":{"Latitude":35.7234992,"Longitude":139.5428187},"Nid":-1780039582,"Wid":244143265}
{"Coordinate":{"Latitude":35.7165941,"Longitude":139.567388},"Nid":778224423,"Wid":145236063}
{"Coordinate":{"Latitude":35.7161481,"Longitude":139.5679826},"Nid":393724371,"Wid":145236063}
{"Coordinate":{"Latitude":35.7312348,"Longitude":139.5636573},"Nid":1551894143,"Wid":141781137}
{"Coordinate":{"Latitude":35.7242196,"Longitude":139.5722252},"Nid":1311926451,"Wid":116357766}
{"Coordinate":{"Latitude":35.7339714,"Longitude":139.5588737},"Nid":1551895265,"Wid":141781218}
{"Coordinate":{"Latitude":35.7354133,"Longitude":139.5594011},"Nid":1551896123,"Wid":141781218}
{"Coordinate":{"Latitude":35.7289681,"Longitude":139.5603824},"Nid":1551848343,"Wid":538954457}
