{"Coordinate":{"Latitude":35.735716,"Longitude":139.5725487},"Nid":1311923453,"Wid":116358259}
{"Coordinate":{"Latitude":35.7354598,"Longitude":139.5706181},"Nid":1311920458,"Wid":116358259}
{"Coordinate":{"Latitude":35.7128216,"Longitude":139.5769605},"Nid":419796700,"Wid":145237184}
{"Coordinate":{"Latitude":35.7323938,"Longitude":139.5283272},"Nid":1553901281,"Wid":141964306}
{"Coordinate":{"Latitude":35.72449,"Longitude":139.53006},"Nid":1551803988,"Wid":141765044}
{"Coordinate":{"Latitude":35.7063617,"Longitude":139.5462692},"Nid":1611666894,"Wid":148057751}
{"Coordinate":{"Latitude":35.7068949,"Longitude":139.546271},"Nid":286903539,"Wid":148057751}
{"Coordinate":{"Latitude":35.708037,"Longitude":139.5606204},"Nid":1736155475,"Wid":161644134}
{"Coordinate":{"Latitude":35.730525,"Longitude":139.540953},"Nid":1551893958,"Wid":141781056}
{"Coordinate":{"Latitude":35.7106711,"Longitude":139.543349},"Nid":1586654886,"Wid":147857350}
{"Coordinate":{"Latitude":35.7207324,"Longitude":139.5407243},"Nid":1580971244,"Wid":194053360}
{"Coordinate":{"Latitude":35.7201175,"Longitude":139.54086},"Nid":1623748571,"Wid":194053360}
{"Coordinate":{"Latitude":35.7148659,"Longitude":139.5401727},"Nid":1614273977,"Wid":148319882}
{"Coordinate":{"Latitude":35.7153928,"Longitude":139.5640967},"Nid":1621355413,"Wid":149113416}
{"Coordinate":{"Latitude":35.7157627,"Longitude":139.5645516},"Nid":1621355418,"Wid":149113416}
{"Coordinate":{"Latitude":35.7261458,"Longitude":139.5790714},"Nid":1163705793,"Wid":100661331}
{"Coordinate":{"Latitude":35.7223748,"Longitude":139.546689},"Nid":1551847246,"Wid":144553424}
{"Coordinate":{"Latitude":35.7409892,"Longitude":139.535787},"Nid":-1787118365,"Wid":243360781}
{"Coordinate":{"Latitude":35.7217823,"Longitude":139.5374397},"Nid":1551803385,"Wid":141765175}
{"Coordinate":{"Latitude":35.7103134,"Longitude":139.53918},"Nid":1586588876,"Wid":145228065}
{"Coordinate":{"Latitude":35.7115159,"Longitude":139.5416945},"Nid":1611667074,"Wid":148057680}
{"Coordinate":{"Latitude":35.7223119,"Longitude":139.580409},"Nid":1165227758,"Wid":100820776}
