{"Coordinate":{"Latitude":35.7252348,"Longitude":139.5485183},"Nid":1658857877,"Wid":153168539}
{"Coordinate":{"Latitude":35.7235377,"Longitude":139.5547414},"Nid":1551847459,"Wid":141775055}
{"Coordinate":{"Latitude":35.7120217,"Longitude":139.5322207},"Nid":735017821,"Wid":145230606}
{"Coordinate":{"Latitude":35.7116843,"Longitude":139.5335426},"Nid":705149773,"Wid":145230606}
{"Coordinate":{"Latitude":35.7054798,"Longitude":139.5686518},"Nid":369672532,"Wid":32806012}
{"Coordinate":{"Latitude":35.7198921,"Longitude":139.5554362},"Nid":1615381330,"Wid":148431903}
{"Coordinate":{"Latitude":35.7204938,"Longitude":139.5558009},"Nid":1615381380,"Wid":148431903}
{"Coordinate":{"Latitude":35.7215335,"Longitude":139.5272747},"Nid":-1547907444,"Wid":269499086}
{"Coordinate":{"Latitude":35.7143704,"Longitude":139.5778203},"Nid":475856455,"Wid":39687361}
{"Coordinate":{"Latitude":35.730655,"Longitude":139.5402154},"Nid":1551894027,"Wid":141963829}
{"Coordinate":{"Latitude":35.7421131,"Longitude":139.57969},"Nid":1311925051,"Wid":116358104}
{"Coordinate":{"Latitude":35.7426176,"Longitude":139.5776626},"Nid":1311925615,"Wid":116358104}
{"Coordinate":{"Latitude":35.7217187,"Longitude":139.5390846},"Nid":-2014117160,"Wid":218877512}
{"Coordinate":{"Latitude":35.7225101,"Longitude":139.5390167},"Nid":1651415445,"Wid":218877512}
{"Coordinate":{"Latitude":35.7127826,"Longitude":139.5385873},"Nid":734949314,"Wid":59272298}
{"Coordinate":{"Latitude":35.7132033,"Longitude":139.538023},"Nid":734949334,"Wid":59272298}
{"Coordinate":{"Latitude":35.7112853,"Longitude":139.5445329},"Nid":1611617970,"Wid":148052352}
{"Coordinate":{"Latitude":35.7302581,"Longitude":139.5607383},"Nid":1551893859,"Wid":141780866}
{"Coordinate":{"Latitude":35.7195959,"Longitude":139.5357257},"Nid":1626529061,"Wid":149705049}
