{"Coordinate":{"Latitude":35.7403602,"Longitude":139.5710187},"Nid":1311924582,"Wid":116358225}
{"Coordinate":{"Latitude":35.7422921,"Longitude":139.5707066},"Nid":1311920938,"Wid":116358225}
{"Coordinate":{"Latitude":35.7202931,"Longitude":139.5350497},"Nid":1626529085,"Wid":149705073}
{"Coordinate":{"Latitude":35.7429262,"Longitude":139.5719266},"Nid":1311926747,"Wid":116358934}
{"Coordinate":{"Latitude":35.7329808,"Longitude":139.5528089},"Nid":1551894832,"Wid":141780929}
{"Coordinate":{"Latitude":35.7342202,"Longitude":139.5527114},"Nid":1551895463,"Wid":141780929}
{"Coordinate":{"Latitude":35.7165204,"Longitude":139.5636391},"Nid":459453893,"Wid":148952032}
{"Coordinate":{"Latitude":35.7210164,"Longitude":139.5680148},"Nid":679185654,"Wid":157511387}
{"Coordinate":{"Latitude":35.7446657,"Longitude":139.5667147},"Nid":1199532682,"Wid":141877890}
{"Coordinate":{"Latitude":35.7446684,"Longitude":139.5664393},"Nid":1199532641,"Wid":141877890}
{"Coordinate":{"Latitude":35.7239997,"Longitude":139.5355272},"Nid":1625003132,"Wid":149532165}
{"Coordinate":{"Latitude":35.7246692,"Longitude":139.53488},"Nid":1625003150,"Wid":149532165}
{"Coordinate":{"Latitude":35.7235889,"Longitude":139.5604842},"Nid":1631132017,"Wid":150181380}
{"Coordinate":{"Latitude":35.7231076,"Longitude":139.5606111},"Nid":1631131854,"Wid":150181380}
{"Coordinate":{"Latitude":35.7181511,"Longitude":139.5354244},"Nid":1722664823,"Wid":160202979}
{"Coordinate":{"Latitude":35.7112468,"Longitude":139.5394752},"Nid":1611667072,"Wid":260723545}
{"Coordinate":{"Latitude":35.7361375,"Longitude":139.5805639},"Nid":1311926583,"Wid":638630338}
{"Coordinate":{"Latitude":35.7047302,"Longitude":139.5445722},"Nid":1612886595,"Wid":148185156}
{"Coordinate":{"Latitude":35.7164673,"Longitude":139.5529073},"Nid":1608796629,"Wid":147676548}
{"Coordinate":{"Latitude":35.7172772,"Longitude":139.57498},"Nid":410119164,"Wid":34997186}
{"Coordinate":{"Latitude":35.7184984,"Longitude":139.5756502},"Nid":410471307,"Wid":34997186}
{"Coordinate":{"Latitude":35.7111322,"Longitude":139.5511845},"Nid":1611617953,"Wid":148052357}
{"Coordinate":{"Latitude":35.711103,"Longitude":139.5506976},"Nid":732097087,"Wid":148052357}
{"Coordinate":{"Latitude":35.7424091,"Longitude":139.5599696},"Nid":-2070819771,"Wid":216689304}
{"Coordinate":{"Latitude":35.7132902,"Longitude":139.5446003},"Nid":1609989099,"Wid":147853291}
