{"Coordinate":{"Latitude":35.7237954,"Longitude":139.5454338},"Nid":-1426855047,"Wid":282863998}
{"Coordinate":{"Latitude":35.735716,"Longitude":139.5725487},"Nid":1311923453,"Wid":116359125}
{"Coordinate":{"Latitude":35.736686,"Longitude":139.5727285},"Nid":1311922635,"Wid":116359125}
{"Coordinate":{"Latitude":35.7228266,"Longitude":139.55965},"Nid":1551847344,"Wid":141775078}
{"Coordinate":{"Latitude":35.7280031,"Longitude":139.57807},"Nid":1223788667,"Wid":116357725}
{"Coordinate":{"Latitude":35.7415724,"Longitude":139.5602772},"Nid":1553835776,"Wid":141952387}
{"Coordinate":{"Latitude":35.7414964,"Longitude":139.561368},"Nid":1553835767,"Wid":141952387}
{"Coordinate":{"Latitude":35.7290541,"Longitude":139.5671453},"Nid":-1643647249,"Wid":637951786}
{"Coordinate":{"Latitude":35.7159385,"Longitude":139.5554993},"Nid":-1807019977,"Wid":241100767}
{"Coordinate":{"Latitude":35.7049224,"Longitude":139.5409482},"Nid":1767378091,"Wid":165176055}
{"Coordinate":{"Latitude":35.7439287,"Longitude":139.5527479},"Nid":734176410,"Wid":239956120}
{"Coordinate":{"Latitude":35.7125671,"Longitude":139.5592677},"Nid":1586680684,"Wid":148952018}
{"Coordinate":{"Latitude":35.71731,"Longitude":139.5304448},"Nid":674766718,"Wid":141764993}
{"Coordinate":{"Latitude":35.722536,"Longitude":139.553869},"Nid":1551847299,"Wid":141775155}
{"Coordinate":{"Latitude":35.7226824,"Longitude":139.5524783},"Nid":1551847320,"Wid":141775155}
{"Coordinate":{"Latitude":35.7127708,"Longitude":139.5671383},"Nid":1717644080,"Wid":159646853}
{"Coordinate":{"Latitude":35.7123393,"Longitude":139.5782953},"Nid":419796698,"Wid":145236958}
{"Coordinate":{"Latitude":35.7075931,"Longitude":139.5313805},"Nid":1586623233,"Wid":155149849}
{"Coordinate":{"Latitude":35.7108281,"Longitude":139.5525313},"Nid":1586654890,"Wid":59062079}
