{"Coordinate":{"Latitude":35.7265016,"Longitude":139.5411708},"Nid":734896469,"Wid":141964043}
{"Coordinate":{"Latitude":35.7201106,"Longitude":139.5513297},"Nid":1586339417,"Wid":145201228}
{"Coordinate":{"Latitude":35.7241352,"Longitude":139.521955},"Nid":699581022,"Wid":55796515}
{"Coordinate":{"Latitude":35.7333631,"Longitude":139.574026},"Nid":1311928213,"Wid":116358180}
{"Coordinate":{"Latitude":35.7383826,"Longitude":139.5658597},"Nid":1553862079,"Wid":116357604}
{"Coordinate":{"Latitude":35.7379485,"Longitude":139.5683883},"Nid":1311923888,"Wid":116357604}
{"Coordinate":{"Latitude":35.7379485,"Longitude":139.5683883},"Nid":1311923888,"Wid":116357604}
{"Coordinate":{"Latitude":35.7375074,"Longitude":139.5694901},"Nid":1311921468,"Wid":116357604}
{"Coordinate":{"Latitude":35.7106448,"Longitude":139.5555089},"Nid":1586634175,"Wid":742069273}
{"Coordinate":{"Latitude":35.7118835,"Longitude":139.536682},"Nid":-1632096691,"Wid":141782665}
{"Coordinate":{"Latitude":35.7178674,"Longitude":139.5389194},"Nid":1618654706,"Wid":148789906}
{"Coordinate":{"Latitude":35.7072628,"Longitude":139.533169},"Nid":735017613,"Wid":145230574}
{"Coordinate":{"Latitude":35.7241763,"Longitude":139.5397923},"Nid":1629231330,"Wid":149986325}
{"Coordinate":{"Latitude":35.731934,"Longitude":139.5447825},"Nid":-1769707873,"Wid":245303726}
{"Coordinate":{"Latitude":35.732856,"Longitude":139.544822},"Nid":-1769707860,"Wid":245303726}
{"Coordinate":{"Latitude":35.7193032,"Longitude":139.5694237},"Nid":1586680889,"Wid":584877924}
{"Coordinate":{"Latitude":35.7290404,"Longitude":139.5652437},"Nid":425344323,"Wid":141781147}
{"Coordinate":{"Latitude":35.7171569,"Longitude":139.5523554},"Nid":1610042015,"Wid":147676533}
{"Coordinate":{"Latitude":35.7111941,"Longitude":139.5548659},"Nid":1586634179,"Wid":147930896}
{"Coordinate":{"Latitude":35.736686,"Longitude":139.5727285},"Nid":1311922635,"Wid":116357890}
{"Coordinate":{"Latitude":35.7366008,"Longitude":139.5731786},"Nid":-1426343325,"Wid":116357890}
{"Coordinate":{"Latitude":35.7364593,"Longitude":139.5743436},"Nid":1311922751,"Wid":116357890}
{"Coordinate":{"Latitude":35.7439168,"Longitude":139.5705632},"Nid":1311923130,"Wid":116358400}
{"Coordinate":{"Latitude":35.7359091,"Longitude":139.5482178},"Nid":1551896365,"Wid":141780860}
{"Coordinate":{"Latitude":35.7350489,"Longitude":139.548356},"Nid":1551895946,"Wid":141780860}
{"Coordinate":{"Latitude":35.7057504,"Longitude":139.5677212},"Nid":369672468,"Wid":742090614}
{"Coordinate":{"Latitude":35.7349354,"Longitude":139.5339821},"Nid":1553901384,"Wid":141964217}
{"Coordinate":{"Latitude":35.7340152,"Longitude":139.53379},"Nid":1553901353,"Wid":141964217}
{"Coordinate":{"Latitude":35.7115978,"Longitude":139.5413148},"Nid":1611667079,"Wid":148057640}
{"Coordinate":{"Latitude":35.7195381,"Longitude":139.539195},"Nid":1551736221,"Wid":141759576}
{"Coordinate":{"Latitude":35.7194848,"Longitude":139.5374831},"Nid":1551803061,"Wid":141759576}
