{"Coordinate":{"Latitude":35.7283332,"Longitude":139.5452912},"Nid":1621376770,"Wid":149116083}
{"Coordinate":{"Latitude":35.7268993,"Longitude":139.5720624},"Nid":1311925845,"Wid":116358303}
{"Coordinate":{"Latitude":35.7268867,"Longitude":139.5712005},"Nid":1723765500,"Wid":116358303}
{"Coordinate":{"Latitude":35.7171594,"Longitude":139.5389991},"Nid":1618654607,"Wid":148789921}
{"Coordinate":{"Latitude":35.7388969,"Longitude":139.5566872},"Nid":1553862255,"Wid":141955820}
{"Coordinate":{"Latitude":35.7109191,"Longitude":139.5422955},"Nid":1610041703,"Wid":147857354}
{"Coordinate":{"Latitude":35.7131048,"Longitude":139.53683},"Nid":734949237,"Wid":141782613}
{"Coordinate":{"Latitude":35.7414957,"Longitude":139.5500107},"Nid":1080571019,"Wid":93214147}
{"Coordinate":{"Latitude":35.7284951,"Longitude":139.5451485},"Nid":1621376775,"Wid":149116050}
{"Coordinate":{"Latitude":35.7166732,"Longitude":139.5235401},"Nid":671899449,"Wid":378131559}
{"Coordinate":{"Latitude":35.7169136,"Longitude":139.5416589},"Nid":1623748081,"Wid":149387540}
{"Coordinate":{"Latitude":35.7310971,"Longitude":139.5566098},"Nid":1551894121,"Wid":141780889}
{"Coordinate":{"Latitude":35.7123657,"Longitude":139.5813987},"Nid":429229901,"Wid":479291292}
{"Coordinate":{"Latitude":35.7113588,"Longitude":139.5572346},"Nid":1586654915,"Wid":145237112}
{"Coordinate":{"Latitude":35.7057235,"Longitude":139.540859},"Nid":1767386216,"Wid":165176358}
{"Coordinate":{"Latitude":35.7058254,"Longitude":139.5410101},"Nid":1767386230,"Wid":165176358}
{"Coordinate":{"Latitude":35.7198921,"Longitude":139.5554362},"Nid":1615381330,"Wid":148431865}
{"Coordinate":{"Latitude":35.7321028,"Longitude":139.5789091},"Nid":1223788878,"Wid":106337514}
{"Coordinate":{"Latitude":35.7323315,"Longitude":139.5804043},"Nid":1223788787,"Wid":106337514}
{"Coordinate":{"Latitude":35.7101181,"Longitude":139.5271603},"Nid":-626922217,"Wid":362511594}
{"Coordinate":{"Latitude":35.7082826,"Longitude":139.580437},"Nid":1165431838,"Wid":100848363}
