{"Coordinate":{"Latitude":35.712536,"Longitude":139.5452106},"Nid":732097079,"Wid":59062083}
{"Coordinate":{"Latitude":35.7353338,"Longitude":139.562283},"Nid":1551896078,"Wid":141781133}
{"Coordinate":{"Latitude":35.7354394,"Longitude":139.5638818},"Nid":1551896178,"Wid":141781133}
{"Coordinate":{"Latitude":35.7245673,"Longitude":139.5799142},"Nid":1165206541,"Wid":116368028}
{"Coordinate":{"Latitude":35.7242484,"Longitude":139.5730652},"Nid":1311925760,"Wid":116368028}
{"Coordinate":{"Latitude":35.7411872,"Longitude":139.5805779},"Nid":1311924691,"Wid":116358498}
{"Coordinate":{"Latitude":35.7335637,"Longitude":139.5383506},"Nid":-1423391266,"Wid":420050837}
{"Coordinate":{"Latitude":35.7190516,"Longitude":139.5445505},"Nid":1551736124,"Wid":147778583}
{"Coordinate":{"Latitude":35.7384124,"Longitude":139.5696032},"Nid":-1426343157,"Wid":282926122}
{"Coordinate":{"Latitude":35.7400293,"Longitude":139.5485484},"Nid":734176360,"Wid":141952357}
{"Coordinate":{"Latitude":35.7394849,"Longitude":139.5477284},"Nid":734176316,"Wid":141952357}
{"Coordinate":{"Latitude":35.7394849,"Longitude":139.5477284},"Nid":734176316,"Wid":141952357}
{"Coordinate":{"Latitude":35.7044375,"Longitude":139.5584269},"Nid":1126002190,"Wid":161644153}
{"Coordinate":{"Latitude":35.7039945,"Longitude":139.5596293},"Nid":1112907145,"Wid":161644153}
{"Coordinate":{"Latitude":35.7287695,"Longitude":139.5624772},"Nid":1551848293,"Wid":538954461}
{"Coordinate":{"Latitude":35.7394446,"Longitude":139.5751332},"Nid":1110063203,"Wid":116359175}
{"Coordinate":{"Latitude":35.7241744,"Longitude":139.5468531},"Nid":1658857801,"Wid":153168540}
{"Coordinate":{"Latitude":35.7146984,"Longitude":139.5439447},"Nid":1614273972,"Wid":160332079}
{"Coordinate":{"Latitude":35.7147572,"Longitude":139.5446907},"Nid":1723800086,"Wid":160332079}
{"Coordinate":{"Latitude":35.7190946,"Longitude":139.539247},"Nid":1551736127,"Wid":149528777}
{"Coordinate":{"Latitude":35.7258071,"Longitude":139.5461603},"Nid":1551847896,"Wid":141774931}
{"Coordinate":{"Latitude":35.730457,"Longitude":139.541243},"Nid":1551893942,"Wid":141780851}
{"Coordinate":{"Latitude":35.7059348,"Longitude":139.5479841},"Nid":1611666873,"Wid":148057757}
{"Coordinate":{"Latitude":35.7423972,"Longitude":139.5524337},"Nid":-1256028183,"Wid":784983603}
{"Coordinate":{"Latitude":35.7277055,"Longitude":139.5296808},"Nid":734885840,"Wid":59264223}
