{"Coordinate":{"Latitude":35.7340176,"Longitude":139.5694793},"Nid":646911924,"Wid":141780855}
{"Coordinate":{"Latitude":35.7380378,"Longitude":139.565857},"Nid":425344269,"Wid":141780855}
{"Coordinate":{"Latitude":35.7202538,"Longitude":139.5435463},"Nid":1551736457,"Wid":141759401}
{"Coordinate":{"Latitude":35.730519,"Longitude":139.5454175},"Nid":1551893973,"Wid":149116069}
{"Coordinate":{"Latitude":35.730596,"Longitude":139.5445164},"Nid":1621376848,"Wid":149116069}
{"Coordinate":{"Latitude":35.7251613,"Longitude":139.5491784},"Nid":1551847808,"Wid":153168544}
{"Coordinate":{"Latitude":35.7056014,"Longitude":139.5521916},"Nid":1600790270,"Wid":146847623}
{"Coordinate":{"Latitude":35.7344041,"Longitude":139.5484606},"Nid":1007093479,"Wid":141780991}
{"Coordinate":{"Latitude":35.7338398,"Longitude":139.5481873},"Nid":1551895213,"Wid":141780991}
{"Coordinate":{"Latitude":35.7423188,"Longitude":139.5625175},"Nid":1199532646,"Wid":103925236}
{"Coordinate":{"Latitude":35.7394678,"Longitude":139.5743772},"Nid":1311923559,"Wid":565795821}
{"Coordinate":{"Latitude":35.7426388,"Longitude":139.554383},"Nid":1553836052,"Wid":141952536}
{"Coordinate":{"Latitude":35.7427883,"Longitude":139.5556548},"Nid":-1817686350,"Wid":141952536}
{"Coordinate":{"Latitude":35.7065306,"Longitude":139.5783827},"Nid":1381247868,"Wid":77626990}
{"Coordinate":{"Latitude":35.7086111,"Longitude":139.562433},"Nid":-1780046057,"Wid":244142411}
{"Coordinate":{"Latitude":35.7039945,"Longitude":139.5596293},"Nid":1112907145,"Wid":146455058}
{"Coordinate":{"Latitude":35.7245237,"Longitude":139.5438275},"Nid":1551803975,"Wid":141765149}
{"Coordinate":{"Latitude":35.7242913,"Longitude":139.5433058},"Nid":-1500457109,"Wid":141765149}
{"Coordinate":{"Latitude":35.7193519,"Longitude":139.5340882},"Nid":1626529053,"Wid":149705042}
{"Coordinate":{"Latitude":35.7297474,"Longitude":139.5515332},"Nid":1551893654,"Wid":141781031}
{"Coordinate":{"Latitude":35.732285,"Longitude":139.5287037},"Nid":-1643697966,"Wid":259686200}
{"Coordinate":{"Latitude":35.7404735,"Longitude":139.5782541},"Nid":1145265096,"Wid":565829823}
{"Coordinate":{"Latitude":35.7054485,"Longitude":139.5413227},"Nid":1767386174,"Wid":165176362}
{"Coordinate":{"Latitude":35.713019,"Longitude":139.5670672},"Nid":1717644085,"Wid":159646848}
{"Coordinate":{"Latitude":35.7230996,"Longitude":139.5539267},"Nid":1551847323,"Wid":150181335}
{"Coordinate":{"Latitude":35.7398569,"Longitude":139.5596407},"Nid":-1817685604,"Wid":284233342}
{"Coordinate":{"Latitude":35.7084867,"Longitude":139.5442206},"Nid":1612886743,"Wid":148183083}
{"Coordinate":{"Latitude":35.7127335,"Longitude":139.5352544},"Nid":734949225,"Wid":141782626}
{"Coordinate":{"Latitude":35.7286219,"Longitude":139.5446645},"Nid":1551893345,"Wid":149116057}
{"Coordinate":{"Latitude":35.7272531,"Longitude":139.5297179},"Nid":734885808,"Wid":174398403}
{"Coordinate":{"Latitude":35.7060277,"Longitude":139.5486099},"Nid":1611666879,"Wid":148057727}
{"Coordinate":{"Latitude":35.7162468,"Longitude":139.5388198},"Nid":1618654417,"Wid":148789933}
