{"Coordinate":{"Latitude":35.7418043,"Longitude":139.5666065},"Nid":1553835834,"Wid":141952477}
{"Coordinate":{"Latitude":35.7102361,"Longitude":139.5595522},"Nid":1586680501,"Wid":221066613}
{"Coordinate":{"Latitude":35.716661,"Longitude":139.5493054},"Nid":678573895,"Wid":141759603}
{"Coordinate":{"Latitude":35.7226358,"Longitude":139.5408044},"Nid":1651415453,"Wid":152314394}
{"Coordinate":{"Latitude":35.7143455,"Longitude":139.5349936},"Nid":1551929217,"Wid":141782669}
{"Coordinate":{"Latitude":35.7150488,"Longitude":139.5354651},"Nid":734949292,"Wid":141782669}
{"Coordinate":{"Latitude":35.7256256,"Longitude":139.5783589},"Nid":-1842596171,"Wid":100661334}
{"Coordinate":{"Latitude":35.7096709,"Longitude":139.5399127},"Nid":705149793,"Wid":145230297}
{"Coordinate":{"Latitude":35.7162768,"Longitude":139.5430301},"Nid":1551735808,"Wid":148319871}
{"Coordinate":{"Latitude":35.7169136,"Longitude":139.5416589},"Nid":1623748081,"Wid":149387585}
{"Coordinate":{"Latitude":35.7448592,"Longitude":139.5767343},"Nid":1223317346,"Wid":106289682}
{"Coordinate":{"Latitude":35.7260178,"Longitude":139.5355574},"Nid":734896330,"Wid":141964016}
{"Coordinate":{"Latitude":35.7260351,"Longitude":139.5371756},"Nid":734896340,"Wid":141964016}
{"Coordinate":{"Latitude":35.7213487,"Longitude":139.556764},"Nid":679185615,"Wid":141775040}
{"Coordinate":{"Latitude":35.7151976,"Longitude":139.5706947},"Nid":410119183,"Wid":145236054}
{"Coordinate":{"Latitude":35.7234294,"Longitude":139.5424429},"Nid":-1780039586,"Wid":244143266}
{"Coordinate":{"Latitude":35.7310976,"Longitude":139.5639464},"Nid":1551894120,"Wid":141780978}
{"Coordinate":{"Latitude":35.730657,"Longitude":139.5649982},"Nid":1551894021,"Wid":141780978}
{"Coordinate":{"Latitude":35.7134752,"Longitude":139.5322954},"Nid":1732812038,"Wid":161290974}
