{"Coordinate":{"Latitude":35.7039805,"Longitude":139.5761448},"Nid":1119871937,"Wid":203726563}
{"Coordinate":{"Latitude":35.7258428,"Longitude":139.5477326},"Nid":-1500466141,"Wid":274782196}
{"Coordinate":{"Latitude":35.7317048,"Longitude":139.54879},"Nid":1551894244,"Wid":141781164}
{"Coordinate":{"Latitude":35.7325891,"Longitude":139.5488887},"Nid":1551894714,"Wid":141781164}
{"Coordinate":{"Latitude":35.7348135,"Longitude":139.5725099},"Nid":1311927710,"Wid":565842559}
{"Coordinate":{"Latitude":35.7414296,"Longitude":139.5351119},"Nid":1553902042,"Wid":141964282}
{"Coordinate":{"Latitude":35.7417057,"Longitude":139.5372744},"Nid":1553902071,"Wid":141964282}
{"Coordinate":{"Latitude":35.7202339,"Longitude":139.5357516},"Nid":1626529083,"Wid":149705067}
{"Coordinate":{"Latitude":35.7067171,"Longitude":139.5232773},"Nid":-2131083940,"Wid":206381426}
{"Coordinate":{"Latitude":35.7071427,"Longitude":139.5222249},"Nid":-2131083928,"Wid":206381426}
{"Coordinate":{"Latitude":35.7369147,"Longitude":139.5310444},"Nid":682898318,"Wid":59914792}
{"Coordinate":{"Latitude":35.7097367,"Longitude":139.5439907},"Nid":1611617750,"Wid":148052362}
{"Coordinate":{"Latitude":35.7098652,"Longitude":139.5440784},"Nid":1611617775,"Wid":148052362}
{"Coordinate":{"Latitude":35.7124178,"Longitude":139.5596022},"Nid":1632361146,"Wid":145237164}
{"Coordinate":{"Latitude":35.7121452,"Longitude":139.560214},"Nid":1586680660,"Wid":145237164}
{"Coordinate":{"Latitude":35.7115556,"Longitude":139.5617382},"Nid":732097110,"Wid":145237164}
{"Coordinate":{"Latitude":35.7115556,"Longitude":139.5617382},"Nid":732097110,"Wid":145237164}
{"Coordinate":{"Latitude":35.7087585,"Longitude":139.5302002},"Nid":1611613530,"Wid":176431823}
{"Coordinate":{"Latitude":35.705511,"Longitude":139.5446369},"Nid":1586623152,"Wid":145230565}
{"Coordinate":{"Latitude":35.7071231,"Longitude":139.5450196},"Nid":1611666943,"Wid":148057707}
{"Coordinate":{"Latitude":35.7057611,"Longitude":139.5564932},"Nid":683867670,"Wid":54233706}
{"Coordinate":{"Latitude":35.7254645,"Longitude":139.5447068},"Nid":1551847831,"Wid":141774972}
{"Coordinate":{"Latitude":35.7248131,"Longitude":139.5449848},"Nid":1551847692,"Wid":141774972}
{"Coordinate":{"Latitude":35.7303586,"Longitude":139.5658002},"Nid":1551893907,"Wid":141781025}
{"Coordinate":{"Latitude":35.7317107,"Longitude":139.5662504},"Nid":1551894258,"Wid":141781025}
