{"Coordinate":{"Latitude":35.7417057,"Longitude":139.5372744},"Nid":1553902071,"Wid":141964056}
{"Coordinate":{"Latitude":35.7133592,"Longitude":139.542521},"Nid":732097077,"Wid":141759386}
{"Coordinate":{"Latitude":35.7133592,"Longitude":139.542521},"Nid":732097077,"Wid":141759386}
{"Coordinate":{"Latitude":35.704047,"Longitude":139.5633817},"Nid":683867674,"Wid":486953120}
{"Coordinate":{"Latitude":35.7381922,"Longitude":139.561345},"Nid":1553862010,"Wid":141955698}
{"Coordinate":{"Latitude":35.7331783,"Longitude":139.5304404},"Nid":1553901329,"Wid":141964118}
{"Coordinate":{"Latitude":35.7320367,"Longitude":139.529528},"Nid":1553901267,"Wid":141964118}
{"Coordinate":{"Latitude":35.713782,"Longitude":139.5273165},"Nid":688501141,"Wid":614134016}
{"Coordinate":{"Latitude":35.7137352,"Longitude":139.5275103},"Nid":1514621771,"Wid":614134016}
{"Coordinate":{"Latitude":35.7268275,"Longitude":139.5414728},"Nid":1629902273,"Wid":150057366}
{"Coordinate":{"Latitude":35.7271542,"Longitude":139.5417619},"Nid":1629902330,"Wid":150057366}
{"Coordinate":{"Latitude":35.7074704,"Longitude":139.5695639},"Nid":372386478,"Wid":145238508}
{"Coordinate":{"Latitude":35.7186115,"Longitude":139.5367732},"Nid":1618654731,"Wid":148789916}
{"Coordinate":{"Latitude":35.7358911,"Longitude":139.5291417},"Nid":1553901419,"Wid":141963899}
{"Coordinate":{"Latitude":35.7377216,"Longitude":139.5264912},"Nid":682898316,"Wid":141963899}
{"Coordinate":{"Latitude":35.7232722,"Longitude":139.5456591},"Nid":1551847426,"Wid":141775063}
{"Coordinate":{"Latitude":35.7196075,"Longitude":139.5475357},"Nid":1551736243,"Wid":141759405}
{"Coordinate":{"Latitude":35.7206052,"Longitude":139.5472681},"Nid":1609649419,"Wid":141759405}
{"Coordinate":{"Latitude":35.7239997,"Longitude":139.5355272},"Nid":1625003132,"Wid":149532159}
{"Coordinate":{"Latitude":35.7371457,"Longitude":139.5744016},"Nid":1311920859,"Wid":116359056}
{"Coordinate":{"Latitude":35.7364593,"Longitude":139.5743436},"Nid":1311922751,"Wid":116359056}
{"Coordinate":{"Latitude":35.7189057,"Longitude":139.5425632},"Nid":1551736090,"Wid":141759504}
{"Coordinate":{"Latitude":35.7201716,"Longitude":139.5424765},"Nid":1551736421,"Wid":141759504}
{"Coordinate":{"Latitude":35.7336147,"Longitude":139.562634},"Nid":1551895303,"Wid":141781244}
{"Coordinate":{"Latitude":35.7324692,"Longitude":139.5634491},"Nid":1551894686,"Wid":141781244}
{"Coordinate":{"Latitude":35.7041353,"Longitude":139.5757408},"Nid":1119871938,"Wid":33036475}
{"Coordinate":{"Latitude":35.7109627,"Longitude":139.5572369},"Nid":1632361071,"Wid":150303327}
