{"Coordinate":{"Latitude":35.7398453,"Longitude":139.5670609},"Nid":1553835514,"Wid":141952498}
{"Coordinate":{"Latitude":35.7061687,"Longitude":139.5662993},"Nid":369672516,"Wid":742090624}
{"Coordinate":{"Latitude":35.7272168,"Longitude":139.5436735},"Nid":1629902357,"Wid":344286689}
{"Coordinate":{"Latitude":35.7272168,"Longitude":139.5436735},"Nid":1629902357,"Wid":344286689}
{"Coordinate":{"Latitude":35.7267823,"Longitude":139.5437177},"Nid":1629902271,"Wid":344286689}
{"Coordinate":{"Latitude":35.7245237,"Longitude":139.5438275},"Nid":1551803975,"Wid":344286689}
{"Coordinate":{"Latitude":35.7245237,"Longitude":139.5438275},"Nid":1551803975,"Wid":344286689}
{"Coordinate":{"Latitude":35.7233205,"Longitude":139.5434778},"Nid":1551803672,"Wid":344286689}
{"Coordinate":{"Latitude":35.7233205,"Longitude":139.5434778},"Nid":1551803672,"Wid":344286689}
{"Coordinate":{"Latitude":35.722256,"Longitude":139.5431399},"Nid":287446110,"Wid":344286689}
{"Coordinate":{"Latitude":35.7278612,"Longitude":139.5436236},"Nid":1551893337,"Wid":149116040}
{"Coordinate":{"Latitude":35.7278612,"Longitude":139.5436236},"Nid":1551893337,"Wid":149116040}
{"Coordinate":{"Latitude":35.7248128,"Longitude":139.5351137},"Nid":734896325,"Wid":398634339}
{"Coordinate":{"Latitude":35.7241409,"Longitude":139.5357706},"Nid":1551803937,"Wid":398634339}
{"Coordinate":{"Latitude":35.7241409,"Longitude":139.5357706},"Nid":1551803937,"Wid":398634339}
{"Coordinate":{"Latitude":35.7237381,"Longitude":139.5365269},"Nid":1551803786,"Wid":398634339}
{"Coordinate":{"Latitude":35.7338398,"Longitude":139.5481873},"Nid":1551895213,"Wid":141780840}
{"Coordinate":{"Latitude":35.7320571,"Longitude":139.5452707},"Nid":1551894450,"Wid":141780840}
{"Coordinate":{"Latitude":35.7150488,"Longitude":139.5354651},"Nid":734949292,"Wid":141782638}
{"Coordinate":{"Latitude":35.7193785,"Longitude":139.5560018},"Nid":1615381265,"Wid":148431902}
{"Coordinate":{"Latitude":35.7197079,"Longitude":139.5555525},"Nid":1615381297,"Wid":148431902}
{"Coordinate":{"Latitude":35.7354874,"Longitude":139.565835},"Nid":623351364,"Wid":141780995}
{"Coordinate":{"Latitude":35.7119042,"Longitude":139.5607902},"Nid":1632361112,"Wid":150303328}
{"Coordinate":{"Latitude":35.7212654,"Longitude":139.5384409},"Nid":-2014117167,"Wid":218877500}
{"Coordinate":{"Latitude":35.724435,"Longitude":139.551788},"Nid":1551847637,"Wid":141774935}
{"Coordinate":{"Latitude":35.7086263,"Longitude":139.5312793},"Nid":1611613480,"Wid":148052383}
{"Coordinate":{"Latitude":35.7176027,"Longitude":139.5382497},"Nid":1618654684,"Wid":148789926}
{"Coordinate":{"Latitude":35.7174425,"Longitude":139.5374697},"Nid":1618654681,"Wid":148789926}
{"Coordinate":{"Latitude":35.7244626,"Longitude":139.5594133},"Nid":1621520974,"Wid":149127446}
