{"Coordinate":{"Latitude":35.7128461,"Longitude":139.5357161},"Nid":1551929175,"Wid":152183197}
{"Coordinate":{"Latitude":35.7137151,"Longitude":139.5361671},"Nid":734949245,"Wid":152183197}
{"Coordinate":{"Latitude":35.7324006,"Longitude":139.5405693},"Nid":287444636,"Wid":141964145}
{"Coordinate":{"Latitude":35.7186935,"Longitude":139.5352619},"Nid":1551802952,"Wid":148789556}
{"Coordinate":{"Latitude":35.7187626,"Longitude":139.5347652},"Nid":687489217,"Wid":148789556}
{"Coordinate":{"Latitude":35.7199233,"Longitude":139.581407},"Nid":1724994219,"Wid":672434101}
{"Coordinate":{"Latitude":35.7176199,"Longitude":139.5699123},"Nid":778224351,"Wid":145236055}
{"Coordinate":{"Latitude":35.730655,"Longitude":139.5402154},"Nid":1551894027,"Wid":141963786}
{"Coordinate":{"Latitude":35.7424537,"Longitude":139.5302374},"Nid":1553902122,"Wid":141964227}
{"Coordinate":{"Latitude":35.7416432,"Longitude":139.5314299},"Nid":682898334,"Wid":141964227}
{"Coordinate":{"Latitude":35.721571,"Longitude":139.5654628},"Nid":2110528778,"Wid":201097754}
{"Coordinate":{"Latitude":35.721626,"Longitude":139.5650602},"Nid":1551893300,"Wid":201097754}
{"Coordinate":{"Latitude":35.7130439,"Longitude":139.5343528},"Nid":734949213,"Wid":59272275}
{"Coordinate":{"Latitude":35.7130085,"Longitude":139.5687787},"Nid":1976490433,"Wid":186901885}
{"Coordinate":{"Latitude":35.7154021,"Longitude":139.5593111},"Nid":1620122389,"Wid":148951996}
{"Coordinate":{"Latitude":35.7419307,"Longitude":139.5764841},"Nid":1311924870,"Wid":565829809}
{"Coordinate":{"Latitude":35.7141429,"Longitude":139.556765},"Nid":1620122239,"Wid":779233664}
{"Coordinate":{"Latitude":35.7265714,"Longitude":139.5676578},"Nid":-1643647196,"Wid":259688698}
{"Coordinate":{"Latitude":35.7300437,"Longitude":139.5591887},"Nid":1551893728,"Wid":141781003}
{"Coordinate":{"Latitude":35.7229132,"Longitude":139.5605656},"Nid":1551847375,"Wid":141775160}
{"Coordinate":{"Latitude":35.7295183,"Longitude":139.5232191},"Nid":733936916,"Wid":141764931}
{"Coordinate":{"Latitude":35.7201448,"Longitude":139.5417616},"Nid":1623748573,"Wid":149387524}
{"Coordinate":{"Latitude":35.7081129,"Longitude":139.5567346},"Nid":1679012149,"Wid":170583433}
{"Coordinate":{"Latitude":35.7320044,"Longitude":139.5368703},"Nid":1553901257,"Wid":141964234}
{"Coordinate":{"Latitude":35.734951,"Longitude":139.5451295},"Nid":-1769707851,"Wid":245303728}
{"Coordinate":{"Latitude":35.7351961,"Longitude":139.5452358},"Nid":-1769707849,"Wid":245303728}
{"Coordinate":{"Latitude":35.721065,"Longitude":139.5416815},"Nid":-1780039681,"Wid":141759592}
{"Coordinate":{"Latitude":35.721032,"Longitude":139.5419177},"Nid":1551736707,"Wid":141759592}
