{"Coordinate":{"Latitude":35.7211906,"Longitude":139.531365},"Nid":1551803306,"Wid":152464565}
{"Coordinate":{"Latitude":35.7050292,"Longitude":139.5568986},"Nid":683867683,"Wid":161644146}
{"Coordinate":{"Latitude":35.7186857,"Longitude":139.5539142},"Nid":1586655188,"Wid":145235456}
{"Coordinate":{"Latitude":35.7183703,"Longitude":139.532611},"Nid":1618620773,"Wid":148789378}
{"Coordinate":{"Latitude":35.708031,"Longitude":139.5572369},"Nid":1679012130,"Wid":170583428}
{"Coordinate":{"Latitude":35.7127445,"Longitude":139.5379869},"Nid":1551929149,"Wid":141782625}
{"Coordinate":{"Latitude":35.728653,"Longitude":139.5447249},"Nid":1551893353,"Wid":149116065}
{"Coordinate":{"Latitude":35.704428,"Longitude":139.554474},"Nid":831017991,"Wid":69350840}
{"Coordinate":{"Latitude":35.7298044,"Longitude":139.5655694},"Nid":-1427220084,"Wid":282840560}
{"Coordinate":{"Latitude":35.7287872,"Longitude":139.555259},"Nid":1551848294,"Wid":141775069}
{"Coordinate":{"Latitude":35.728407,"Longitude":139.556115},"Nid":1551848260,"Wid":141775069}
{"Coordinate":{"Latitude":35.7175152,"Longitude":139.5432565},"Nid":1608830715,"Wid":141759466}
{"Coordinate":{"Latitude":35.7127826,"Longitude":139.5385873},"Nid":734949314,"Wid":141782661}
{"Coordinate":{"Latitude":35.7284293,"Longitude":139.5396872},"Nid":734896493,"Wid":141963803}
{"Coordinate":{"Latitude":35.7290581,"Longitude":139.539839},"Nid":734896494,"Wid":141963803}
{"Coordinate":{"Latitude":35.7426377,"Longitude":139.5240508},"Nid":1339795093,"Wid":119178445}
{"Coordinate":{"Latitude":35.7419081,"Longitude":139.5790798},"Nid":-1426097652,"Wid":282952696}
{"Coordinate":{"Latitude":35.737431,"Longitude":139.526067},"Nid":1553901531,"Wid":54144453}
{"Coordinate":{"Latitude":35.7056389,"Longitude":139.5413425},"Nid":1767386203,"Wid":165176300}
