{"Coordinate":{"Latitude":35.738942,"Longitude":139.5570713},"Nid":1129805160,"Wid":562908928}
{"Coordinate":{"Latitude":35.7123055,"Longitude":139.5408222},"Nid":732097071,"Wid":145235543}
{"Coordinate":{"Latitude":35.7120551,"Longitude":139.5418551},"Nid":732097067,"Wid":145235543}
{"Coordinate":{"Latitude":35.7238729,"Longitude":139.5443479},"Nid":1551803846,"Wid":141765118}
{"Coordinate":{"Latitude":35.724133,"Longitude":139.5452344},"Nid":1551803891,"Wid":141765118}
{"Coordinate":{"Latitude":35.7144708,"Longitude":139.5799522},"Nid":1165431911,"Wid":145237162}
{"Coordinate":{"Latitude":35.7142575,"Longitude":139.580509},"Nid":425344230,"Wid":145237162}
{"Coordinate":{"Latitude":35.7142575,"Longitude":139.580509},"Nid":425344230,"Wid":145237162}
{"Coordinate":{"Latitude":35.7140835,"Longitude":139.5809824},"Nid":410119160,"Wid":145237162}
{"Coordinate":{"Latitude":35.7379453,"Longitude":139.5652842},"Nid":1553861882,"Wid":141955765}
{"Coordinate":{"Latitude":35.7383823,"Longitude":139.5654132},"Nid":684245115,"Wid":141955765}
{"Coordinate":{"Latitude":35.7284623,"Longitude":139.54269},"Nid":1629902549,"Wid":150057376}
{"Coordinate":{"Latitude":35.7277331,"Longitude":139.5425161},"Nid":1629902483,"Wid":150057376}
{"Coordinate":{"Latitude":35.7446365,"Longitude":139.5471557},"Nid":1022912738,"Wid":87999847}
{"Coordinate":{"Latitude":35.7409425,"Longitude":139.5767981},"Nid":-1789503205,"Wid":564730801}
{"Coordinate":{"Latitude":35.7112771,"Longitude":139.557446},"Nid":1632361083,"Wid":150303322}
{"Coordinate":{"Latitude":35.7181849,"Longitude":139.5535636},"Nid":1615381207,"Wid":148431877}
{"Coordinate":{"Latitude":35.7289681,"Longitude":139.5603824},"Nid":1551848343,"Wid":141775130}
{"Coordinate":{"Latitude":35.7412856,"Longitude":139.5659481},"Nid":1199532662,"Wid":103925238}
{"Coordinate":{"Latitude":35.7428248,"Longitude":139.5649785},"Nid":1199532727,"Wid":103925238}
{"Coordinate":{"Latitude":35.7210755,"Longitude":139.5271474},"Nid":-1547907454,"Wid":269499096}
{"Coordinate":{"Latitude":35.7249914,"Longitude":139.5484295},"Nid":1658857843,"Wid":153168567}
{"Coordinate":{"Latitude":35.7252348,"Longitude":139.5485183},"Nid":1658857877,"Wid":153168567}
{"Coordinate":{"Latitude":35.7194729,"Longitude":139.5344751},"Nid":1618631273,"Wid":148789550}
{"Coordinate":{"Latitude":35.7160691,"Longitude":139.5632645},"Nid":459451936,"Wid":147100274}
{"Coordinate":{"Latitude":35.7165204,"Longitude":139.5636391},"Nid":459453893,"Wid":147100274}
{"Coordinate":{"Latitude":35.7225528,"Longitude":139.5336579},"Nid":1625003083,"Wid":149532156}
{"Coordinate":{"Latitude":35.7049626,"Longitude":139.5345691},"Nid":1677789221,"Wid":155373712}
