{"Coordinate":{"Latitude":35.7136025,"Longitude":139.5380596},"Nid":1551929182,"Wid":141782645}
{"Coordinate":{"Latitude":35.7272846,"Longitude":139.5586733},"Nid":1551848078,"Wid":141774864}
{"Coordinate":{"Latitude":35.732852,"Longitude":139.544414},"Nid":1551894793,"Wid":141781216}
{"Coordinate":{"Latitude":35.7394331,"Longitude":139.5340095},"Nid":682898341,"Wid":141963699}
{"Coordinate":{"Latitude":35.735988,"Longitude":139.5622221},"Nid":1551896381,"Wid":141780982}
{"Coordinate":{"Latitude":35.7189866,"Longitude":139.5546411},"Nid":778224308,"Wid":62287461}
{"Coordinate":{"Latitude":35.7126274,"Longitude":139.57752},"Nid":459451956,"Wid":145236967}
{"Coordinate":{"Latitude":35.7128216,"Longitude":139.5769605},"Nid":419796700,"Wid":145236967}
{"Coordinate":{"Latitude":35.7066446,"Longitude":139.5513216},"Nid":1586634034,"Wid":145233233}
{"Coordinate":{"Latitude":35.7067405,"Longitude":139.5510908},"Nid":701651858,"Wid":145233233}
{"Coordinate":{"Latitude":35.7400222,"Longitude":139.5734123},"Nid":1311923033,"Wid":116357717}
{"Coordinate":{"Latitude":35.7417175,"Longitude":139.5740379},"Nid":1311926402,"Wid":116357717}
{"Coordinate":{"Latitude":35.7131669,"Longitude":139.5252717},"Nid":701730462,"Wid":153964923}
{"Coordinate":{"Latitude":35.7295267,"Longitude":139.5684244},"Nid":1311920604,"Wid":116357894}
{"Coordinate":{"Latitude":35.7172806,"Longitude":139.5426286},"Nid":1551735866,"Wid":141759509}
{"Coordinate":{"Latitude":35.7169136,"Longitude":139.5416589},"Nid":1623748081,"Wid":141759509}
{"Coordinate":{"Latitude":35.7116906,"Longitude":139.5481707},"Nid":1586654931,"Wid":145235483}
{"Coordinate":{"Latitude":35.7098397,"Longitude":139.5418474},"Nid":700848690,"Wid":148057756}
{"Coordinate":{"Latitude":35.7095082,"Longitude":139.5418055},"Nid":1611667010,"Wid":148057756}
{"Coordinate":{"Latitude":35.7184044,"Longitude":139.5375266},"Nid":1551802919,"Wid":141782690}
{"Coordinate":{"Latitude":35.71831,"Longitude":139.5383598},"Nid":1551929236,"Wid":141782690}
{"Coordinate":{"Latitude":35.7162282,"Longitude":139.5421752},"Nid":1614274040,"Wid":148319848}
{"Coordinate":{"Latitude":35.7223859,"Longitude":139.5316387},"Nid":734949514,"Wid":269499092}
{"Coordinate":{"Latitude":35.7120551,"Longitude":139.5418551},"Nid":732097067,"Wid":145235512}
{"Coordinate":{"Latitude":35.7138132,"Longitude":139.5264834},"Nid":698091783,"Wid":614134057}
{"Coordinate":{"Latitude":35.7304442,"Longitude":139.5635828},"Nid":-1427220060,"Wid":282829855}
{"Coordinate":{"Latitude":35.7160704,"Longitude":139.5335513},"Nid":1618620496,"Wid":148789396}
{"Coordinate":{"Latitude":35.7058777,"Longitude":139.5593297},"Nid":1736733032,"Wid":161716675}
