{"Coordinate":{"Latitude":35.7278037,"Longitude":139.530824},"Nid":734885842,"Wid":174397967}
{"Coordinate":{"Latitude":35.7237291,"Longitude":139.5783944},"Nid":419796733,"Wid":694901931}
{"Coordinate":{"Latitude":35.7237655,"Longitude":139.5793067},"Nid":425344242,"Wid":694901931}
{"Coordinate":{"Latitude":35.7104514,"Longitude":139.5590979},"Nid":1586680519,"Wid":742069277}
{"Coordinate":{"Latitude":35.7104514,"Longitude":139.5590979},"Nid":1586680519,"Wid":742069277}
{"Coordinate":{"Latitude":35.7148659,"Longitude":139.5401727},"Nid":1614273977,"Wid":148319895}
{"Coordinate":{"Latitude":35.7151251,"Longitude":139.5394122},"Nid":1551802765,"Wid":148319895}
{"Coordinate":{"Latitude":35.7210164,"Longitude":139.5680148},"Nid":679185654,"Wid":278216191}
{"Coordinate":{"Latitude":35.7203641,"Longitude":139.5447184},"Nid":1609658105,"Wid":147778728}
{"Coordinate":{"Latitude":35.7105512,"Longitude":139.5383326},"Nid":1611667046,"Wid":148057784}
{"Coordinate":{"Latitude":35.7203671,"Longitude":139.5559581},"Nid":1615381362,"Wid":148431845}
{"Coordinate":{"Latitude":35.7211662,"Longitude":139.5460026},"Nid":1551736658,"Wid":147778562}
{"Coordinate":{"Latitude":35.7331993,"Longitude":139.575766},"Nid":-1426353900,"Wid":116358674}
{"Coordinate":{"Latitude":35.7342195,"Longitude":139.5753723},"Nid":1311921108,"Wid":116358674}
{"Coordinate":{"Latitude":35.7128636,"Longitude":139.5469166},"Nid":1610000010,"Wid":147855649}
{"Coordinate":{"Latitude":35.7093015,"Longitude":139.5793848},"Nid":393724357,"Wid":159646890}
{"Coordinate":{"Latitude":35.7061983,"Longitude":139.5500245},"Nid":1600790278,"Wid":147858893}
{"Coordinate":{"Latitude":35.7069112,"Longitude":139.5497519},"Nid":1610091168,"Wid":147858893}
{"Coordinate":{"Latitude":35.7082744,"Longitude":139.5233951},"Nid":1611613403,"Wid":206381405}
{"Coordinate":{"Latitude":35.7213289,"Longitude":139.5470261},"Nid":1551736744,"Wid":147778566}
{"Coordinate":{"Latitude":35.7354133,"Longitude":139.5594011},"Nid":1551896123,"Wid":141781227}
{"Coordinate":{"Latitude":35.7354559,"Longitude":139.5572255},"Nid":1129805141,"Wid":141781227}
{"Coordinate":{"Latitude":35.7213477,"Longitude":139.5279533},"Nid":-1547907448,"Wid":269499101}
{"Coordinate":{"Latitude":35.712839,"Longitude":139.5669643},"Nid":1717644082,"Wid":159646845}
{"Coordinate":{"Latitude":35.7160454,"Longitude":139.5376707},"Nid":1551802858,"Wid":148319873}
{"Coordinate":{"Latitude":35.7040531,"Longitude":139.5660054},"Nid":369672540,"Wid":32806014}
