{"Coordinate":{"Latitude":35.723928,"Longitude":139.542812},"Nid":1551803862,"Wid":141765168}
{"Coordinate":{"Latitude":35.7248441,"Longitude":139.5419137},"Nid":1551847752,"Wid":141765168}
{"Coordinate":{"Latitude":35.7129069,"Longitude":139.5632144},"Nid":1111456251,"Wid":333682056}
{"Coordinate":{"Latitude":35.7440438,"Longitude":139.5580419},"Nid":1222667803,"Wid":574910622}
{"Coordinate":{"Latitude":35.7441398,"Longitude":139.5583756},"Nid":1553836358,"Wid":574910622}
{"Coordinate":{"Latitude":35.7070507,"Longitude":139.5487288},"Nid":1611666942,"Wid":148057634}
{"Coordinate":{"Latitude":35.7168528,"Longitude":139.5489255},"Nid":1825343645,"Wid":171517669}
{"Coordinate":{"Latitude":35.7199839,"Longitude":139.5533816},"Nid":1551736358,"Wid":141759588}
{"Coordinate":{"Latitude":35.7235223,"Longitude":139.5722408},"Nid":1311927432,"Wid":197127601}
{"Coordinate":{"Latitude":35.7137352,"Longitude":139.5275103},"Nid":1514621771,"Wid":54682456}
{"Coordinate":{"Latitude":35.7246007,"Longitude":139.5232885},"Nid":1551804002,"Wid":292494497}
{"Coordinate":{"Latitude":35.7431763,"Longitude":139.5739845},"Nid":1311921290,"Wid":116358612}
{"Coordinate":{"Latitude":35.7129105,"Longitude":139.5352789},"Nid":734949222,"Wid":141782634}
{"Coordinate":{"Latitude":35.7305488,"Longitude":139.5269165},"Nid":1850960327,"Wid":174398402}
{"Coordinate":{"Latitude":35.7384124,"Longitude":139.5696032},"Nid":-1426343157,"Wid":282926099}
