{"Coordinate":{"Latitude":35.711161,"Longitude":139.5710474},"Nid":536666738,"Wid":175366520}
{"Coordinate":{"Latitude":35.7197326,"Longitude":139.55133},"Nid":-1500466171,"Wid":274782189}
{"Coordinate":{"Latitude":35.7201106,"Longitude":139.5513297},"Nid":1586339417,"Wid":274782189}
{"Coordinate":{"Latitude":35.7410587,"Longitude":139.5322056},"Nid":682926621,"Wid":54144618}
{"Coordinate":{"Latitude":35.7420222,"Longitude":139.5319701},"Nid":682898348,"Wid":54144618}
{"Coordinate":{"Latitude":35.7434068,"Longitude":139.5556733},"Nid":1553836192,"Wid":141952506}
{"Coordinate":{"Latitude":35.74328,"Longitude":139.554362},"Nid":1552913238,"Wid":141952506}
{"Coordinate":{"Latitude":35.739386,"Longitude":139.542185},"Nid":1553901696,"Wid":141963916}
{"Coordinate":{"Latitude":35.7110204,"Longitude":139.5369325},"Nid":1650160802,"Wid":152180731}
{"Coordinate":{"Latitude":35.7250756,"Longitude":139.5612422},"Nid":1551847780,"Wid":141774993}
{"Coordinate":{"Latitude":35.7246881,"Longitude":139.5622072},"Nid":1551847665,"Wid":141774993}
{"Coordinate":{"Latitude":35.7279141,"Longitude":139.5258384},"Nid":734880126,"Wid":59263542}
{"Coordinate":{"Latitude":35.7053291,"Longitude":139.5691492},"Nid":369672535,"Wid":33036430}
{"Coordinate":{"Latitude":35.7137621,"Longitude":139.5414438},"Nid":1551802704,"Wid":141764771}
{"Coordinate":{"Latitude":35.7144067,"Longitude":139.5413886},"Nid":1614273961,"Wid":141764771}
{"Coordinate":{"Latitude":35.7204938,"Longitude":139.5558009},"Nid":1615381380,"Wid":148431873}
{"Coordinate":{"Latitude":35.7241763,"Longitude":139.5397923},"Nid":1629231330,"Wid":149986332}
{"Coordinate":{"Latitude":35.7096265,"Longitude":139.5411197},"Nid":-1632086046,"Wid":260723543}
{"Coordinate":{"Latitude":35.7284077,"Longitude":139.5341448},"Nid":734885852,"Wid":59264239}
{"Coordinate":{"Latitude":35.7178248,"Longitude":139.5765598},"Nid":410471313,"Wid":39687356}
{"Coordinate":{"Latitude":35.7421616,"Longitude":139.5576584},"Nid":1129805174,"Wid":562764559}
{"Coordinate":{"Latitude":35.720414,"Longitude":139.5450752},"Nid":1609649414,"Wid":147778577}
{"Coordinate":{"Latitude":35.7301723,"Longitude":139.5664745},"Nid":1551893836,"Wid":141781044}
{"Coordinate":{"Latitude":35.7305413,"Longitude":139.5263101},"Nid":1850960325,"Wid":174398419}
{"Coordinate":{"Latitude":35.7190516,"Longitude":139.5445505},"Nid":1551736124,"Wid":147778589}
{"Coordinate":{"Latitude":35.7195965,"Longitude":139.5444211},"Nid":1609649297,"Wid":147778589}
{"Coordinate":{"Latitude":35.7437284,"Longitude":139.5226058},"Nid":827955182,"Wid":526892725}
{"Coordinate":{"Latitude":35.7251922,"Longitude":139.5276759},"Nid":-1415097607,"Wid":284237703}
{"Coordinate":{"Latitude":35.7163061,"Longitude":139.5296662},"Nid":701730569,"Wid":55885173}
{"Coordinate":{"Latitude":35.7369565,"Longitude":139.5433722},"Nid":623351279,"Wid":141964284}
{"Coordinate":{"Latitude":35.7235687,"Longitude":139.5431802},"Nid":1551803752,"Wid":141764831}
{"Coordinate":{"Latitude":35.7080141,"Longitude":139.5273433},"Nid":1611613372,"Wid":155456385}
{"Coordinate":{"Latitude":35.724435,"Longitude":139.551788},"Nid":1551847637,"Wid":141775091}
{"Coordinate":{"Latitude":35.724339,"Longitude":139.552595},"Nid":1551847619,"Wid":141775091}
{"Coordinate":{"Latitude":35.7127896,"Longitude":139.5389941},"Nid":734949340,"Wid":141782619}
{"Coordinate":{"Latitude":35.7209792,"Longitude":139.5372978},"Nid":1551803272,"Wid":141765190}
{"Coordinate":{"Latitude":35.7214404,"Longitude":139.5372563},"Nid":1551803341,"Wid":141765190}
{"Coordinate":{"Latitude":35.7042794,"Longitude":139.5351758},"Nid":1678463785,"Wid":155453273}
{"Coordinate":{"Latitude":35.7058644,"Longitude":139.5413098},"Nid":1767386235,"Wid":165176337}
