{"Coordinate":{"Latitude":35.7188469,"Longitude":139.5412024},"Nid":1551736085,"Wid":141759626}
{"Coordinate":{"Latitude":35.7183596,"Longitude":139.5412615},"Nid":1551735949,"Wid":141759626}
{"Coordinate":{"Latitude":35.7448254,"Longitude":139.5677835},"Nid":1199532771,"Wid":565455470}
{"Coordinate":{"Latitude":35.7429899,"Longitude":139.5682412},"Nid":1199533367,"Wid":565455470}
{"Coordinate":{"Latitude":35.7391916,"Longitude":139.5493749},"Nid":1553835456,"Wid":141952459}
{"Coordinate":{"Latitude":35.7400293,"Longitude":139.5485484},"Nid":734176360,"Wid":141952459}
{"Coordinate":{"Latitude":35.7212504,"Longitude":139.5669864},"Nid":679185650,"Wid":157511398}
{"Coordinate":{"Latitude":35.721571,"Longitude":139.5654628},"Nid":2110528778,"Wid":157511398}
{"Coordinate":{"Latitude":35.7090236,"Longitude":139.5279312},"Nid":1611613589,"Wid":145228061}
{"Coordinate":{"Latitude":35.7059504,"Longitude":139.5621636},"Nid":1586699161,"Wid":145238434}
{"Coordinate":{"Latitude":35.7198782,"Longitude":139.5719245},"Nid":1586680892,"Wid":145237055}
{"Coordinate":{"Latitude":35.7203964,"Longitude":139.5702634},"Nid":679185653,"Wid":145237055}
{"Coordinate":{"Latitude":35.7061155,"Longitude":139.5491734},"Nid":1610090997,"Wid":287491717}
{"Coordinate":{"Latitude":35.7093585,"Longitude":139.540122},"Nid":1611667006,"Wid":148057772}
{"Coordinate":{"Latitude":35.7097403,"Longitude":139.540612},"Nid":1611667025,"Wid":148057772}
{"Coordinate":{"Latitude":35.7101906,"Longitude":139.529826},"Nid":-1109304262,"Wid":59277402}
{"Coordinate":{"Latitude":35.7104356,"Longitude":139.5281672},"Nid":735017580,"Wid":59277402}
{"Coordinate":{"Latitude":35.7057235,"Longitude":139.540859},"Nid":1767386216,"Wid":165176311}
{"Coordinate":{"Latitude":35.7195381,"Longitude":139.539195},"Nid":1551736221,"Wid":141759449}
{"Coordinate":{"Latitude":35.7200776,"Longitude":139.5391311},"Nid":1551736406,"Wid":141759449}
{"Coordinate":{"Latitude":35.7304442,"Longitude":139.5635828},"Nid":-1427220060,"Wid":282829860}
{"Coordinate":{"Latitude":35.7260178,"Longitude":139.5355574},"Nid":734896330,"Wid":141963835}
{"Coordinate":{"Latitude":35.7137754,"Longitude":139.5784166},"Nid":410471303,"Wid":100848423}
{"Coordinate":{"Latitude":35.7213877,"Longitude":139.5375426},"Nid":-2014117166,"Wid":218877498}
