{"Coordinate":{"Latitude":35.7364983,"Longitude":139.5326713},"Nid":1553901456,"Wid":141964309}
{"Coordinate":{"Latitude":35.7369147,"Longitude":139.5310444},"Nid":682898318,"Wid":141964309}
{"Coordinate":{"Latitude":35.7320225,"Longitude":139.554281},"Nid":-2034016016,"Wid":239955253}
{"Coordinate":{"Latitude":35.7198249,"Longitude":139.5456168},"Nid":1609649325,"Wid":147778585}
{"Coordinate":{"Latitude":35.7195032,"Longitude":139.5457211},"Nid":1609649283,"Wid":147778585}
{"Coordinate":{"Latitude":35.7224377,"Longitude":139.5312219},"Nid":-1547907419,"Wid":269499081}
{"Coordinate":{"Latitude":35.721032,"Longitude":139.5419177},"Nid":1551736707,"Wid":147778726}
{"Coordinate":{"Latitude":35.7414362,"Longitude":139.5457333},"Nid":1022912642,"Wid":141963956}
{"Coordinate":{"Latitude":35.7147918,"Longitude":139.5582963},"Nid":1620122295,"Wid":148952026}
{"Coordinate":{"Latitude":35.7148853,"Longitude":139.5393973},"Nid":1614273978,"Wid":148319881}
{"Coordinate":{"Latitude":35.7151251,"Longitude":139.5394122},"Nid":1551802765,"Wid":148319881}
{"Coordinate":{"Latitude":35.7214775,"Longitude":139.531584},"Nid":1551803330,"Wid":59272308}
{"Coordinate":{"Latitude":35.7209988,"Longitude":139.5320108},"Nid":1652820776,"Wid":59272308}
{"Coordinate":{"Latitude":35.7268993,"Longitude":139.5720624},"Nid":1311925845,"Wid":116359189}
{"Coordinate":{"Latitude":35.7281974,"Longitude":139.5728402},"Nid":1311926852,"Wid":116359133}
{"Coordinate":{"Latitude":35.7388744,"Longitude":139.5615091},"Nid":684244963,"Wid":141955756}
{"Coordinate":{"Latitude":35.7164273,"Longitude":139.540277},"Nid":1551802870,"Wid":148319883}
{"Coordinate":{"Latitude":35.7194245,"Longitude":139.5467597},"Nid":1551736197,"Wid":141759437}
{"Coordinate":{"Latitude":35.7404975,"Longitude":139.534752},"Nid":-1787118372,"Wid":284233333}
