{"Coordinate":{"Latitude":35.7355829,"Longitude":139.5437935},"Nid":-1769707841,"Wid":245303729}
{"Coordinate":{"Latitude":35.7353705,"Longitude":139.5441261},"Nid":-1769707847,"Wid":245303729}
{"Coordinate":{"Latitude":35.7068816,"Longitude":139.5478528},"Nid":1586623214,"Wid":145230617}
{"Coordinate":{"Latitude":35.7066077,"Longitude":139.5485324},"Nid":1586623196,"Wid":145230617}
{"Coordinate":{"Latitude":35.7112112,"Longitude":139.5362077},"Nid":411293607,"Wid":141764722}
{"Coordinate":{"Latitude":35.7363257,"Longitude":139.5764753},"Nid":1110063205,"Wid":116357886}
{"Coordinate":{"Latitude":35.7394446,"Longitude":139.5751332},"Nid":1110063203,"Wid":116357886}
{"Coordinate":{"Latitude":35.7076438,"Longitude":139.5432544},"Nid":-2131407610,"Wid":206348568}
{"Coordinate":{"Latitude":35.7073425,"Longitude":139.5415462},"Nid":752126048,"Wid":206348568}
{"Coordinate":{"Latitude":35.7320571,"Longitude":139.5452707},"Nid":1551894450,"Wid":548848918}
{"Coordinate":{"Latitude":35.7054162,"Longitude":139.561873},"Nid":440610785,"Wid":145238476}
{"Coordinate":{"Latitude":35.738023,"Longitude":139.540124},"Nid":1553901553,"Wid":141963890}
{"Coordinate":{"Latitude":35.7182298,"Longitude":139.57605},"Nid":475856451,"Wid":39687360}
{"Coordinate":{"Latitude":35.7170503,"Longitude":139.5753414},"Nid":475856454,"Wid":39687360}
{"Coordinate":{"Latitude":35.7381213,"Longitude":139.5247953},"Nid":-2107097440,"Wid":243360585}
{"Coordinate":{"Latitude":35.7406608,"Longitude":139.5248108},"Nid":1339794922,"Wid":243360585}
{"Coordinate":{"Latitude":35.7111502,"Longitude":139.5229402},"Nid":1665765884,"Wid":153964905}
{"Coordinate":{"Latitude":35.7189057,"Longitude":139.5425632},"Nid":1551736090,"Wid":141759569}
{"Coordinate":{"Latitude":35.718664,"Longitude":139.5425586},"Nid":1623748377,"Wid":141759569}
{"Coordinate":{"Latitude":35.715526,"Longitude":139.573356},"Nid":1586680786,"Wid":145236897}
{"Coordinate":{"Latitude":35.714974,"Longitude":139.5502833},"Nid":1586584888,"Wid":145235432}
{"Coordinate":{"Latitude":35.714974,"Longitude":139.5502833},"Nid":1586584888,"Wid":145235432}
{"Coordinate":{"Latitude":35.7404975,"Longitude":139.534752},"Nid":-1787118372,"Wid":284233345}
{"Coordinate":{"Latitude":35.7234294,"Longitude":139.5424429},"Nid":-1780039586,"Wid":141764850}
{"Coordinate":{"Latitude":35.7100216,"Longitude":139.560034},"Nid":1586680487,"Wid":145238488}
{"Coordinate":{"Latitude":35.7273028,"Longitude":139.53009},"Nid":734885809,"Wid":174398415}
{"Coordinate":{"Latitude":35.7388097,"Longitude":139.5620928},"Nid":1553862225,"Wid":141955723}
{"Coordinate":{"Latitude":35.7290434,"Longitude":139.5787801},"Nid":1162638755,"Wid":100555158}
{"Coordinate":{"Latitude":35.7236244,"Longitude":139.5567877},"Nid":1551847439,"Wid":141774895}
{"Coordinate":{"Latitude":35.723995,"Longitude":139.5567901},"Nid":1621376691,"Wid":141774895}
