{"Coordinate":{"Latitude":35.7402024,"Longitude":139.576835},"Nid":-2034152699,"Wid":680499845}
{"Coordinate":{"Latitude":35.7112112,"Longitude":139.5362077},"Nid":411293607,"Wid":141764744}
{"Coordinate":{"Latitude":35.7084547,"Longitude":139.5448816},"Nid":1586623251,"Wid":148183096}
{"Coordinate":{"Latitude":35.7084867,"Longitude":139.5442206},"Nid":1612886743,"Wid":148183096}
{"Coordinate":{"Latitude":35.7084867,"Longitude":139.5442206},"Nid":1612886743,"Wid":148183096}
{"Coordinate":{"Latitude":35.7437879,"Longitude":139.5740496},"Nid":1311921152,"Wid":116358294}
{"Coordinate":{"Latitude":35.7431763,"Longitude":139.5739845},"Nid":1311921290,"Wid":116358294}
{"Coordinate":{"Latitude":35.7395499,"Longitude":139.5682388},"Nid":1311921747,"Wid":116359265}
{"Coordinate":{"Latitude":35.7406748,"Longitude":139.5683102},"Nid":1311923053,"Wid":116359265}
{"Coordinate":{"Latitude":35.7282197,"Longitude":139.5544872},"Nid":1551848210,"Wid":141775168}
{"Coordinate":{"Latitude":35.7261933,"Longitude":139.5543439},"Nid":1551847946,"Wid":141775168}
{"Coordinate":{"Latitude":35.7436954,"Longitude":139.5697644},"Nid":1311921020,"Wid":116358297}
{"Coordinate":{"Latitude":35.7436954,"Longitude":139.5697644},"Nid":1311921020,"Wid":116358297}
{"Coordinate":{"Latitude":35.7433639,"Longitude":139.5702545},"Nid":1311927434,"Wid":116358297}
{"Coordinate":{"Latitude":35.7098204,"Longitude":139.5553596},"Nid":1610603248,"Wid":147930859}
{"Coordinate":{"Latitude":35.7091534,"Longitude":139.5549074},"Nid":1610603212,"Wid":147930859}
{"Coordinate":{"Latitude":35.7277031,"Longitude":139.5629932},"Nid":1551848098,"Wid":141775144}
{"Coordinate":{"Latitude":35.7283162,"Longitude":139.564129},"Nid":1551848242,"Wid":141775144}
{"Coordinate":{"Latitude":35.724339,"Longitude":139.552595},"Nid":1551847619,"Wid":141775190}
{"Coordinate":{"Latitude":35.7201172,"Longitude":139.5400264},"Nid":1580971145,"Wid":144553415}
{"Coordinate":{"Latitude":35.7317155,"Longitude":139.555775},"Nid":-1817693816,"Wid":239955250}
