{"Coordinate":{"Latitude":35.736422,"Longitude":139.541727},"Nid":1551896680,"Wid":141781185}
{"Coordinate":{"Latitude":35.737175,"Longitude":139.5510397},"Nid":1553861794,"Wid":239955933}
{"Coordinate":{"Latitude":35.7251892,"Longitude":139.5791572},"Nid":425344244,"Wid":694892828}
{"Coordinate":{"Latitude":35.7415724,"Longitude":139.5602772},"Nid":1553835776,"Wid":141952546}
{"Coordinate":{"Latitude":35.7422786,"Longitude":139.5583994},"Nid":1553835981,"Wid":141952546}
{"Coordinate":{"Latitude":35.7305413,"Longitude":139.5263101},"Nid":1850960325,"Wid":174398427}
{"Coordinate":{"Latitude":35.7302954,"Longitude":139.5266825},"Nid":1850960316,"Wid":174398427}
{"Coordinate":{"Latitude":35.7158728,"Longitude":139.5648004},"Nid":1621355422,"Wid":149113417}
{"Coordinate":{"Latitude":35.7141429,"Longitude":139.556765},"Nid":1620122239,"Wid":779233665}
{"Coordinate":{"Latitude":35.7145854,"Longitude":139.5362521},"Nid":734949275,"Wid":152183187}
{"Coordinate":{"Latitude":35.7166257,"Longitude":139.5524851},"Nid":970335483,"Wid":544712677}
{"Coordinate":{"Latitude":35.7202071,"Longitude":139.5323363},"Nid":1551803146,"Wid":141764928}
{"Coordinate":{"Latitude":35.7213419,"Longitude":139.532835},"Nid":1551803319,"Wid":141764928}
{"Coordinate":{"Latitude":35.7192226,"Longitude":139.5320814},"Nid":1551803012,"Wid":141764978}
{"Coordinate":{"Latitude":35.7188381,"Longitude":139.5330211},"Nid":1551802973,"Wid":141764978}
{"Coordinate":{"Latitude":35.736434,"Longitude":139.545124},"Nid":1551896684,"Wid":245303730}
{"Coordinate":{"Latitude":35.7357063,"Longitude":139.5454994},"Nid":-1769707840,"Wid":245303730}
{"Coordinate":{"Latitude":35.7228707,"Longitude":139.56012},"Nid":1551847367,"Wid":150181322}
