{"Coordinate":{"Latitude":35.7166732,"Longitude":139.5235401},"Nid":671899449,"Wid":614134900}
{"Coordinate":{"Latitude":35.7263514,"Longitude":139.5478319},"Nid":1551847971,"Wid":274782197}
{"Coordinate":{"Latitude":35.7258428,"Longitude":139.5477326},"Nid":-1500466141,"Wid":274782197}
{"Coordinate":{"Latitude":35.7141823,"Longitude":139.5380964},"Nid":1551929196,"Wid":141782652}
{"Coordinate":{"Latitude":35.7044288,"Longitude":139.5649861},"Nid":369672543,"Wid":145130494}
{"Coordinate":{"Latitude":35.7131619,"Longitude":139.5430946},"Nid":1614273924,"Wid":148319893}
{"Coordinate":{"Latitude":35.7133592,"Longitude":139.542521},"Nid":732097077,"Wid":148319893}
{"Coordinate":{"Latitude":35.7071427,"Longitude":139.5222249},"Nid":-2131083928,"Wid":368099597}
{"Coordinate":{"Latitude":35.7222248,"Longitude":139.5274669},"Nid":700873400,"Wid":55676443}
{"Coordinate":{"Latitude":35.7080172,"Longitude":139.5463503},"Nid":1611666992,"Wid":148057729}
{"Coordinate":{"Latitude":35.7310555,"Longitude":139.5239783},"Nid":1551804100,"Wid":141964332}
{"Coordinate":{"Latitude":35.7078036,"Longitude":139.5447528},"Nid":1611666985,"Wid":148057718}
{"Coordinate":{"Latitude":35.7219786,"Longitude":139.5273985},"Nid":-1547907426,"Wid":269499085}
{"Coordinate":{"Latitude":35.7072875,"Longitude":139.5471339},"Nid":1586623221,"Wid":148057771}
{"Coordinate":{"Latitude":35.7076523,"Longitude":139.5473348},"Nid":1611666974,"Wid":148057771}
{"Coordinate":{"Latitude":35.7149015,"Longitude":139.538995},"Nid":1614273979,"Wid":148319875}
{"Coordinate":{"Latitude":35.7052946,"Longitude":139.5320941},"Nid":619109275,"Wid":68366680}
{"Coordinate":{"Latitude":35.717468,"Longitude":139.5455013},"Nid":1551735894,"Wid":141759616}
{"Coordinate":{"Latitude":35.7179611,"Longitude":139.5455789},"Nid":1551735913,"Wid":141759616}
{"Coordinate":{"Latitude":35.7263514,"Longitude":139.5478319},"Nid":1551847971,"Wid":274782195}
{"Coordinate":{"Latitude":35.7065013,"Longitude":139.5546003},"Nid":1586634018,"Wid":161644145}
{"Coordinate":{"Latitude":35.718039,"Longitude":139.5412404},"Nid":-2118535457,"Wid":689797641}
{"Coordinate":{"Latitude":35.7183596,"Longitude":139.5412615},"Nid":1551735949,"Wid":689797641}
{"Coordinate":{"Latitude":35.7041844,"Longitude":139.5656657},"Nid":369672563,"Wid":32806017}
{"Coordinate":{"Latitude":35.7293262,"Longitude":139.5761692},"Nid":1311922308,"Wid":116357906}
{"Coordinate":{"Latitude":35.7380378,"Longitude":139.565857},"Nid":425344269,"Wid":36504133}
{"Coordinate":{"Latitude":35.7117772,"Longitude":139.5250556},"Nid":1665765919,"Wid":58703654}
