{"Coordinate":{"Latitude":35.7216979,"Longitude":139.5318801},"Nid":687489213,"Wid":141765012}
{"Coordinate":{"Latitude":35.7221265,"Longitude":139.5323581},"Nid":734949516,"Wid":141765012}
{"Coordinate":{"Latitude":35.7290581,"Longitude":139.539839},"Nid":734896494,"Wid":141963878}
{"Coordinate":{"Latitude":35.7233344,"Longitude":139.5334913},"Nid":1551803649,"Wid":149532167}
{"Coordinate":{"Latitude":35.7222248,"Longitude":139.5274669},"Nid":700873400,"Wid":141765215}
{"Coordinate":{"Latitude":35.7143312,"Longitude":139.5337039},"Nid":734949252,"Wid":59272265}
{"Coordinate":{"Latitude":35.722058,"Longitude":139.5651335},"Nid":1551847235,"Wid":201097753}
{"Coordinate":{"Latitude":35.7110298,"Longitude":139.5517798},"Nid":732097096,"Wid":145235529}
{"Coordinate":{"Latitude":35.7196347,"Longitude":139.5374638},"Nid":1551803091,"Wid":141764949}
{"Coordinate":{"Latitude":35.7160764,"Longitude":139.5394711},"Nid":1551802822,"Wid":141765350}
{"Coordinate":{"Latitude":35.716053,"Longitude":139.5387948},"Nid":674766711,"Wid":141765350}
{"Coordinate":{"Latitude":35.7285524,"Longitude":139.5499427},"Nid":623351336,"Wid":282863984}
{"Coordinate":{"Latitude":35.7282716,"Longitude":139.5360956},"Nid":734885877,"Wid":59264227}
{"Coordinate":{"Latitude":35.7225101,"Longitude":139.5390167},"Nid":1651415445,"Wid":152314400}
{"Coordinate":{"Latitude":35.7410082,"Longitude":139.5718869},"Nid":-1816472294,"Wid":565832012}
{"Coordinate":{"Latitude":35.7070658,"Longitude":139.5475039},"Nid":1586623218,"Wid":145230476}
{"Coordinate":{"Latitude":35.7194848,"Longitude":139.5374831},"Nid":1551803061,"Wid":141764788}
{"Coordinate":{"Latitude":35.7190304,"Longitude":139.5375034},"Nid":1551802986,"Wid":141764788}
{"Coordinate":{"Latitude":35.72868,"Longitude":139.5763444},"Nid":1311922354,"Wid":116359085}
{"Coordinate":{"Latitude":35.7093933,"Longitude":139.5244914},"Nid":1944306702,"Wid":183992400}
