{"Coordinate":{"Latitude":35.7343981,"Longitude":139.5753173},"Nid":1311925946,"Wid":116357517}
{"Coordinate":{"Latitude":35.7193709,"Longitude":139.5545918},"Nid":1586655196,"Wid":147857343}
{"Coordinate":{"Latitude":35.7185205,"Longitude":139.5319039},"Nid":1618620784,"Wid":148789408}
{"Coordinate":{"Latitude":35.7427883,"Longitude":139.5556548},"Nid":-1817686350,"Wid":284233359}
{"Coordinate":{"Latitude":35.7117402,"Longitude":139.5562749},"Nid":1586654935,"Wid":145235480}
{"Coordinate":{"Latitude":35.7133878,"Longitude":139.5574205},"Nid":732097098,"Wid":145235480}
{"Coordinate":{"Latitude":35.7177626,"Longitude":139.532476},"Nid":1618620687,"Wid":148789399}
{"Coordinate":{"Latitude":35.7316053,"Longitude":139.5309303},"Nid":1553901236,"Wid":141963957}
{"Coordinate":{"Latitude":35.7127907,"Longitude":139.5718756},"Nid":410119186,"Wid":34946758}
{"Coordinate":{"Latitude":35.7195164,"Longitude":139.5731167},"Nid":393724384,"Wid":201097098}
{"Coordinate":{"Latitude":35.7198419,"Longitude":139.5720621},"Nid":2074222778,"Wid":201097098}
{"Coordinate":{"Latitude":35.7198522,"Longitude":139.5782464},"Nid":419796719,"Wid":38324515}
{"Coordinate":{"Latitude":35.7253868,"Longitude":139.5271208},"Nid":699533042,"Wid":141765123}
{"Coordinate":{"Latitude":35.7247991,"Longitude":139.5261817},"Nid":699532998,"Wid":141765123}
{"Coordinate":{"Latitude":35.7135829,"Longitude":139.5303168},"Nid":1704151339,"Wid":158185466}
{"Coordinate":{"Latitude":35.7321028,"Longitude":139.5789091},"Nid":1223788878,"Wid":106337512}
{"Coordinate":{"Latitude":35.710699,"Longitude":139.5639866},"Nid":732097102,"Wid":149113415}
{"Coordinate":{"Latitude":35.7293116,"Longitude":139.5372422},"Nid":734896479,"Wid":141963897}
{"Coordinate":{"Latitude":35.7306455,"Longitude":139.5545926},"Nid":2081762087,"Wid":279732686}
{"Coordinate":{"Latitude":35.7308532,"Longitude":139.5546138},"Nid":-1817693854,"Wid":279732686}
{"Coordinate":{"Latitude":35.7043234,"Longitude":139.5603184},"Nid":1112907142,"Wid":96054584}
