{"Coordinate":{"Latitude":35.7039945,"Longitude":139.5596293},"Nid":1112907145,"Wid":96054583}
{"Coordinate":{"Latitude":35.7101093,"Longitude":139.5400631},"Nid":700848685,"Wid":145235542}
{"Coordinate":{"Latitude":35.7123055,"Longitude":139.5408222},"Nid":732097071,"Wid":145235542}
{"Coordinate":{"Latitude":35.7370953,"Longitude":139.5576078},"Nid":1553861783,"Wid":141955825}
{"Coordinate":{"Latitude":35.736983,"Longitude":139.559327},"Nid":1551896949,"Wid":141955825}
{"Coordinate":{"Latitude":35.7277055,"Longitude":139.5296808},"Nid":734885840,"Wid":174398423}
{"Coordinate":{"Latitude":35.7272612,"Longitude":139.5704733},"Nid":1311921222,"Wid":116357719}
{"Coordinate":{"Latitude":35.7272833,"Longitude":139.5711866},"Nid":1311922029,"Wid":116357719}
{"Coordinate":{"Latitude":35.7273101,"Longitude":139.5720379},"Nid":1311921503,"Wid":116357719}
{"Coordinate":{"Latitude":35.7388969,"Longitude":139.5566872},"Nid":1553862255,"Wid":141955843}
{"Coordinate":{"Latitude":35.7382992,"Longitude":139.5547434},"Nid":1553862055,"Wid":141955843}
{"Coordinate":{"Latitude":35.7198522,"Longitude":139.5782464},"Nid":419796719,"Wid":398656437}
{"Coordinate":{"Latitude":35.7199199,"Longitude":139.5791041},"Nid":419796720,"Wid":398656437}
{"Coordinate":{"Latitude":35.7199199,"Longitude":139.5791041},"Nid":419796720,"Wid":398656437}
{"Coordinate":{"Latitude":35.7154411,"Longitude":139.5338329},"Nid":1551802768,"Wid":141764870}
{"Coordinate":{"Latitude":35.7407022,"Longitude":139.5336831},"Nid":1553902014,"Wid":141964216}
{"Coordinate":{"Latitude":35.7414296,"Longitude":139.5351119},"Nid":1553902042,"Wid":141964216}
{"Coordinate":{"Latitude":35.7431205,"Longitude":139.5348902},"Nid":752136384,"Wid":249366759}
{"Coordinate":{"Latitude":35.7261933,"Longitude":139.5543439},"Nid":1551847946,"Wid":141775140}
{"Coordinate":{"Latitude":35.7195852,"Longitude":139.5362956},"Nid":1551803081,"Wid":141765026}
{"Coordinate":{"Latitude":35.7196347,"Longitude":139.5374638},"Nid":1551803091,"Wid":141765026}
{"Coordinate":{"Latitude":35.7298306,"Longitude":139.5545564},"Nid":-1817686932,"Wid":239955929}
{"Coordinate":{"Latitude":35.7248131,"Longitude":139.5449848},"Nid":1551847692,"Wid":141775082}
{"Coordinate":{"Latitude":35.724133,"Longitude":139.5452344},"Nid":1551803891,"Wid":141775082}
{"Coordinate":{"Latitude":35.714974,"Longitude":139.5502833},"Nid":1586584888,"Wid":145235532}
{"Coordinate":{"Latitude":35.7153549,"Longitude":139.5491729},"Nid":1586655124,"Wid":145235532}
{"Coordinate":{"Latitude":35.7421131,"Longitude":139.57969},"Nid":1311925051,"Wid":116357704}
{"Coordinate":{"Latitude":35.7413523,"Longitude":139.5792751},"Nid":1311924170,"Wid":116357704}
{"Coordinate":{"Latitude":35.7394352,"Longitude":139.5806301},"Nid":1311920498,"Wid":116358405}
{"Coordinate":{"Latitude":35.706721,"Longitude":139.5321371},"Nid":1586623203,"Wid":145230384}
{"Coordinate":{"Latitude":35.7131619,"Longitude":139.5430946},"Nid":1614273924,"Wid":148319880}
{"Coordinate":{"Latitude":35.7200776,"Longitude":139.5391311},"Nid":1551736406,"Wid":141759506}
