{"Coordinate":{"Latitude":35.7124626,"Longitude":139.5215641},"Nid":700848568,"Wid":799843132}
{"Coordinate":{"Latitude":35.7124626,"Longitude":139.5215641},"Nid":700848568,"Wid":799843132}
{"Coordinate":{"Latitude":35.7104347,"Longitude":139.5216568},"Nid":758616521,"Wid":799843132}
{"Coordinate":{"Latitude":35.7104347,"Longitude":139.5216568},"Nid":758616521,"Wid":799843132}
{"Coordinate":{"Latitude":35.7074642,"Longitude":139.5217747},"Nid":1327464569,"Wid":799843132}
{"Coordinate":{"Latitude":35.7074642,"Longitude":139.5217747},"Nid":1327464569,"Wid":799843132}
{"Coordinate":{"Latitude":35.7071242,"Longitude":139.5217879},"Nid":-2131083930,"Wid":799843132}
{"Coordinate":{"Latitude":35.7344955,"Longitude":139.5624277},"Nid":1551895590,"Wid":141781077}
{"Coordinate":{"Latitude":35.7353338,"Longitude":139.562283},"Nid":1551896078,"Wid":141781077}
{"Coordinate":{"Latitude":35.7128729,"Longitude":139.5423092},"Nid":732097074,"Wid":59062080}
{"Coordinate":{"Latitude":35.7120551,"Longitude":139.5418551},"Nid":732097067,"Wid":59062080}
{"Coordinate":{"Latitude":35.7302954,"Longitude":139.5266825},"Nid":1850960316,"Wid":174398426}
{"Coordinate":{"Latitude":35.7101906,"Longitude":139.529826},"Nid":-1109304262,"Wid":145228062}
{"Coordinate":{"Latitude":35.7284115,"Longitude":139.5383016},"Nid":1629902547,"Wid":150057341}
{"Coordinate":{"Latitude":35.7130475,"Longitude":139.5764949},"Nid":459451951,"Wid":145237040}
{"Coordinate":{"Latitude":35.7090462,"Longitude":139.5367301},"Nid":735017761,"Wid":59277396}
{"Coordinate":{"Latitude":35.7090462,"Longitude":139.5367301},"Nid":735017761,"Wid":59277414}
{"Coordinate":{"Latitude":35.7102361,"Longitude":139.5595522},"Nid":1586680501,"Wid":150303331}
{"Coordinate":{"Latitude":35.7269766,"Longitude":139.5754226},"Nid":410119178,"Wid":672473149}
{"Coordinate":{"Latitude":35.7267326,"Longitude":139.5741442},"Nid":1311961070,"Wid":672473149}
{"Coordinate":{"Latitude":35.7267326,"Longitude":139.5741442},"Nid":1311961070,"Wid":672473149}
{"Coordinate":{"Latitude":35.7264817,"Longitude":139.5729352},"Nid":1311961007,"Wid":672473149}
{"Coordinate":{"Latitude":35.7179878,"Longitude":139.5450601},"Nid":1608830739,"Wid":147681806}
{"Coordinate":{"Latitude":35.718075,"Longitude":139.5455812},"Nid":1608830754,"Wid":147681806}
{"Coordinate":{"Latitude":35.7286164,"Longitude":139.5390905},"Nid":1553901155,"Wid":141964168}
{"Coordinate":{"Latitude":35.7305493,"Longitude":139.5270846},"Nid":1850960328,"Wid":174398407}
{"Coordinate":{"Latitude":35.7206509,"Longitude":139.5462918},"Nid":1551736540,"Wid":147778573}
{"Coordinate":{"Latitude":35.7180325,"Longitude":139.5428015},"Nid":1623748279,"Wid":149387514}
{"Coordinate":{"Latitude":35.7110203,"Longitude":139.577587},"Nid":410471296,"Wid":91609859}
{"Coordinate":{"Latitude":35.7123393,"Longitude":139.5782953},"Nid":419796698,"Wid":91609859}
