{"Coordinate":{"Latitude":35.7162768,"Longitude":139.5430301},"Nid":1551735808,"Wid":141759393}
{"Coordinate":{"Latitude":35.7227149,"Longitude":139.5328846},"Nid":1625003089,"Wid":149532163}
{"Coordinate":{"Latitude":35.7229625,"Longitude":139.533128},"Nid":1551803599,"Wid":149532163}
{"Coordinate":{"Latitude":35.7072842,"Longitude":139.545757},"Nid":1611666957,"Wid":148057668}
{"Coordinate":{"Latitude":35.7069859,"Longitude":139.5457158},"Nid":1611666935,"Wid":148057668}
{"Coordinate":{"Latitude":35.7059104,"Longitude":139.5455673},"Nid":1586623175,"Wid":148057668}
{"Coordinate":{"Latitude":35.7086312,"Longitude":139.5344002},"Nid":735017729,"Wid":802927447}
{"Coordinate":{"Latitude":35.7177626,"Longitude":139.532476},"Nid":1618620687,"Wid":148789395}
{"Coordinate":{"Latitude":35.7078542,"Longitude":139.5780721},"Nid":419796687,"Wid":145236835}
{"Coordinate":{"Latitude":35.7084747,"Longitude":139.5764872},"Nid":410471288,"Wid":145236835}
{"Coordinate":{"Latitude":35.7065013,"Longitude":139.5546003},"Nid":1586634018,"Wid":155513887}
{"Coordinate":{"Latitude":35.7377786,"Longitude":139.5459013},"Nid":1551896993,"Wid":141963961}
{"Coordinate":{"Latitude":35.73884,"Longitude":139.5456951},"Nid":1553901608,"Wid":141963961}
{"Coordinate":{"Latitude":35.7421201,"Longitude":139.5714637},"Nid":1311922959,"Wid":116359160}
{"Coordinate":{"Latitude":35.7160355,"Longitude":139.5377257},"Nid":1551802814,"Wid":148319902}
{"Coordinate":{"Latitude":35.716053,"Longitude":139.5387948},"Nid":674766711,"Wid":148319902}
{"Coordinate":{"Latitude":35.7159747,"Longitude":139.5325962},"Nid":734949272,"Wid":141764868}
{"Coordinate":{"Latitude":35.7251776,"Longitude":139.5390167},"Nid":734896407,"Wid":149986317}
{"Coordinate":{"Latitude":35.7168796,"Longitude":139.5415657},"Nid":1623748077,"Wid":149387561}
{"Coordinate":{"Latitude":35.7047467,"Longitude":139.5591761},"Nid":1126002186,"Wid":161644149}
{"Coordinate":{"Latitude":35.7057138,"Longitude":139.5597613},"Nid":1736733023,"Wid":161644149}
