{"Coordinate":{"Latitude":35.7329553,"Longitude":139.5743045},"Nid":1311927185,"Wid":116358101}
{"Coordinate":{"Latitude":35.7313758,"Longitude":139.5745012},"Nid":393096187,"Wid":116358101}
{"Coordinate":{"Latitude":35.7149686,"Longitude":139.5801245},"Nid":452504592,"Wid":100848398}
{"Coordinate":{"Latitude":35.7144708,"Longitude":139.5799522},"Nid":1165431911,"Wid":100848398}
{"Coordinate":{"Latitude":35.7226506,"Longitude":139.536286},"Nid":1625003086,"Wid":149532149}
{"Coordinate":{"Latitude":35.7091514,"Longitude":139.5565592},"Nid":-2144799557,"Wid":150303306}
{"Coordinate":{"Latitude":35.7369147,"Longitude":139.5310444},"Nid":682898318,"Wid":141963747}
{"Coordinate":{"Latitude":35.7230594,"Longitude":139.5731297},"Nid":1621520796,"Wid":201097096}
{"Coordinate":{"Latitude":35.7235514,"Longitude":139.5730888},"Nid":410471372,"Wid":201097096}
{"Coordinate":{"Latitude":35.712384,"Longitude":139.5513745},"Nid":1586654985,"Wid":145235438}
{"Coordinate":{"Latitude":35.7285824,"Longitude":139.5483234},"Nid":-356363474,"Wid":567856166}
{"Coordinate":{"Latitude":35.7082483,"Longitude":139.5371202},"Nid":735017693,"Wid":59277389}
{"Coordinate":{"Latitude":35.725579,"Longitude":139.568157},"Nid":1311923819,"Wid":116358545}
{"Coordinate":{"Latitude":35.7255097,"Longitude":139.5677168},"Nid":1311927718,"Wid":116358545}
{"Coordinate":{"Latitude":35.736381,"Longitude":139.5453955},"Nid":-1769707837,"Wid":245303710}
{"Coordinate":{"Latitude":35.712384,"Longitude":139.5513745},"Nid":1586654985,"Wid":148052363}
{"Coordinate":{"Latitude":35.7111322,"Longitude":139.5511845},"Nid":1611617953,"Wid":148052363}
{"Coordinate":{"Latitude":35.7214404,"Longitude":139.5372563},"Nid":1551803341,"Wid":160465347}
{"Coordinate":{"Latitude":35.7195959,"Longitude":139.5357257},"Nid":1626529061,"Wid":149705051}
{"Coordinate":{"Latitude":35.7265431,"Longitude":139.5341081},"Nid":734896319,"Wid":59265528}
{"Coordinate":{"Latitude":35.7335637,"Longitude":139.5383506},"Nid":-1423391266,"Wid":283271367}
{"Coordinate":{"Latitude":35.715526,"Longitude":139.573356},"Nid":1586680786,"Wid":145236974}
