{"Coordinate":{"Latitude":35.728246,"Longitude":139.5728356},"Nid":1311926099,"Wid":116358594}
{"Coordinate":{"Latitude":35.7305493,"Longitude":139.5270846},"Nid":1850960328,"Wid":174398408}
{"Coordinate":{"Latitude":35.7380083,"Longitude":139.5736579},"Nid":1311921377,"Wid":116358968}
{"Coordinate":{"Latitude":35.737857,"Longitude":139.5744037},"Nid":1311927747,"Wid":116358968}
{"Coordinate":{"Latitude":35.7383826,"Longitude":139.5658597},"Nid":1553862079,"Wid":141955745}
{"Coordinate":{"Latitude":35.7405405,"Longitude":139.5659392},"Nid":1553835645,"Wid":141955745}
{"Coordinate":{"Latitude":35.7374338,"Longitude":139.5658493},"Nid":1205363631,"Wid":572529745}
{"Coordinate":{"Latitude":35.7398277,"Longitude":139.5590934},"Nid":1553835519,"Wid":141952441}
{"Coordinate":{"Latitude":35.7398172,"Longitude":139.5596425},"Nid":1553835495,"Wid":141952441}
{"Coordinate":{"Latitude":35.7194248,"Longitude":139.5730878},"Nid":-1842359876,"Wid":43761468}
{"Coordinate":{"Latitude":35.7102864,"Longitude":139.5362774},"Nid":1650160770,"Wid":152180728}
{"Coordinate":{"Latitude":35.7109542,"Longitude":139.5362221},"Nid":1650160801,"Wid":152180728}
{"Coordinate":{"Latitude":35.713921,"Longitude":139.5577878},"Nid":732097099,"Wid":333682040}
{"Coordinate":{"Latitude":35.713921,"Longitude":139.5577878},"Nid":732097099,"Wid":333682040}
{"Coordinate":{"Latitude":35.7200619,"Longitude":139.5550101},"Nid":1615381351,"Wid":148431905}
{"Coordinate":{"Latitude":35.72186,"Longitude":139.556745},"Nid":1551847219,"Wid":145201217}
{"Coordinate":{"Latitude":35.7216038,"Longitude":139.5419294},"Nid":2045633115,"Wid":194053348}
{"Coordinate":{"Latitude":35.714807,"Longitude":139.571665},"Nid":1586680757,"Wid":145236994}
{"Coordinate":{"Latitude":35.724469,"Longitude":139.55408},"Nid":1551847641,"Wid":141775072}
{"Coordinate":{"Latitude":35.7243698,"Longitude":139.5548982},"Nid":1551847616,"Wid":141775072}
{"Coordinate":{"Latitude":35.7057597,"Longitude":139.5405063},"Nid":1767386226,"Wid":165176342}
{"Coordinate":{"Latitude":35.7283584,"Longitude":139.5223287},"Nid":733936905,"Wid":59180458}
{"Coordinate":{"Latitude":35.728407,"Longitude":139.556115},"Nid":1551848260,"Wid":141774968}
{"Coordinate":{"Latitude":35.7442135,"Longitude":139.5657054},"Nid":1199532673,"Wid":141952384}
