{"Coordinate":{"Latitude":35.713782,"Longitude":139.5273165},"Nid":688501141,"Wid":55546575}
{"Coordinate":{"Latitude":35.7137352,"Longitude":139.5275103},"Nid":1514621771,"Wid":55546575}
{"Coordinate":{"Latitude":35.7168328,"Longitude":139.5536217},"Nid":1586655156,"Wid":145235490}
{"Coordinate":{"Latitude":35.7249636,"Longitude":139.5348683},"Nid":687489222,"Wid":661619041}
{"Coordinate":{"Latitude":35.7226824,"Longitude":139.5524783},"Nid":1551847320,"Wid":141759633}
{"Coordinate":{"Latitude":35.7271151,"Longitude":139.5367176},"Nid":734949520,"Wid":141963695}
{"Coordinate":{"Latitude":35.7055166,"Longitude":139.5652412},"Nid":369672524,"Wid":32806010}
{"Coordinate":{"Latitude":35.7048026,"Longitude":139.567195},"Nid":1120806455,"Wid":32806010}
{"Coordinate":{"Latitude":35.7048026,"Longitude":139.567195},"Nid":1120806455,"Wid":32806010}
{"Coordinate":{"Latitude":35.7073425,"Longitude":139.5415462},"Nid":752126048,"Wid":145230521}
{"Coordinate":{"Latitude":35.707276,"Longitude":139.5412882},"Nid":1651318460,"Wid":145230521}
{"Coordinate":{"Latitude":35.7310555,"Longitude":139.5239783},"Nid":1551804100,"Wid":141964291}
{"Coordinate":{"Latitude":35.7307797,"Longitude":139.5253333},"Nid":1551804097,"Wid":141964291}
{"Coordinate":{"Latitude":35.7206118,"Longitude":139.5344255},"Nid":1626529089,"Wid":149705040}
{"Coordinate":{"Latitude":35.7133917,"Longitude":139.567728},"Nid":1586699338,"Wid":145238442}
{"Coordinate":{"Latitude":35.7434068,"Longitude":139.5556733},"Nid":1553836192,"Wid":141952483}
{"Coordinate":{"Latitude":35.7066446,"Longitude":139.5513216},"Nid":1586634034,"Wid":145233255}
{"Coordinate":{"Latitude":35.7088255,"Longitude":139.5225694},"Nid":1611613539,"Wid":148051749}
{"Coordinate":{"Latitude":35.7096187,"Longitude":139.5783741},"Nid":475856466,"Wid":39687364}
{"Coordinate":{"Latitude":35.7209031,"Longitude":139.5471804},"Nid":1551736628,"Wid":147778575}
{"Coordinate":{"Latitude":35.7050448,"Longitude":139.5552607},"Nid":1586633993,"Wid":37591068}
{"Coordinate":{"Latitude":35.7067688,"Longitude":139.5579692},"Nid":683867690,"Wid":145238450}
{"Coordinate":{"Latitude":35.7191869,"Longitude":139.534802},"Nid":1551803014,"Wid":148789554}
{"Coordinate":{"Latitude":35.7050302,"Longitude":139.5409536},"Nid":1767378099,"Wid":165176044}
{"Coordinate":{"Latitude":35.7161803,"Longitude":139.5369647},"Nid":778224468,"Wid":141765189}
