{"Coordinate":{"Latitude":35.7215028,"Longitude":139.5252981},"Nid":699532978,"Wid":55672161}
{"Coordinate":{"Latitude":35.7217459,"Longitude":139.524992},"Nid":699532975,"Wid":55672161}
{"Coordinate":{"Latitude":35.7084709,"Longitude":139.5465893},"Nid":286903541,"Wid":148057785}
{"Coordinate":{"Latitude":35.732587,"Longitude":139.551752},"Nid":1551894711,"Wid":141780977}
{"Coordinate":{"Latitude":35.7057803,"Longitude":139.5367033},"Nid":1623721664,"Wid":149385887}
{"Coordinate":{"Latitude":35.7446365,"Longitude":139.5471557},"Nid":1022912738,"Wid":87999854}
{"Coordinate":{"Latitude":35.7417434,"Longitude":139.5475148},"Nid":1078676825,"Wid":87999854}
{"Coordinate":{"Latitude":35.7417434,"Longitude":139.5475148},"Nid":1078676825,"Wid":87999854}
{"Coordinate":{"Latitude":35.7412445,"Longitude":139.5474072},"Nid":1078676809,"Wid":87999854}
{"Coordinate":{"Latitude":35.7162489,"Longitude":139.5396412},"Nid":1614274041,"Wid":148319892}
{"Coordinate":{"Latitude":35.7096417,"Longitude":139.5668567},"Nid":1586680454,"Wid":145238495}
{"Coordinate":{"Latitude":35.7248466,"Longitude":139.5492279},"Nid":1658857838,"Wid":153168554}
{"Coordinate":{"Latitude":35.7039945,"Longitude":139.5596293},"Nid":1112907145,"Wid":146455053}
{"Coordinate":{"Latitude":35.7217191,"Longitude":139.5434087},"Nid":-1780039671,"Wid":244143273}
{"Coordinate":{"Latitude":35.722256,"Longitude":139.5431399},"Nid":287446110,"Wid":141765057}
{"Coordinate":{"Latitude":35.7223395,"Longitude":139.5439597},"Nid":1551736977,"Wid":141765057}
{"Coordinate":{"Latitude":35.7239997,"Longitude":139.5355272},"Nid":1625003132,"Wid":149532166}
{"Coordinate":{"Latitude":35.7226475,"Longitude":139.5402786},"Nid":1651415454,"Wid":152314382}
{"Coordinate":{"Latitude":35.7185036,"Longitude":139.5366514},"Nid":1618654725,"Wid":148789924}
{"Coordinate":{"Latitude":35.7185592,"Longitude":139.5362262},"Nid":1551802935,"Wid":148789924}
{"Coordinate":{"Latitude":35.7192778,"Longitude":139.5344146},"Nid":1618631272,"Wid":149705063}
{"Coordinate":{"Latitude":35.7233205,"Longitude":139.5434778},"Nid":1551803672,"Wid":141764982}
