{"Coordinate":{"Latitude":35.71731,"Longitude":139.5304448},"Nid":674766718,"Wid":53355347}
{"Coordinate":{"Latitude":35.71731,"Longitude":139.5304448},"Nid":674766718,"Wid":53355347}
{"Coordinate":{"Latitude":35.7169416,"Longitude":139.5309045},"Nid":734949358,"Wid":53355347}
{"Coordinate":{"Latitude":35.7169416,"Longitude":139.5309045},"Nid":734949358,"Wid":53355347}
{"Coordinate":{"Latitude":35.7287452,"Longitude":139.5717131},"Nid":1311920892,"Wid":116357752}
{"Coordinate":{"Latitude":35.7067688,"Longitude":139.5579692},"Nid":683867690,"Wid":145238490}
{"Coordinate":{"Latitude":35.7064108,"Longitude":139.5589495},"Nid":1126002201,"Wid":145238490}
{"Coordinate":{"Latitude":35.737431,"Longitude":139.5482631},"Nid":-1817687037,"Wid":239955952}
{"Coordinate":{"Latitude":35.7133247,"Longitude":139.5349891},"Nid":734949231,"Wid":141782654}
{"Coordinate":{"Latitude":35.7369467,"Longitude":139.5651555},"Nid":684244891,"Wid":141780918}
{"Coordinate":{"Latitude":35.7379453,"Longitude":139.5652842},"Nid":1553861882,"Wid":141780918}
{"Coordinate":{"Latitude":35.724435,"Longitude":139.551788},"Nid":1551847637,"Wid":141775166}
{"Coordinate":{"Latitude":35.7228464,"Longitude":139.5517616},"Nid":1551737014,"Wid":141775166}
{"Coordinate":{"Latitude":35.7093425,"Longitude":139.533284},"Nid":735017733,"Wid":145129795}
{"Coordinate":{"Latitude":35.7241112,"Longitude":139.5380245},"Nid":1551803887,"Wid":141765088}
{"Coordinate":{"Latitude":35.7239709,"Longitude":139.5368008},"Nid":1551803858,"Wid":141765088}
{"Coordinate":{"Latitude":35.7094506,"Longitude":139.5529658},"Nid":-1642697604,"Wid":742069271}
{"Coordinate":{"Latitude":35.7289914,"Longitude":139.5644007},"Nid":1354233452,"Wid":657174444}
{"Coordinate":{"Latitude":35.7290404,"Longitude":139.5652437},"Nid":425344323,"Wid":657174444}
{"Coordinate":{"Latitude":35.7056042,"Longitude":139.5410485},"Nid":1767386199,"Wid":165176316}
{"Coordinate":{"Latitude":35.7222935,"Longitude":139.527278},"Nid":-1547907421,"Wid":269499099}
{"Coordinate":{"Latitude":35.7226416,"Longitude":139.5264835},"Nid":699533021,"Wid":269499099}
{"Coordinate":{"Latitude":35.7097717,"Longitude":139.566483},"Nid":1621355341,"Wid":149113413}
{"Coordinate":{"Latitude":35.7096187,"Longitude":139.5783741},"Nid":475856466,"Wid":159646892}
{"Coordinate":{"Latitude":35.7060401,"Longitude":139.5444018},"Nid":1586623179,"Wid":145230427}
{"Coordinate":{"Latitude":35.7161615,"Longitude":139.5409252},"Nid":1614274036,"Wid":148319909}
{"Coordinate":{"Latitude":35.7290581,"Longitude":139.539839},"Nid":734896494,"Wid":59265561}
{"Coordinate":{"Latitude":35.722058,"Longitude":139.5651335},"Nid":1551847235,"Wid":201097746}
{"Coordinate":{"Latitude":35.7180252,"Longitude":139.5425759},"Nid":1623748277,"Wid":149387541}
{"Coordinate":{"Latitude":35.742411,"Longitude":139.5386531},"Nid":-2017823863,"Wid":249366762}
