{"Coordinate":{"Latitude":35.7342141,"Longitude":139.5366694},"Nid":703695321,"Wid":141964207}
{"Coordinate":{"Latitude":35.7448315,"Longitude":139.5287053},"Nid":926773074,"Wid":79378877}
{"Coordinate":{"Latitude":35.7059104,"Longitude":139.5455673},"Nid":1586623175,"Wid":148057741}
{"Coordinate":{"Latitude":35.7255508,"Longitude":139.5485636},"Nid":1658857882,"Wid":153168565}
{"Coordinate":{"Latitude":35.7257763,"Longitude":139.5491048},"Nid":1658857884,"Wid":153168565}
{"Coordinate":{"Latitude":35.7424281,"Longitude":139.5362801},"Nid":682898365,"Wid":54144467}
{"Coordinate":{"Latitude":35.7229625,"Longitude":139.533128},"Nid":1551803599,"Wid":149532158}
{"Coordinate":{"Latitude":35.7233344,"Longitude":139.5334913},"Nid":1551803649,"Wid":149532158}
{"Coordinate":{"Latitude":35.7258828,"Longitude":139.5406242},"Nid":1629231415,"Wid":149986370}
{"Coordinate":{"Latitude":35.7132043,"Longitude":139.5760246},"Nid":459451950,"Wid":35911282}
{"Coordinate":{"Latitude":35.7308532,"Longitude":139.5546138},"Nid":-1817693854,"Wid":598613828}
{"Coordinate":{"Latitude":35.7164673,"Longitude":139.5529073},"Nid":1608796629,"Wid":147676552}
{"Coordinate":{"Latitude":35.724514,"Longitude":139.551794},"Nid":1551847643,"Wid":141774922}
{"Coordinate":{"Latitude":35.7110581,"Longitude":139.5552675},"Nid":1610603344,"Wid":147930909}
{"Coordinate":{"Latitude":35.7042214,"Longitude":139.545187},"Nid":1586623136,"Wid":145229965}
{"Coordinate":{"Latitude":35.7349354,"Longitude":139.5339821},"Nid":1553901384,"Wid":141964244}
{"Coordinate":{"Latitude":35.7359715,"Longitude":139.5339717},"Nid":1553901422,"Wid":141964244}
{"Coordinate":{"Latitude":35.7226475,"Longitude":139.5402786},"Nid":1651415454,"Wid":149986360}
{"Coordinate":{"Latitude":35.7431205,"Longitude":139.5348902},"Nid":752136384,"Wid":249366761}
{"Coordinate":{"Latitude":35.7167978,"Longitude":139.5412912},"Nid":1623748060,"Wid":149387550}
