{"Coordinate":{"Latitude":35.7351712,"Longitude":139.540163},"Nid":1551895955,"Wid":141963794}
{"Coordinate":{"Latitude":35.7416904,"Longitude":139.5355966},"Nid":1419177901,"Wid":601139159}
{"Coordinate":{"Latitude":35.7355179,"Longitude":139.5433137},"Nid":1551896227,"Wid":141781204}
{"Coordinate":{"Latitude":35.7355829,"Longitude":139.5437935},"Nid":-1769707841,"Wid":141781204}
{"Coordinate":{"Latitude":35.7140027,"Longitude":139.5461294},"Nid":1586655079,"Wid":145235436}
{"Coordinate":{"Latitude":35.712536,"Longitude":139.5452106},"Nid":732097079,"Wid":145235436}
{"Coordinate":{"Latitude":35.712536,"Longitude":139.5452106},"Nid":732097079,"Wid":145235436}
{"Coordinate":{"Latitude":35.7077787,"Longitude":139.5449377},"Nid":1611666981,"Wid":148057749}
{"Coordinate":{"Latitude":35.7074904,"Longitude":139.5446795},"Nid":1611666969,"Wid":148057749}
{"Coordinate":{"Latitude":35.7446702,"Longitude":139.5541574},"Nid":734176320,"Wid":141878135}
{"Coordinate":{"Latitude":35.7439287,"Longitude":139.5527479},"Nid":734176410,"Wid":141878135}
{"Coordinate":{"Latitude":35.7249053,"Longitude":139.5364147},"Nid":1629231372,"Wid":149986377}
{"Coordinate":{"Latitude":35.7249053,"Longitude":139.5364147},"Nid":1629231372,"Wid":149986377}
{"Coordinate":{"Latitude":35.7249421,"Longitude":139.537523},"Nid":1629231375,"Wid":149986377}
{"Coordinate":{"Latitude":35.7357597,"Longitude":139.5813413},"Nid":1311928571,"Wid":116357985}
{"Coordinate":{"Latitude":35.7133195,"Longitude":139.5380352},"Nid":734949338,"Wid":59272259}
{"Coordinate":{"Latitude":35.721945,"Longitude":139.551449},"Nid":1551736960,"Wid":145201238}
{"Coordinate":{"Latitude":35.7228464,"Longitude":139.5517616},"Nid":1551737014,"Wid":145201238}
{"Coordinate":{"Latitude":35.715716,"Longitude":139.5594937},"Nid":1620122434,"Wid":148951985}
{"Coordinate":{"Latitude":35.7046223,"Longitude":139.5372775},"Nid":735017563,"Wid":96164647}
{"Coordinate":{"Latitude":35.7269766,"Longitude":139.5754226},"Nid":410119178,"Wid":34322473}
{"Coordinate":{"Latitude":35.7210437,"Longitude":139.5421466},"Nid":1609658122,"Wid":147778732}
{"Coordinate":{"Latitude":35.7215272,"Longitude":139.5421349},"Nid":-1780039676,"Wid":147778732}
{"Coordinate":{"Latitude":35.7050036,"Longitude":139.5600555},"Nid":1112907131,"Wid":96054586}
{"Coordinate":{"Latitude":35.7116962,"Longitude":139.5300348},"Nid":735017788,"Wid":145230207}
{"Coordinate":{"Latitude":35.7055099,"Longitude":139.5396909},"Nid":1767386187,"Wid":165176365}
{"Coordinate":{"Latitude":35.7052024,"Longitude":139.5399427},"Nid":1767386142,"Wid":165176365}
{"Coordinate":{"Latitude":35.7079604,"Longitude":139.5278464},"Nid":1611613364,"Wid":148051992}
{"Coordinate":{"Latitude":35.7085334,"Longitude":139.527897},"Nid":-1500459458,"Wid":148051992}
{"Coordinate":{"Latitude":35.7090236,"Longitude":139.5279312},"Nid":1611613589,"Wid":148051992}
{"Coordinate":{"Latitude":35.7379386,"Longitude":139.5252798},"Nid":1339795143,"Wid":423962345}
{"Coordinate":{"Latitude":35.7390948,"Longitude":139.5261565},"Nid":-1787122304,"Wid":423962345}
{"Coordinate":{"Latitude":35.7442853,"Longitude":139.5439709},"Nid":1078676871,"Wid":93059781}
{"Coordinate":{"Latitude":35.7148853,"Longitude":139.5393973},"Nid":1614273978,"Wid":148319878}
{"Coordinate":{"Latitude":35.7042781,"Longitude":139.5305885},"Nid":567871092,"Wid":44778595}
{"Coordinate":{"Latitude":35.7115556,"Longitude":139.5617382},"Nid":732097110,"Wid":145237123}
{"Coordinate":{"Latitude":35.7320367,"Longitude":139.529528},"Nid":1553901267,"Wid":141963980}
{"Coordinate":{"Latitude":35.732285,"Longitude":139.5287037},"Nid":-1643697966,"Wid":141963980}
{"Coordinate":{"Latitude":35.7398767,"Longitude":139.5581691},"Nid":1553835537,"Wid":141952427}
{"Coordinate":{"Latitude":35.7430693,"Longitude":139.5586105},"Nid":1553836114,"Wid":141952411}
{"Coordinate":{"Latitude":35.7215016,"Longitude":139.5384545},"Nid":-2014117162,"Wid":218877508}
{"Coordinate":{"Latitude":35.7217187,"Longitude":139.5390846},"Nid":-2014117160,"Wid":218877508}
{"Coordinate":{"Latitude":35.714384,"Longitude":139.57025},"Nid":1586680736,"Wid":145236973}
