{"Coordinate":{"Latitude":35.7323668,"Longitude":139.5284324},"Nid":1553901288,"Wid":141964035}
{"Coordinate":{"Latitude":35.71551,"Longitude":139.568117},"Nid":1586699366,"Wid":145238520}
{"Coordinate":{"Latitude":35.7136582,"Longitude":139.5670344},"Nid":1586699344,"Wid":145238520}
{"Coordinate":{"Latitude":35.7302563,"Longitude":139.5504617},"Nid":1551893857,"Wid":141780823}
{"Coordinate":{"Latitude":35.7314015,"Longitude":139.5503661},"Nid":1551894197,"Wid":141780823}
{"Coordinate":{"Latitude":35.7314015,"Longitude":139.5503661},"Nid":1551894197,"Wid":141780823}
{"Coordinate":{"Latitude":35.7318442,"Longitude":139.5504989},"Nid":1551894410,"Wid":141780823}
{"Coordinate":{"Latitude":35.7442069,"Longitude":139.5494689},"Nid":-2032724754,"Wid":241577007}
{"Coordinate":{"Latitude":35.7158228,"Longitude":139.5592026},"Nid":1620122442,"Wid":148951913}
{"Coordinate":{"Latitude":35.7341554,"Longitude":139.5799338},"Nid":1311927821,"Wid":106293818}
{"Coordinate":{"Latitude":35.7054619,"Longitude":139.5410731},"Nid":1767386177,"Wid":165176324}
{"Coordinate":{"Latitude":35.7246961,"Longitude":139.5492546},"Nid":1551847680,"Wid":141774871}
{"Coordinate":{"Latitude":35.7334999,"Longitude":139.5631626},"Nid":1551894990,"Wid":141781127}
{"Coordinate":{"Latitude":35.72842,"Longitude":139.542346},"Nid":1629902546,"Wid":241113279}
{"Coordinate":{"Latitude":35.7285218,"Longitude":139.5424987},"Nid":1629902553,"Wid":241113279}
{"Coordinate":{"Latitude":35.7285218,"Longitude":139.5424987},"Nid":1629902553,"Wid":150057314}
{"Coordinate":{"Latitude":35.7086263,"Longitude":139.5312793},"Nid":1611613480,"Wid":148051984}
{"Coordinate":{"Latitude":35.7172772,"Longitude":139.57498},"Nid":410119164,"Wid":638785776}
