{"Coordinate":{"Latitude":35.735716,"Longitude":139.5725487},"Nid":1311923453,"Wid":116358819}
{"Coordinate":{"Latitude":35.7272612,"Longitude":139.5704733},"Nid":1311921222,"Wid":116359088}
{"Coordinate":{"Latitude":35.7414296,"Longitude":139.5351119},"Nid":1553902042,"Wid":141964303}
{"Coordinate":{"Latitude":35.7416904,"Longitude":139.5355966},"Nid":1419177901,"Wid":141964303}
{"Coordinate":{"Latitude":35.7416904,"Longitude":139.5355966},"Nid":1419177901,"Wid":141964303}
{"Coordinate":{"Latitude":35.7097665,"Longitude":139.5812232},"Nid":504928456,"Wid":41293337}
{"Coordinate":{"Latitude":35.7221255,"Longitude":139.5790382},"Nid":425344239,"Wid":149530803}
{"Coordinate":{"Latitude":35.7379386,"Longitude":139.5252798},"Nid":1339795143,"Wid":243360581}
{"Coordinate":{"Latitude":35.7402676,"Longitude":139.5787613},"Nid":1311923415,"Wid":638033607}
{"Coordinate":{"Latitude":35.7251922,"Longitude":139.5276759},"Nid":-1415097607,"Wid":284237713}
{"Coordinate":{"Latitude":35.7255672,"Longitude":139.5280209},"Nid":-1415097602,"Wid":284237713}
{"Coordinate":{"Latitude":35.712152,"Longitude":139.5787603},"Nid":475856469,"Wid":145236952}
{"Coordinate":{"Latitude":35.7120551,"Longitude":139.5418551},"Nid":732097067,"Wid":147857355}
{"Coordinate":{"Latitude":35.7281974,"Longitude":139.5728402},"Nid":1311926852,"Wid":116358824}
{"Coordinate":{"Latitude":35.730457,"Longitude":139.541243},"Nid":1551893942,"Wid":141780938}
{"Coordinate":{"Latitude":35.7082826,"Longitude":139.580437},"Nid":1165431838,"Wid":159646864}
{"Coordinate":{"Latitude":35.713125,"Longitude":139.5432089},"Nid":1614273923,"Wid":148319877}
{"Coordinate":{"Latitude":35.7368726,"Longitude":139.5631738},"Nid":1551896888,"Wid":141780879}
{"Coordinate":{"Latitude":35.7183242,"Longitude":139.5759108},"Nid":410471311,"Wid":145237043}
