{"Coordinate":{"Latitude":35.7278214,"Longitude":139.5306509},"Nid":703516315,"Wid":56047911}
{"Coordinate":{"Latitude":35.7050448,"Longitude":139.5552607},"Nid":1586633993,"Wid":145233229}
{"Coordinate":{"Latitude":35.7055464,"Longitude":139.5555782},"Nid":683867681,"Wid":145233229}
{"Coordinate":{"Latitude":35.706011,"Longitude":139.5558722},"Nid":683867685,"Wid":145233229}
{"Coordinate":{"Latitude":35.7064895,"Longitude":139.556175},"Nid":1586634027,"Wid":145233229}
{"Coordinate":{"Latitude":35.7073053,"Longitude":139.5566914},"Nid":1586634051,"Wid":145233229}
{"Coordinate":{"Latitude":35.7184215,"Longitude":139.5455915},"Nid":1624984894,"Wid":149530325}
{"Coordinate":{"Latitude":35.7182442,"Longitude":139.5451429},"Nid":1551735944,"Wid":149530325}
{"Coordinate":{"Latitude":35.7146289,"Longitude":139.5806615},"Nid":425344231,"Wid":36504127}
{"Coordinate":{"Latitude":35.7149686,"Longitude":139.5801245},"Nid":452504592,"Wid":36504127}
{"Coordinate":{"Latitude":35.7149686,"Longitude":139.5801245},"Nid":452504592,"Wid":36504127}
{"Coordinate":{"Latitude":35.717088,"Longitude":139.5773868},"Nid":419796713,"Wid":36504127}
{"Coordinate":{"Latitude":35.717088,"Longitude":139.5773868},"Nid":419796713,"Wid":36504127}
{"Coordinate":{"Latitude":35.7353705,"Longitude":139.5441261},"Nid":-1769707847,"Wid":245303723}
{"Coordinate":{"Latitude":35.7355678,"Longitude":139.5445682},"Nid":-1769707842,"Wid":245303723}
{"Coordinate":{"Latitude":35.7075049,"Longitude":139.5602939},"Nid":1586699190,"Wid":145238349}
{"Coordinate":{"Latitude":35.7075049,"Longitude":139.5602939},"Nid":1586699190,"Wid":145238349}
{"Coordinate":{"Latitude":35.7077971,"Longitude":139.5586089},"Nid":554186570,"Wid":145238349}
{"Coordinate":{"Latitude":35.7077971,"Longitude":139.5586089},"Nid":554186570,"Wid":145238349}
{"Coordinate":{"Latitude":35.708031,"Longitude":139.5572369},"Nid":1679012130,"Wid":145238349}
{"Coordinate":{"Latitude":35.7263923,"Longitude":139.5449697},"Nid":1551847969,"Wid":141775102}
{"Coordinate":{"Latitude":35.7368555,"Longitude":139.5629097},"Nid":1551896885,"Wid":657495523}
{"Coordinate":{"Latitude":35.7368726,"Longitude":139.5631738},"Nid":1551896888,"Wid":657495523}
{"Coordinate":{"Latitude":35.7424537,"Longitude":139.5302374},"Nid":1553902122,"Wid":141964003}
{"Coordinate":{"Latitude":35.7268275,"Longitude":139.5414728},"Nid":1629902273,"Wid":150057357}
{"Coordinate":{"Latitude":35.70474,"Longitude":139.5640491},"Nid":366812646,"Wid":145130470}
{"Coordinate":{"Latitude":35.7243535,"Longitude":139.5364733},"Nid":1551929264,"Wid":149532148}
{"Coordinate":{"Latitude":35.7261535,"Longitude":139.5350497},"Nid":734896331,"Wid":149986357}
{"Coordinate":{"Latitude":35.7260178,"Longitude":139.5355574},"Nid":734896330,"Wid":149986357}
