{"Coordinate":{"Latitude":35.7143455,"Longitude":139.5349936},"Nid":1551929217,"Wid":141782633}
{"Coordinate":{"Latitude":35.7273101,"Longitude":139.5720379},"Nid":1311921503,"Wid":116357641}
{"Coordinate":{"Latitude":35.7099347,"Longitude":139.5803546},"Nid":1165431861,"Wid":100848382}
{"Coordinate":{"Latitude":35.7091258,"Longitude":139.5799514},"Nid":1165431880,"Wid":100848382}
{"Coordinate":{"Latitude":35.7198363,"Longitude":139.5330486},"Nid":1626529064,"Wid":149705069}
{"Coordinate":{"Latitude":35.720165,"Longitude":139.5391259},"Nid":-2014117187,"Wid":218877496}
{"Coordinate":{"Latitude":35.7337416,"Longitude":139.5455168},"Nid":1551895179,"Wid":141781018}
{"Coordinate":{"Latitude":35.7337416,"Longitude":139.5455168},"Nid":1551895179,"Wid":141781018}
{"Coordinate":{"Latitude":35.7338696,"Longitude":139.5439602},"Nid":1551895231,"Wid":141781018}
{"Coordinate":{"Latitude":35.734666,"Longitude":139.555212},"Nid":1551895758,"Wid":141781167}
{"Coordinate":{"Latitude":35.7352931,"Longitude":139.5542017},"Nid":1551896031,"Wid":141781167}
{"Coordinate":{"Latitude":35.7052024,"Longitude":139.5399427},"Nid":1767386142,"Wid":165176370}
{"Coordinate":{"Latitude":35.7054294,"Longitude":139.5402126},"Nid":1767386171,"Wid":165176370}
{"Coordinate":{"Latitude":35.7113588,"Longitude":139.5572346},"Nid":1586654915,"Wid":150303329}
{"Coordinate":{"Latitude":35.7062013,"Longitude":139.559531},"Nid":1126002194,"Wid":145238473}
{"Coordinate":{"Latitude":35.7229044,"Longitude":139.5423851},"Nid":-1780039613,"Wid":244143278}
{"Coordinate":{"Latitude":35.7065945,"Longitude":139.5470817},"Nid":1586623206,"Wid":145230252}
{"Coordinate":{"Latitude":35.7296821,"Longitude":139.5392756},"Nid":-1635849351,"Wid":260421515}
{"Coordinate":{"Latitude":35.730519,"Longitude":139.5454175},"Nid":1551893973,"Wid":149116055}
{"Coordinate":{"Latitude":35.7094757,"Longitude":139.5389709},"Nid":1650163510,"Wid":56197710}
{"Coordinate":{"Latitude":35.7109996,"Longitude":139.5418839},"Nid":1610041708,"Wid":148057648}
{"Coordinate":{"Latitude":35.710088,"Longitude":139.5551224},"Nid":1586634161,"Wid":145233228}
