{"Coordinate":{"Latitude":35.7209988,"Longitude":139.5320108},"Nid":1652820776,"Wid":152464566}
{"Coordinate":{"Latitude":35.7209061,"Longitude":139.5312241},"Nid":1551803256,"Wid":152464566}
{"Coordinate":{"Latitude":35.7098748,"Longitude":139.5724021},"Nid":-912869582,"Wid":175366519}
{"Coordinate":{"Latitude":35.7338696,"Longitude":139.5439602},"Nid":1551895231,"Wid":141781039}
{"Coordinate":{"Latitude":35.7405255,"Longitude":139.5348108},"Nid":-1787118376,"Wid":243360780}
{"Coordinate":{"Latitude":35.7226305,"Longitude":139.5791546},"Nid":1624992810,"Wid":149530817}
{"Coordinate":{"Latitude":35.726272,"Longitude":139.56855},"Nid":1311925859,"Wid":116358227}
{"Coordinate":{"Latitude":35.7085996,"Longitude":139.5540858},"Nid":393724339,"Wid":145233257}
{"Coordinate":{"Latitude":35.7071154,"Longitude":139.5530505},"Nid":1586634049,"Wid":145233257}
{"Coordinate":{"Latitude":35.7107818,"Longitude":139.5576575},"Nid":1586680543,"Wid":150303336}
{"Coordinate":{"Latitude":35.7342195,"Longitude":139.5753723},"Nid":1311921108,"Wid":570432305}
{"Coordinate":{"Latitude":35.7201716,"Longitude":139.5424765},"Nid":1551736421,"Wid":141759447}
{"Coordinate":{"Latitude":35.7164765,"Longitude":139.5413009},"Nid":1614274046,"Wid":148319863}
{"Coordinate":{"Latitude":35.7131379,"Longitude":139.5362571},"Nid":1650196469,"Wid":152183183}
{"Coordinate":{"Latitude":35.7246441,"Longitude":139.5364406},"Nid":1629231356,"Wid":149986346}
{"Coordinate":{"Latitude":35.7146133,"Longitude":139.5806854},"Nid":-1140818209,"Wid":694856736}
