{"Coordinate":{"Latitude":35.7318742,"Longitude":139.5452782},"Nid":1551894412,"Wid":141781042}
{"Coordinate":{"Latitude":35.731934,"Longitude":139.5447825},"Nid":-1769707873,"Wid":141781042}
{"Coordinate":{"Latitude":35.707217,"Longitude":139.5445822},"Nid":1611666951,"Wid":148057786}
{"Coordinate":{"Latitude":35.7262806,"Longitude":139.5810103},"Nid":1161704153,"Wid":100490630}
{"Coordinate":{"Latitude":35.7262806,"Longitude":139.5810103},"Nid":1161704153,"Wid":100490632}
{"Coordinate":{"Latitude":35.744833,"Longitude":139.5509478},"Nid":734176326,"Wid":87999863}
{"Coordinate":{"Latitude":35.709641,"Longitude":139.5430564},"Nid":1610041658,"Wid":147857339}
{"Coordinate":{"Latitude":35.7106711,"Longitude":139.543349},"Nid":1586654886,"Wid":147857339}
{"Coordinate":{"Latitude":35.7149843,"Longitude":139.5511965},"Nid":1608796580,"Wid":147676562}
{"Coordinate":{"Latitude":35.7065126,"Longitude":139.544447},"Nid":1586623190,"Wid":148057644}
{"Coordinate":{"Latitude":35.7065126,"Longitude":139.544447},"Nid":1586623190,"Wid":148057644}
{"Coordinate":{"Latitude":35.7063897,"Longitude":139.5459248},"Nid":1611666896,"Wid":148057644}
{"Coordinate":{"Latitude":35.7063897,"Longitude":139.5459248},"Nid":1611666896,"Wid":148057644}
{"Coordinate":{"Latitude":35.7235798,"Longitude":139.5600888},"Nid":1631132011,"Wid":150181344}
{"Coordinate":{"Latitude":35.7235889,"Longitude":139.5604842},"Nid":1631132017,"Wid":150181344}
{"Coordinate":{"Latitude":35.7071649,"Longitude":139.5383676},"Nid":700848637,"Wid":96164649}
{"Coordinate":{"Latitude":35.704611,"Longitude":139.5399296},"Nid":1114406633,"Wid":96164649}
{"Coordinate":{"Latitude":35.7201351,"Longitude":139.570716},"Nid":-1842359864,"Wid":638785858}
{"Coordinate":{"Latitude":35.7388165,"Longitude":139.5593048},"Nid":-2034016432,"Wid":657495524}
{"Coordinate":{"Latitude":35.732242,"Longitude":139.5695586},"Nid":1311921931,"Wid":116357566}
{"Coordinate":{"Latitude":35.7282716,"Longitude":139.5360956},"Nid":734885877,"Wid":59264247}
{"Coordinate":{"Latitude":35.7186213,"Longitude":139.5371226},"Nid":1618654733,"Wid":148789934}
{"Coordinate":{"Latitude":35.7242913,"Longitude":139.5433058},"Nid":-1500457109,"Wid":274783068}
{"Coordinate":{"Latitude":35.7117746,"Longitude":139.5229387},"Nid":1665765921,"Wid":153964930}
{"Coordinate":{"Latitude":35.7134794,"Longitude":139.5380498},"Nid":1650178039,"Wid":152181618}
{"Coordinate":{"Latitude":35.7212785,"Longitude":139.5663089},"Nid":-1334283826,"Wid":292517579}
