{"Coordinate":{"Latitude":35.72842,"Longitude":139.542346},"Nid":1629902546,"Wid":241113280}
{"Coordinate":{"Latitude":35.7097047,"Longitude":139.5781169},"Nid":425344234,"Wid":36504125}
{"Coordinate":{"Latitude":35.7097047,"Longitude":139.5781169},"Nid":425344234,"Wid":36504125}
{"Coordinate":{"Latitude":35.710624,"Longitude":139.5785815},"Nid":425344233,"Wid":36504125}
{"Coordinate":{"Latitude":35.7119518,"Longitude":139.5793025},"Nid":459448594,"Wid":36504125}
{"Coordinate":{"Latitude":35.7311054,"Longitude":139.5575847},"Nid":1138498111,"Wid":212573963}
{"Coordinate":{"Latitude":35.7437614,"Longitude":139.5760243},"Nid":1223317360,"Wid":116358910}
{"Coordinate":{"Latitude":35.7186956,"Longitude":139.5625246},"Nid":1354233485,"Wid":120875200}
{"Coordinate":{"Latitude":35.7176343,"Longitude":139.5622989},"Nid":1354233468,"Wid":120875200}
{"Coordinate":{"Latitude":35.7255217,"Longitude":139.561525},"Nid":1551847843,"Wid":141775143}
{"Coordinate":{"Latitude":35.7261262,"Longitude":139.5600505},"Nid":1551847925,"Wid":141775143}
{"Coordinate":{"Latitude":35.7432774,"Longitude":139.5314393},"Nid":-94601584,"Wid":420050816}
{"Coordinate":{"Latitude":35.7149202,"Longitude":139.5365971},"Nid":1650196486,"Wid":152183192}
{"Coordinate":{"Latitude":35.7447589,"Longitude":139.5455126},"Nid":1078676814,"Wid":141878142}
{"Coordinate":{"Latitude":35.742319,"Longitude":139.5460449},"Nid":926799673,"Wid":141878142}
{"Coordinate":{"Latitude":35.7245201,"Longitude":139.5239755},"Nid":699532991,"Wid":292494516}
{"Coordinate":{"Latitude":35.7359813,"Longitude":139.5614595},"Nid":1551896387,"Wid":141780919}
{"Coordinate":{"Latitude":35.7359813,"Longitude":139.5614595},"Nid":1551896387,"Wid":141780919}
{"Coordinate":{"Latitude":35.7366159,"Longitude":139.5614447},"Nid":1551896745,"Wid":141780919}
{"Coordinate":{"Latitude":35.7067171,"Longitude":139.5232773},"Nid":-2131083940,"Wid":206381392}
{"Coordinate":{"Latitude":35.7048065,"Longitude":139.5409423},"Nid":1767378086,"Wid":165176047}
{"Coordinate":{"Latitude":35.7312348,"Longitude":139.5636573},"Nid":1551894143,"Wid":141780902}
{"Coordinate":{"Latitude":35.7310976,"Longitude":139.5639464},"Nid":1551894120,"Wid":141780902}
{"Coordinate":{"Latitude":35.725706,"Longitude":139.5716028},"Nid":1311921517,"Wid":116357961}
{"Coordinate":{"Latitude":35.716182,"Longitude":139.5412947},"Nid":678573889,"Wid":148319870}
{"Coordinate":{"Latitude":35.7282586,"Longitude":139.5443119},"Nid":1621376760,"Wid":149116039}
{"Coordinate":{"Latitude":35.7075049,"Longitude":139.5602939},"Nid":1586699190,"Wid":145238518}
{"Coordinate":{"Latitude":35.708037,"Longitude":139.5606204},"Nid":1736155475,"Wid":145238518}
{"Coordinate":{"Latitude":35.7089993,"Longitude":139.5443063},"Nid":1612886746,"Wid":148183086}
{"Coordinate":{"Latitude":35.7124882,"Longitude":139.5778749},"Nid":1586680683,"Wid":145237074}
{"Coordinate":{"Latitude":35.7120701,"Longitude":139.5778043},"Nid":419796694,"Wid":145237074}
{"Coordinate":{"Latitude":35.7133878,"Longitude":139.5574205},"Nid":732097098,"Wid":59062087}
{"Coordinate":{"Latitude":35.7212933,"Longitude":139.527208},"Nid":-1547907449,"Wid":269499095}
{"Coordinate":{"Latitude":35.727894,"Longitude":139.5349293},"Nid":734885882,"Wid":158185463}
