{"Coordinate":{"Latitude":35.7057744,"Longitude":139.5771445},"Nid":982125511,"Wid":145238543}
{"Coordinate":{"Latitude":35.7057744,"Longitude":139.5771445},"Nid":982125511,"Wid":145238543}
{"Coordinate":{"Latitude":35.7056216,"Longitude":139.5775785},"Nid":982125423,"Wid":145238543}
{"Coordinate":{"Latitude":35.7267009,"Longitude":139.5463807},"Nid":1551848007,"Wid":241572808}
{"Coordinate":{"Latitude":35.7237291,"Longitude":139.5783944},"Nid":419796733,"Wid":694901930}
{"Coordinate":{"Latitude":35.7199281,"Longitude":139.549309},"Nid":1551736350,"Wid":141759538}
{"Coordinate":{"Latitude":35.7389963,"Longitude":139.5264126},"Nid":1339795116,"Wid":119178453}
{"Coordinate":{"Latitude":35.7390948,"Longitude":139.5261565},"Nid":-1787122304,"Wid":119178453}
{"Coordinate":{"Latitude":35.7405753,"Longitude":139.5267761},"Nid":1339795307,"Wid":119178453}
{"Coordinate":{"Latitude":35.7248128,"Longitude":139.5351137},"Nid":734896325,"Wid":141764959}
{"Coordinate":{"Latitude":35.7249636,"Longitude":139.5348683},"Nid":687489222,"Wid":141764959}
{"Coordinate":{"Latitude":35.7255648,"Longitude":139.5332762},"Nid":687489225,"Wid":141764959}
{"Coordinate":{"Latitude":35.7255648,"Longitude":139.5332762},"Nid":687489225,"Wid":141764959}
{"Coordinate":{"Latitude":35.7280323,"Longitude":139.578998},"Nid":-1643647273,"Wid":106337505}
{"Coordinate":{"Latitude":35.7280323,"Longitude":139.578998},"Nid":-1643647273,"Wid":106337505}
{"Coordinate":{"Latitude":35.7132552,"Longitude":139.5236899},"Nid":701730455,"Wid":177953004}
{"Coordinate":{"Latitude":35.7132552,"Longitude":139.5236899},"Nid":701730455,"Wid":177953004}
{"Coordinate":{"Latitude":35.7131361,"Longitude":139.52436},"Nid":701730459,"Wid":177953004}
{"Coordinate":{"Latitude":35.7198782,"Longitude":139.5719245},"Nid":1586680892,"Wid":145237083}
{"Coordinate":{"Latitude":35.7255544,"Longitude":139.5283456},"Nid":-1415097603,"Wid":284237708}
{"Coordinate":{"Latitude":35.738314,"Longitude":139.541284},"Nid":1553901577,"Wid":141964279}
{"Coordinate":{"Latitude":35.7245573,"Longitude":139.5408161},"Nid":1551803990,"Wid":141765063}
{"Coordinate":{"Latitude":35.7237585,"Longitude":139.5409031},"Nid":1551803821,"Wid":141765063}
{"Coordinate":{"Latitude":35.722857,"Longitude":139.545124},"Nid":1551803577,"Wid":141775141}
{"Coordinate":{"Latitude":35.7231676,"Longitude":139.5457257},"Nid":1551847420,"Wid":141775141}
{"Coordinate":{"Latitude":35.7323315,"Longitude":139.5804043},"Nid":1223788787,"Wid":100613704}
{"Coordinate":{"Latitude":35.7191291,"Longitude":139.555192},"Nid":1586655194,"Wid":145235492}
{"Coordinate":{"Latitude":35.7189742,"Longitude":139.5552359},"Nid":1615381237,"Wid":145235492}
{"Coordinate":{"Latitude":35.7102703,"Longitude":139.5358715},"Nid":735017764,"Wid":59277416}
{"Coordinate":{"Latitude":35.72537,"Longitude":139.547704},"Nid":1551847812,"Wid":153168548}
{"Coordinate":{"Latitude":35.7307797,"Longitude":139.5253333},"Nid":1551804097,"Wid":141964079}
{"Coordinate":{"Latitude":35.721065,"Longitude":139.5416815},"Nid":-1780039681,"Wid":244143280}
{"Coordinate":{"Latitude":35.7112468,"Longitude":139.5394752},"Nid":1611667072,"Wid":260723541}
{"Coordinate":{"Latitude":35.7416877,"Longitude":139.5746801},"Nid":1311922171,"Wid":637899848}
{"Coordinate":{"Latitude":35.7325822,"Longitude":139.5611235},"Nid":1551894701,"Wid":141781026}
{"Coordinate":{"Latitude":35.7353584,"Longitude":139.5540978},"Nid":1551896063,"Wid":141781230}
{"Coordinate":{"Latitude":35.7335364,"Longitude":139.5544413},"Nid":2082779883,"Wid":141781230}
{"Coordinate":{"Latitude":35.7208192,"Longitude":139.5446032},"Nid":1551736633,"Wid":147778588}
{"Coordinate":{"Latitude":35.7213382,"Longitude":139.544342},"Nid":1551736802,"Wid":147778588}
