{"Coordinate":{"Latitude":35.7242553,"Longitude":139.5667337},"Nid":1311926326,"Wid":638645996}
{"Coordinate":{"Latitude":35.7234407,"Longitude":139.5329315},"Nid":1551803686,"Wid":141765138}
{"Coordinate":{"Latitude":35.7274316,"Longitude":139.5799876},"Nid":475856447,"Wid":100492852}
{"Coordinate":{"Latitude":35.7275605,"Longitude":139.5808347},"Nid":1161725663,"Wid":100492852}
{"Coordinate":{"Latitude":35.7046888,"Longitude":139.5452282},"Nid":1586623142,"Wid":148183093}
{"Coordinate":{"Latitude":35.7042214,"Longitude":139.545187},"Nid":1586623136,"Wid":148183093}
{"Coordinate":{"Latitude":35.7295192,"Longitude":139.5563856},"Nid":1551893578,"Wid":141780869}
{"Coordinate":{"Latitude":35.7134752,"Longitude":139.5322954},"Nid":1732812038,"Wid":161290979}
{"Coordinate":{"Latitude":35.7130228,"Longitude":139.5326652},"Nid":1732812033,"Wid":161290979}
{"Coordinate":{"Latitude":35.7446657,"Longitude":139.5667147},"Nid":1199532682,"Wid":141952537}
{"Coordinate":{"Latitude":35.743302,"Longitude":139.567075},"Nid":1553836165,"Wid":141952537}
{"Coordinate":{"Latitude":35.7146984,"Longitude":139.5439447},"Nid":1614273972,"Wid":148319899}
{"Coordinate":{"Latitude":35.7255672,"Longitude":139.5280209},"Nid":-1415097602,"Wid":284237704}
{"Coordinate":{"Latitude":35.7301642,"Longitude":139.5601604},"Nid":1551893841,"Wid":141780971}
{"Coordinate":{"Latitude":35.7300437,"Longitude":139.5591887},"Nid":1551893728,"Wid":141780971}
{"Coordinate":{"Latitude":35.705717,"Longitude":139.5401783},"Nid":1767386213,"Wid":165176321}
{"Coordinate":{"Latitude":35.7172143,"Longitude":139.5401039},"Nid":1623748128,"Wid":149387533}
{"Coordinate":{"Latitude":35.7265714,"Longitude":139.5676578},"Nid":-1643647196,"Wid":560080432}
{"Coordinate":{"Latitude":35.7255097,"Longitude":139.5677168},"Nid":1311927718,"Wid":560080432}
{"Coordinate":{"Latitude":35.7241271,"Longitude":139.5463832},"Nid":1551847573,"Wid":141775071}
{"Coordinate":{"Latitude":35.7208836,"Longitude":139.546149},"Nid":1551736620,"Wid":147778582}
{"Coordinate":{"Latitude":35.7271873,"Longitude":139.544081},"Nid":1551848055,"Wid":141775053}
{"Coordinate":{"Latitude":35.7263923,"Longitude":139.5449697},"Nid":1551847969,"Wid":141775053}
{"Coordinate":{"Latitude":35.7162282,"Longitude":139.5421752},"Nid":1614274040,"Wid":148319885}
{"Coordinate":{"Latitude":35.722835,"Longitude":139.561488},"Nid":1551847360,"Wid":141774918}
{"Coordinate":{"Latitude":35.7231931,"Longitude":139.5595928},"Nid":1631131880,"Wid":150181327}
{"Coordinate":{"Latitude":35.7216979,"Longitude":139.5318801},"Nid":687489213,"Wid":141764895}
{"Coordinate":{"Latitude":35.7214775,"Longitude":139.531584},"Nid":1551803330,"Wid":141764895}
{"Coordinate":{"Latitude":35.7247715,"Longitude":139.547471},"Nid":1658857834,"Wid":153168553}
{"Coordinate":{"Latitude":35.7228266,"Longitude":139.55965},"Nid":1551847344,"Wid":141775062}
{"Coordinate":{"Latitude":35.7228266,"Longitude":139.55965},"Nid":1551847344,"Wid":141775062}
{"Coordinate":{"Latitude":35.7258686,"Longitude":139.5403468},"Nid":734896448,"Wid":149986322}
{"Coordinate":{"Latitude":35.7060764,"Longitude":139.5528075},"Nid":1679012131,"Wid":161644144}
{"Coordinate":{"Latitude":35.7054805,"Longitude":139.5407532},"Nid":1767386180,"Wid":165176303}
{"Coordinate":{"Latitude":35.7083941,"Longitude":139.529048},"Nid":-1500459462,"Wid":274782839}
{"Coordinate":{"Latitude":35.7274122,"Longitude":139.5426285},"Nid":1629902431,"Wid":150057368}
{"Coordinate":{"Latitude":35.7195849,"Longitude":139.5417808},"Nid":734896366,"Wid":149387519}
{"Coordinate":{"Latitude":35.7268102,"Longitude":139.530116},"Nid":734885805,"Wid":174398399}
