{"Coordinate":{"Latitude":35.7396379,"Longitude":139.5291397},"Nid":682898323,"Wid":283271381}
{"Coordinate":{"Latitude":35.7314015,"Longitude":139.5503661},"Nid":1551894197,"Wid":239955254}
{"Coordinate":{"Latitude":35.7370887,"Longitude":139.5593326},"Nid":1551896960,"Wid":141955822}
{"Coordinate":{"Latitude":35.7383376,"Longitude":139.5596883},"Nid":1553862041,"Wid":141955822}
{"Coordinate":{"Latitude":35.7177255,"Longitude":139.5448686},"Nid":1608830730,"Wid":147681786}
{"Coordinate":{"Latitude":35.7257061,"Longitude":139.5804286},"Nid":1161704143,"Wid":100490661}
{"Coordinate":{"Latitude":35.7056771,"Longitude":139.555221},"Nid":1586633997,"Wid":147858874}
{"Coordinate":{"Latitude":35.7194456,"Longitude":139.5357158},"Nid":1626529058,"Wid":149705079}
{"Coordinate":{"Latitude":35.7052133,"Longitude":139.5532401},"Nid":1600790268,"Wid":146847621}
{"Coordinate":{"Latitude":35.7425151,"Longitude":139.5657865},"Nid":1199532777,"Wid":103925244}
{"Coordinate":{"Latitude":35.7423718,"Longitude":139.5658089},"Nid":1199532711,"Wid":103925244}
{"Coordinate":{"Latitude":35.7119868,"Longitude":139.5715114},"Nid":459451941,"Wid":38748026}
{"Coordinate":{"Latitude":35.712802,"Longitude":139.5693417},"Nid":554186575,"Wid":38748026}
{"Coordinate":{"Latitude":35.7079604,"Longitude":139.5278464},"Nid":1611613364,"Wid":148052808}
{"Coordinate":{"Latitude":35.7119644,"Longitude":139.5688891},"Nid":536666733,"Wid":145237002}
{"Coordinate":{"Latitude":35.7040043,"Longitude":139.5661397},"Nid":369672480,"Wid":145130477}
{"Coordinate":{"Latitude":35.7241271,"Longitude":139.5463832},"Nid":1551847573,"Wid":141774964}
{"Coordinate":{"Latitude":35.7162862,"Longitude":139.5513204},"Nid":1608814507,"Wid":148435694}
