{"Coordinate":{"Latitude":35.7235049,"Longitude":139.570167},"Nid":1311921127,"Wid":116358465}
{"Coordinate":{"Latitude":35.7234901,"Longitude":139.5677444},"Nid":479474231,"Wid":116358465}
{"Coordinate":{"Latitude":35.732852,"Longitude":139.544414},"Nid":1551894793,"Wid":141780844}
{"Coordinate":{"Latitude":35.7416432,"Longitude":139.5314299},"Nid":682898334,"Wid":54144464}
{"Coordinate":{"Latitude":35.7420222,"Longitude":139.5319701},"Nid":682898348,"Wid":141963825}
{"Coordinate":{"Latitude":35.7172043,"Longitude":139.5533296},"Nid":1586655158,"Wid":147676535}
{"Coordinate":{"Latitude":35.7251304,"Longitude":139.5379418},"Nid":1629231382,"Wid":149986379}
{"Coordinate":{"Latitude":35.7251967,"Longitude":139.5383407},"Nid":1629231389,"Wid":149986379}
{"Coordinate":{"Latitude":35.7357063,"Longitude":139.5454994},"Nid":-1769707840,"Wid":245303712}
{"Coordinate":{"Latitude":35.71283,"Longitude":139.5343369},"Nid":1551929172,"Wid":141782615}
{"Coordinate":{"Latitude":35.7127685,"Longitude":139.5349218},"Nid":1551929158,"Wid":141782615}
{"Coordinate":{"Latitude":35.7181074,"Longitude":139.5447935},"Nid":1624984853,"Wid":149530321}
{"Coordinate":{"Latitude":35.7394849,"Longitude":139.5477284},"Nid":734176316,"Wid":282899431}
{"Coordinate":{"Latitude":35.7343638,"Longitude":139.5473471},"Nid":1007093476,"Wid":282910509}
{"Coordinate":{"Latitude":35.7080815,"Longitude":139.5448127},"Nid":1586623244,"Wid":145230443}
{"Coordinate":{"Latitude":35.7080973,"Longitude":139.5441529},"Nid":1586623245,"Wid":145230443}
{"Coordinate":{"Latitude":35.7183242,"Longitude":139.5759108},"Nid":410471311,"Wid":34997188}
{"Coordinate":{"Latitude":35.722461,"Longitude":139.5556961},"Nid":1551847262,"Wid":141774898}
{"Coordinate":{"Latitude":35.7236481,"Longitude":139.5557657},"Nid":1551847444,"Wid":141774898}
{"Coordinate":{"Latitude":35.7442232,"Longitude":139.524075},"Nid":1339794838,"Wid":279941677}
{"Coordinate":{"Latitude":35.7042888,"Longitude":139.5753536},"Nid":1119871939,"Wid":33036472}
{"Coordinate":{"Latitude":35.7196607,"Longitude":139.5448521},"Nid":1551736247,"Wid":141759615}
{"Coordinate":{"Latitude":35.720349,"Longitude":139.5447227},"Nid":1551736517,"Wid":141759615}
{"Coordinate":{"Latitude":35.7116763,"Longitude":139.5302555},"Nid":735017790,"Wid":145228066}
{"Coordinate":{"Latitude":35.7131048,"Longitude":139.53683},"Nid":734949237,"Wid":59272257}
