{"Coordinate":{"Latitude":35.7172772,"Longitude":139.57498},"Nid":410119164,"Wid":145236059}
{"Coordinate":{"Latitude":35.7172772,"Longitude":139.57498},"Nid":410119164,"Wid":145236059}
{"Coordinate":{"Latitude":35.7170503,"Longitude":139.5753414},"Nid":475856454,"Wid":145236059}
{"Coordinate":{"Latitude":35.7163076,"Longitude":139.5763817},"Nid":475856434,"Wid":145236059}
{"Coordinate":{"Latitude":35.7163076,"Longitude":139.5763817},"Nid":475856434,"Wid":145236059}
{"Coordinate":{"Latitude":35.7156178,"Longitude":139.5773582},"Nid":419796709,"Wid":145236059}
{"Coordinate":{"Latitude":35.7156178,"Longitude":139.5773582},"Nid":419796709,"Wid":145236059}
{"Coordinate":{"Latitude":35.7255648,"Longitude":139.5332762},"Nid":687489225,"Wid":141782668}
{"Coordinate":{"Latitude":35.724682,"Longitude":139.533125},"Nid":1551804005,"Wid":141782668}
{"Coordinate":{"Latitude":35.7403601,"Longitude":139.547372},"Nid":1553862285,"Wid":141955715}
{"Coordinate":{"Latitude":35.7403767,"Longitude":139.5459134},"Nid":1078676816,"Wid":141955715}
{"Coordinate":{"Latitude":35.7431614,"Longitude":139.5599491},"Nid":1553836156,"Wid":141952378}
{"Coordinate":{"Latitude":35.7432205,"Longitude":139.5608843},"Nid":1553836161,"Wid":141952378}
{"Coordinate":{"Latitude":35.7398277,"Longitude":139.5590934},"Nid":1553835519,"Wid":141952502}
{"Coordinate":{"Latitude":35.7398767,"Longitude":139.5581691},"Nid":1553835537,"Wid":141952502}
{"Coordinate":{"Latitude":35.7322463,"Longitude":139.5724957},"Nid":-1426098530,"Wid":282952720}
{"Coordinate":{"Latitude":35.72185,"Longitude":139.5564805},"Nid":1586339495,"Wid":145201226}
{"Coordinate":{"Latitude":35.7400763,"Longitude":139.5525448},"Nid":1553835602,"Wid":141952478}
{"Coordinate":{"Latitude":35.7399297,"Longitude":139.551331},"Nid":1553835551,"Wid":141952478}
{"Coordinate":{"Latitude":35.7269766,"Longitude":139.5754226},"Nid":410119178,"Wid":149127444}
{"Coordinate":{"Latitude":35.7173858,"Longitude":139.5319894},"Nid":1618620609,"Wid":148789386}
{"Coordinate":{"Latitude":35.7128636,"Longitude":139.5469166},"Nid":1610000010,"Wid":147855686}
{"Coordinate":{"Latitude":35.7119399,"Longitude":139.5443601},"Nid":-1767938855,"Wid":727984329}
{"Coordinate":{"Latitude":35.7426228,"Longitude":139.5718506},"Nid":1311920320,"Wid":116358047}
{"Coordinate":{"Latitude":35.7429262,"Longitude":139.5719266},"Nid":1311926747,"Wid":116358047}
{"Coordinate":{"Latitude":35.7274048,"Longitude":139.562774},"Nid":1551848085,"Wid":141774980}
{"Coordinate":{"Latitude":35.728611,"Longitude":139.5613475},"Nid":1551848283,"Wid":141774980}
{"Coordinate":{"Latitude":35.7225559,"Longitude":139.5407898},"Nid":1651415447,"Wid":152314392}
{"Coordinate":{"Latitude":35.7283584,"Longitude":139.5223287},"Nid":733936905,"Wid":141764938}
{"Coordinate":{"Latitude":35.7180696,"Longitude":139.5419773},"Nid":1623748329,"Wid":149387578}
{"Coordinate":{"Latitude":35.718039,"Longitude":139.5412404},"Nid":-2118535457,"Wid":149387578}
{"Coordinate":{"Latitude":35.7300701,"Longitude":139.563178},"Nid":-1427220074,"Wid":282829885}
{"Coordinate":{"Latitude":35.7201175,"Longitude":139.54086},"Nid":1623748571,"Wid":149528774}
