{"Coordinate":{"Latitude":35.7235253,"Longitude":139.5595626},"Nid":1631131964,"Wid":150181343}
{"Coordinate":{"Latitude":35.7235798,"Longitude":139.5600888},"Nid":1631132011,"Wid":150181343}
{"Coordinate":{"Latitude":35.7229562,"Longitude":139.5405061},"Nid":1629231290,"Wid":152314381}
{"Coordinate":{"Latitude":35.7131914,"Longitude":139.5402171},"Nid":1650178011,"Wid":152181630}
{"Coordinate":{"Latitude":35.7133744,"Longitude":139.5398365},"Nid":1650178028,"Wid":152181630}
{"Coordinate":{"Latitude":35.7369268,"Longitude":139.5646451},"Nid":1551896914,"Wid":141780935}
{"Coordinate":{"Latitude":35.7369467,"Longitude":139.5651555},"Nid":684244891,"Wid":141780935}
{"Coordinate":{"Latitude":35.7369467,"Longitude":139.5651555},"Nid":684244891,"Wid":141780935}
{"Coordinate":{"Latitude":35.7132357,"Longitude":139.5462789},"Nid":1609989070,"Wid":147853307}
{"Coordinate":{"Latitude":35.7203936,"Longitude":139.5657814},"Nid":687495452,"Wid":775451351}
{"Coordinate":{"Latitude":35.7193032,"Longitude":139.5694237},"Nid":1586680889,"Wid":775451351}
{"Coordinate":{"Latitude":35.7063591,"Longitude":139.5234336},"Nid":1611613169,"Wid":206381386}
{"Coordinate":{"Latitude":35.7207352,"Longitude":139.5561696},"Nid":1615381401,"Wid":148431890}
{"Coordinate":{"Latitude":35.7209458,"Longitude":139.5567504},"Nid":1615381406,"Wid":148431890}
{"Coordinate":{"Latitude":35.7194248,"Longitude":139.5730878},"Nid":-1842359876,"Wid":562225705}
{"Coordinate":{"Latitude":35.7190395,"Longitude":139.5743037},"Nid":-1842359905,"Wid":562225705}
{"Coordinate":{"Latitude":35.7142828,"Longitude":139.5405962},"Nid":1551802715,"Wid":148319858}
{"Coordinate":{"Latitude":35.7135217,"Longitude":139.5432993},"Nid":-1632096668,"Wid":260722822}
{"Coordinate":{"Latitude":35.7172897,"Longitude":139.5525113},"Nid":1608796632,"Wid":145235461}
{"Coordinate":{"Latitude":35.7386261,"Longitude":139.5636649},"Nid":1553862182,"Wid":141955719}
{"Coordinate":{"Latitude":35.7388097,"Longitude":139.5620928},"Nid":1553862225,"Wid":141955719}
{"Coordinate":{"Latitude":35.7385925,"Longitude":139.5743926},"Nid":1311920449,"Wid":116358373}
{"Coordinate":{"Latitude":35.7380083,"Longitude":139.5736579},"Nid":1311921377,"Wid":116358373}
{"Coordinate":{"Latitude":35.7097665,"Longitude":139.5812232},"Nid":504928456,"Wid":330510157}
{"Coordinate":{"Latitude":35.7306273,"Longitude":139.5266766},"Nid":1850960330,"Wid":174398405}
{"Coordinate":{"Latitude":35.7329108,"Longitude":139.5724928},"Nid":1311920612,"Wid":116359040}
{"Coordinate":{"Latitude":35.7139574,"Longitude":139.5369115},"Nid":734949281,"Wid":141764974}
{"Coordinate":{"Latitude":35.7140015,"Longitude":139.5361938},"Nid":734949277,"Wid":141764974}
{"Coordinate":{"Latitude":35.7307086,"Longitude":139.5809019},"Nid":1480367046,"Wid":106337510}
{"Coordinate":{"Latitude":35.7093407,"Longitude":139.5359048},"Nid":735017736,"Wid":145129797}
{"Coordinate":{"Latitude":35.7301206,"Longitude":139.5621851},"Nid":1551893805,"Wid":141780941}
{"Coordinate":{"Latitude":35.7300701,"Longitude":139.563178},"Nid":-1427220074,"Wid":141780941}
{"Coordinate":{"Latitude":35.7192778,"Longitude":139.5344146},"Nid":1618631272,"Wid":148789553}
{"Coordinate":{"Latitude":35.7091514,"Longitude":139.5565592},"Nid":-2144799557,"Wid":742069275}
{"Coordinate":{"Latitude":35.7297474,"Longitude":139.5515332},"Nid":1551893654,"Wid":141780901}
{"Coordinate":{"Latitude":35.729805,"Longitude":139.5506},"Nid":1551893669,"Wid":141780901}
{"Coordinate":{"Latitude":35.7115873,"Longitude":139.5698807},"Nid":1586680604,"Wid":145236900}
{"Coordinate":{"Latitude":35.7120701,"Longitude":139.5778043},"Nid":419796694,"Wid":145237017}
