{"Coordinate":{"Latitude":35.7381763,"Longitude":139.5784126},"Nid":1223378321,"Wid":564397869}
{"Coordinate":{"Latitude":35.7187626,"Longitude":139.5347652},"Nid":687489217,"Wid":141764775}
{"Coordinate":{"Latitude":35.7191869,"Longitude":139.534802},"Nid":1551803014,"Wid":141764775}
{"Coordinate":{"Latitude":35.7313863,"Longitude":139.5452676},"Nid":1551894203,"Wid":141781028}
{"Coordinate":{"Latitude":35.7318742,"Longitude":139.5452782},"Nid":1551894412,"Wid":141781028}
{"Coordinate":{"Latitude":35.7071242,"Longitude":139.5217879},"Nid":-2131083930,"Wid":259680974}
{"Coordinate":{"Latitude":35.7352931,"Longitude":139.5542017},"Nid":1551896031,"Wid":36504137}
{"Coordinate":{"Latitude":35.7310971,"Longitude":139.5566098},"Nid":1551894121,"Wid":141781022}
{"Coordinate":{"Latitude":35.7320346,"Longitude":139.5569723},"Nid":1551894478,"Wid":141781022}
{"Coordinate":{"Latitude":35.7390456,"Longitude":139.5633703},"Nid":-1803102126,"Wid":284233352}
{"Coordinate":{"Latitude":35.7386261,"Longitude":139.5636649},"Nid":1553862182,"Wid":284233352}
{"Coordinate":{"Latitude":35.7247392,"Longitude":139.5372596},"Nid":1551804011,"Wid":149986319}
{"Coordinate":{"Latitude":35.7395499,"Longitude":139.5682388},"Nid":1311921747,"Wid":479291272}
{"Coordinate":{"Latitude":35.7226514,"Longitude":139.5623821},"Nid":1551847318,"Wid":141775170}
{"Coordinate":{"Latitude":35.7094506,"Longitude":139.5529658},"Nid":-1642697604,"Wid":742069272}
{"Coordinate":{"Latitude":35.7104975,"Longitude":139.5537202},"Nid":1610603335,"Wid":742069272}
{"Coordinate":{"Latitude":35.7132043,"Longitude":139.5760246},"Nid":459451950,"Wid":174614206}
{"Coordinate":{"Latitude":35.7178248,"Longitude":139.5765598},"Nid":410471313,"Wid":39687355}
{"Coordinate":{"Latitude":35.7190378,"Longitude":139.5771198},"Nid":475856439,"Wid":39687355}
{"Coordinate":{"Latitude":35.7093407,"Longitude":139.5359048},"Nid":735017736,"Wid":59277397}
{"Coordinate":{"Latitude":35.7089191,"Longitude":139.5729554},"Nid":1708290589,"Wid":158670829}
{"Coordinate":{"Latitude":35.711818,"Longitude":139.5243944},"Nid":1665765927,"Wid":153964938}
{"Coordinate":{"Latitude":35.7118159,"Longitude":139.52393},"Nid":1665765929,"Wid":153964938}
{"Coordinate":{"Latitude":35.7195037,"Longitude":139.5437752},"Nid":1551736235,"Wid":147778576}
{"Coordinate":{"Latitude":35.719286,"Longitude":139.5548042},"Nid":1615381255,"Wid":148431900}
{"Coordinate":{"Latitude":35.7193785,"Longitude":139.5560018},"Nid":1615381265,"Wid":148431875}
{"Coordinate":{"Latitude":35.735988,"Longitude":139.5622221},"Nid":1551896381,"Wid":141781019}
{"Coordinate":{"Latitude":35.7360203,"Longitude":139.5629614},"Nid":1551896393,"Wid":141781019}
{"Coordinate":{"Latitude":35.7412856,"Longitude":139.5659481},"Nid":1199532662,"Wid":141952433}
{"Coordinate":{"Latitude":35.7418169,"Longitude":139.5658876},"Nid":425344274,"Wid":141952433}
{"Coordinate":{"Latitude":35.7242974,"Longitude":139.5593873},"Nid":1551847618,"Wid":141774902}
{"Coordinate":{"Latitude":35.7224311,"Longitude":139.5446946},"Nid":1551803505,"Wid":152314396}
{"Coordinate":{"Latitude":35.7220021,"Longitude":139.5440939},"Nid":1651415425,"Wid":152314396}
{"Coordinate":{"Latitude":35.7134794,"Longitude":139.5380498},"Nid":1650178039,"Wid":152181622}
{"Coordinate":{"Latitude":35.7364344,"Longitude":139.5593704},"Nid":1551896644,"Wid":141780892}
{"Coordinate":{"Latitude":35.7153166,"Longitude":139.5643008},"Nid":1621355411,"Wid":149113410}
{"Coordinate":{"Latitude":35.718075,"Longitude":139.5455812},"Nid":1608830754,"Wid":147681794}
{"Coordinate":{"Latitude":35.7147572,"Longitude":139.5446907},"Nid":1723800086,"Wid":160332074}
{"Coordinate":{"Latitude":35.7217865,"Longitude":139.5333967},"Nid":1652820816,"Wid":152464563}
