{"Coordinate":{"Latitude":35.7137351,"Longitude":139.5380725},"Nid":1551929193,"Wid":152181623}
{"Coordinate":{"Latitude":35.7050292,"Longitude":139.5568986},"Nid":683867683,"Wid":161644135}
{"Coordinate":{"Latitude":35.732852,"Longitude":139.544414},"Nid":1551894793,"Wid":141781053}
{"Coordinate":{"Latitude":35.7319797,"Longitude":139.5443521},"Nid":1551894438,"Wid":141781053}
{"Coordinate":{"Latitude":35.7060201,"Longitude":139.5446401},"Nid":1612886661,"Wid":148183090}
{"Coordinate":{"Latitude":35.7375155,"Longitude":139.5225028},"Nid":827955191,"Wid":526892734}
{"Coordinate":{"Latitude":35.7131914,"Longitude":139.5402171},"Nid":1650178011,"Wid":152181633}
{"Coordinate":{"Latitude":35.7133744,"Longitude":139.5398365},"Nid":1650178028,"Wid":152181633}
{"Coordinate":{"Latitude":35.7387437,"Longitude":139.5686073},"Nid":1311922206,"Wid":116359250}
{"Coordinate":{"Latitude":35.7396759,"Longitude":139.5690509},"Nid":-2034148175,"Wid":116359250}
{"Coordinate":{"Latitude":35.72449,"Longitude":139.53006},"Nid":1551803988,"Wid":141765327}
{"Coordinate":{"Latitude":35.7171906,"Longitude":139.5390117},"Nid":1618654628,"Wid":148789930}
{"Coordinate":{"Latitude":35.7174292,"Longitude":139.5390843},"Nid":1618654678,"Wid":148789930}
{"Coordinate":{"Latitude":35.7046565,"Longitude":139.5643153},"Nid":393724344,"Wid":34322459}
{"Coordinate":{"Latitude":35.7174292,"Longitude":139.5390843},"Nid":1618654678,"Wid":148789936}
{"Coordinate":{"Latitude":35.7182442,"Longitude":139.5451429},"Nid":1551735944,"Wid":141759528}
{"Coordinate":{"Latitude":35.7360209,"Longitude":139.5682069},"Nid":-1426343344,"Wid":657174448}
{"Coordinate":{"Latitude":35.7353506,"Longitude":139.5691941},"Nid":1311927325,"Wid":134676930}
{"Coordinate":{"Latitude":35.7374474,"Longitude":139.5696691},"Nid":1311920529,"Wid":134676930}
{"Coordinate":{"Latitude":35.742797,"Longitude":139.555726},"Nid":1553836084,"Wid":284233337}
{"Coordinate":{"Latitude":35.7096887,"Longitude":139.5441728},"Nid":1611617736,"Wid":148052370}
{"Coordinate":{"Latitude":35.7098652,"Longitude":139.5440784},"Nid":1611617775,"Wid":148052370}
{"Coordinate":{"Latitude":35.7212654,"Longitude":139.5384409},"Nid":-2014117167,"Wid":398634341}
{"Coordinate":{"Latitude":35.7171569,"Longitude":139.5523554},"Nid":1610042015,"Wid":147857331}
{"Coordinate":{"Latitude":35.721733,"Longitude":139.5546049},"Nid":1551736901,"Wid":141759524}
{"Coordinate":{"Latitude":35.723045,"Longitude":139.5546439},"Nid":1631131816,"Wid":150181324}
{"Coordinate":{"Latitude":35.7147893,"Longitude":139.5290097},"Nid":-1528233539,"Wid":271727703}
{"Coordinate":{"Latitude":35.725921,"Longitude":139.5369617},"Nid":734896339,"Wid":141765268}
{"Coordinate":{"Latitude":35.7250788,"Longitude":139.5377297},"Nid":1551804018,"Wid":141765268}
{"Coordinate":{"Latitude":35.7071427,"Longitude":139.5222249},"Nid":-2131083928,"Wid":206381404}
