{"Coordinate":{"Latitude":35.728315,"Longitude":139.5728353},"Nid":1311926577,"Wid":116357611}
{"Coordinate":{"Latitude":35.7069714,"Longitude":139.5353159},"Nid":735017662,"Wid":155373715}
{"Coordinate":{"Latitude":35.7069833,"Longitude":139.5341633},"Nid":735017636,"Wid":155373715}
{"Coordinate":{"Latitude":35.7069833,"Longitude":139.5341633},"Nid":735017636,"Wid":155373715}
{"Coordinate":{"Latitude":35.7262528,"Longitude":139.529013},"Nid":734880114,"Wid":141765242}
{"Coordinate":{"Latitude":35.7120217,"Longitude":139.5322207},"Nid":735017821,"Wid":145230232}
{"Coordinate":{"Latitude":35.7102864,"Longitude":139.5362774},"Nid":1650160770,"Wid":152180729}
{"Coordinate":{"Latitude":35.7108504,"Longitude":139.5366044},"Nid":735017767,"Wid":152180729}
{"Coordinate":{"Latitude":35.7200025,"Longitude":139.5354049},"Nid":1626529074,"Wid":149705048}
{"Coordinate":{"Latitude":35.7272612,"Longitude":139.5704733},"Nid":1311921222,"Wid":116358383}
{"Coordinate":{"Latitude":35.7272612,"Longitude":139.5704733},"Nid":1311921222,"Wid":116358383}
{"Coordinate":{"Latitude":35.7279363,"Longitude":139.5711667},"Nid":1311926618,"Wid":116358383}
{"Coordinate":{"Latitude":35.7070124,"Longitude":139.5488534},"Nid":1611666936,"Wid":148057778}
{"Coordinate":{"Latitude":35.7228464,"Longitude":139.5517616},"Nid":1551737014,"Wid":141774866}
{"Coordinate":{"Latitude":35.7115504,"Longitude":139.5486579},"Nid":1611618002,"Wid":147855676}
{"Coordinate":{"Latitude":35.7190755,"Longitude":139.5615042},"Nid":1586655193,"Wid":750327569}
{"Coordinate":{"Latitude":35.7431295,"Longitude":139.5214542},"Nid":-2107097418,"Wid":119178518}
{"Coordinate":{"Latitude":35.7183811,"Longitude":139.536251},"Nid":1007093518,"Wid":548851156}
{"Coordinate":{"Latitude":35.7183811,"Longitude":139.536251},"Nid":1007093518,"Wid":548851156}
{"Coordinate":{"Latitude":35.7388639,"Longitude":139.5683866},"Nid":1311928391,"Wid":637951852}
{"Coordinate":{"Latitude":35.7199585,"Longitude":139.5712564},"Nid":-1842359913,"Wid":237347747}
{"Coordinate":{"Latitude":35.7174081,"Longitude":139.552644},"Nid":778224339,"Wid":145235449}
{"Coordinate":{"Latitude":35.7235316,"Longitude":139.538754},"Nid":734896385,"Wid":141764780}
{"Coordinate":{"Latitude":35.7251776,"Longitude":139.5390167},"Nid":734896407,"Wid":141764780}
{"Coordinate":{"Latitude":35.7421201,"Longitude":139.5714637},"Nid":1311922959,"Wid":116358616}
{"Coordinate":{"Latitude":35.7391916,"Longitude":139.5493749},"Nid":1553835456,"Wid":141955738}
{"Coordinate":{"Latitude":35.7219233,"Longitude":139.5266597},"Nid":-1547907429,"Wid":269499098}
{"Coordinate":{"Latitude":35.7109996,"Longitude":139.5418839},"Nid":1610041708,"Wid":147857321}
{"Coordinate":{"Latitude":35.7274048,"Longitude":139.562774},"Nid":1551848085,"Wid":141774933}
{"Coordinate":{"Latitude":35.7406748,"Longitude":139.5683102},"Nid":1311923053,"Wid":116357820}
{"Coordinate":{"Latitude":35.7405647,"Longitude":139.5691906},"Nid":1311922689,"Wid":116357820}
{"Coordinate":{"Latitude":35.7349354,"Longitude":139.5339821},"Nid":1553901384,"Wid":141963981}
{"Coordinate":{"Latitude":35.7349174,"Longitude":139.5328019},"Nid":1553901380,"Wid":141963981}
